{"type":"FeatureCollection","metadata":{"source":"© OpenStreetMap contributors, ODbL","osm_timestamp":"2026-10-06T21:12:28Z"},"features":[{"type":"Feature","geometry":{"type":"Point","coordinates":[24.5093365,46.5090418]},"properties":{"id":"n2386796485","label":"","label_key":null,"entrance":"yes","building_id":null,"link":null,"dist_m":null,"housenumber":null,"wheelchair":null,"tags":{"entrance":"yes"}}},{"type":"Feature","geometry":{"type":"Point","coordinates":[24.5090746,46.509292]},"properties":{"id":"n2386796497","label":"","label_key":null,"entrance":"yes","building_id":null,"link":null,"dist_m":null,"housenumber":null,"wheelchair":null,"tags":{"entrance":"yes"}}},{"type":"Feature","geometry":{"type":"Point","coordinates":[24.50964,46.5088819]},"properties":{"id":"n11672420798","label":"","label_key":null,"entrance":"yes","building_id":null,"link":null,"dist_m":null,"housenumber":null,"wheelchair":null,"tags":{"entrance":"yes"}}},{"type":"Feature","geometry":{"type":"Point","coordinates":[24.5112432,46.5098142]},"properties":{"id":"n2386796511","label":"","label_key":null,"entrance":"yes","building_id":null,"link":null,"dist_m":null,"housenumber":null,"wheelchair":null,"tags":{"entrance":"yes"}}},{"type":"Feature","geometry":{"type":"Point","coordinates":[24.5119426,46.5101596]},"properties":{"id":"n2386796520","label":"","label_key":null,"entrance":"yes","building_id":null,"link":null,"dist_m":null,"housenumber":null,"wheelchair":null,"tags":{"entrance":"yes"}}},{"type":"Feature","geometry":{"type":"Point","coordinates":[24.5127886,46.5105799]},"properties":{"id":"n2386796529","label":"","label_key":null,"entrance":"yes","building_id":null,"link":null,"dist_m":null,"housenumber":null,"wheelchair":null,"tags":{"entrance":"yes"}}},{"type":"Feature","geometry":{"type":"Point","coordinates":[24.5182726,46.5131369]},"properties":{"id":"n1915699770","label":"","label_key":null,"entrance":"yes","building_id":"w23866121","link":"outline","dist_m":0.0,"housenumber":null,"wheelchair":null,"tags":{"entrance":"yes"}}},{"type":"Feature","geometry":{"type":"Point","coordinates":[24.5250983,46.5183503]},"properties":{"id":"n2112072803","label":"","label_key":null,"entrance":"yes","building_id":null,"link":null,"dist_m":null,"housenumber":null,"wheelchair":null,"tags":{"entrance":"yes"}}},{"type":"Feature","geometry":{"type":"Point","coordinates":[24.525345,46.5184706]},"properties":{"id":"n2112072806","label":"","label_key":null,"entrance":"yes","building_id":null,"link":null,"dist_m":null,"housenumber":null,"wheelchair":null,"tags":{"entrance":"yes"}}},{"type":"Feature","geometry":{"type":"Point","coordinates":[24.4717752,46.5553963]},"properties":{"id":"n9090903512","label":"","label_key":null,"entrance":"yes","building_id":null,"link":null,"dist_m":null,"housenumber":null,"wheelchair":null,"tags":{"entrance":"yes"}}},{"type":"Feature","geometry":{"type":"Point","coordinates":[24.5265294,46.5232882]},"properties":{"id":"n2068508955","label":"","label_key":null,"entrance":"yes","building_id":null,"link":null,"dist_m":null,"housenumber":null,"wheelchair":null,"tags":{"entrance":"yes"}}},{"type":"Feature","geometry":{"type":"Point","coordinates":[24.5294223,46.5219112]},"properties":{"id":"n2646445484","label":"nr. 58","label_key":"addr:housenumber","entrance":"yes","building_id":"w93253027","link":"outline","dist_m":0.0,"housenumber":"58","wheelchair":null,"tags":{"addr:city":"Târgu Mureș","addr:housenumber":"58","addr:postcode":"540225","addr:street":"Strada Rozmarinului","entrance":"yes"}}},{"type":"Feature","geometry":{"type":"Point","coordinates":[24.5297939,46.5221708]},"properties":{"id":"n2646445526","label":"nr. 56","label_key":"addr:housenumber","entrance":"yes","building_id":"w93253027","link":"outline","dist_m":0.0,"housenumber":"56","wheelchair":null,"tags":{"addr:city":"Târgu Mureș","addr:housenumber":"56","addr:postcode":"540225","addr:street":"Strada Rozmarinului","entrance":"yes"}}},{"type":"Feature","geometry":{"type":"Point","coordinates":[24.5299998,46.5222205]},"properties":{"id":"n2646445533","label":"nr. 54","label_key":"addr:housenumber","entrance":"yes","building_id":"w93253078","link":"outline","dist_m":0.0,"housenumber":"54","wheelchair":null,"tags":{"addr:city":"Târgu Mureș","addr:housenumber":"54","addr:postcode":"540225","addr:street":"Strada Rozmarinului","entrance":"yes"}}},{"type":"Feature","geometry":{"type":"Point","coordinates":[24.5303719,46.5224785]},"properties":{"id":"n2646445574","label":"nr. 52","label_key":"addr:housenumber","entrance":"yes","building_id":"w93253078","link":"outline","dist_m":0.0,"housenumber":"52","wheelchair":null,"tags":{"addr:city":"Târgu Mureș","addr:housenumber":"52","addr:postcode":"540225","addr:street":"Strada Rozmarinului","entrance":"yes"}}},{"type":"Feature","geometry":{"type":"Point","coordinates":[24.5305972,46.5225193]},"properties":{"id":"n2646445586","label":"nr. 50","label_key":"addr:housenumber","entrance":"yes","building_id":"w93252872","link":"outline","dist_m":0.0,"housenumber":"50","wheelchair":null,"tags":{"addr:city":"Târgu Mureș","addr:housenumber":"50","addr:postcode":"540225","addr:street":"Strada Rozmarinului","entrance":"yes"}}},{"type":"Feature","geometry":{"type":"Point","coordinates":[24.5309826,46.5227695]},"properties":{"id":"n2646445617","label":"nr. 48","label_key":"addr:housenumber","entrance":"yes","building_id":"w93252872","link":"outline","dist_m":0.0,"housenumber":"48","wheelchair":null,"tags":{"addr:city":"Târgu Mureș","addr:housenumber":"48","addr:postcode":"540225","addr:street":"Strada Rozmarinului","entrance":"yes"}}},{"type":"Feature","geometry":{"type":"Point","coordinates":[24.5311795,46.522806]},"properties":{"id":"n2646445621","label":"nr. 46","label_key":"addr:housenumber","entrance":"yes","building_id":"w93252999","link":"outline","dist_m":0.0,"housenumber":"46","wheelchair":null,"tags":{"addr:city":"Târgu Mureș","addr:housenumber":"46","addr:postcode":"540225","addr:street":"Strada Rozmarinului","entrance":"yes"}}},{"type":"Feature","geometry":{"type":"Point","coordinates":[24.5315627,46.5230612]},"properties":{"id":"n2646445674","label":"nr. 44","label_key":"addr:housenumber","entrance":"yes","building_id":"w93252999","link":"outline","dist_m":0.0,"housenumber":"44","wheelchair":null,"tags":{"addr:city":"Târgu Mureș","addr:housenumber":"44","addr:postcode":"540225","addr:street":"Strada Rozmarinului","entrance":"yes"}}},{"type":"Feature","geometry":{"type":"Point","coordinates":[24.5365085,46.5213135]},"properties":{"id":"n7660926612","label":"nr. 32B","label_key":"addr:housenumber","entrance":"yes","building_id":"w102608403","link":"outline","dist_m":0.0,"housenumber":"32B","wheelchair":null,"tags":{"addr:city":"Târgu Mureș","addr:housenumber":"32B","addr:street":"Strada Hunedoara","entrance":"yes"}}},{"type":"Feature","geometry":{"type":"Point","coordinates":[24.5331408,46.5222372]},"properties":{"id":"n10081691983","label":"","label_key":null,"entrance":"yes","building_id":"w1101694355","link":"outline","dist_m":0.0,"housenumber":null,"wheelchair":null,"tags":{"entrance":"yes"}}},{"type":"Feature","geometry":{"type":"Point","coordinates":[24.5334238,46.5222105]},"properties":{"id":"n10081691988","label":"","label_key":null,"entrance":"yes","building_id":"w102608452","link":"outline","dist_m":0.0,"housenumber":null,"wheelchair":null,"tags":{"entrance":"yes"}}},{"type":"Feature","geometry":{"type":"Point","coordinates":[24.5346863,46.5244673]},"properties":{"id":"n13463777144","label":"nr. 22","label_key":"addr:housenumber","entrance":"yes","building_id":"w93252929","link":"outline","dist_m":0.0,"housenumber":"22","wheelchair":null,"tags":{"addr:city":"Târgu Mureș","addr:housenumber":"22","addr:postcode":"540214","addr:street":"Strada Rozmarinului","entrance":"yes"}}},{"type":"Feature","geometry":{"type":"Point","coordinates":[24.5343599,46.5247481]},"properties":{"id":"n13463777145","label":"nr. 24","label_key":"addr:housenumber","entrance":"yes","building_id":"w93252929","link":"outline","dist_m":0.0,"housenumber":"24","wheelchair":null,"tags":{"addr:city":"Târgu Mureș","addr:housenumber":"24","addr:postcode":"540214","addr:street":"Strada Rozmarinului","entrance":"yes"}}},{"type":"Feature","geometry":{"type":"Point","coordinates":[24.5346768,46.5249163]},"properties":{"id":"n13463777146","label":"nr. 20","label_key":"addr:housenumber","entrance":"yes","building_id":"w93252877","link":"outline","dist_m":0.0,"housenumber":"20","wheelchair":null,"tags":{"addr:city":"Târgu Mureș","addr:housenumber":"20","addr:postcode":"540214","addr:street":"Strada Rozmarinului","entrance":"yes"}}},{"type":"Feature","geometry":{"type":"Point","coordinates":[24.5350017,46.5246348]},"properties":{"id":"n13463777147","label":"nr. 18","label_key":"addr:housenumber","entrance":"yes","building_id":"w93252877","link":"outline","dist_m":0.0,"housenumber":"18","wheelchair":null,"tags":{"addr:city":"Târgu Mureș","addr:housenumber":"18","addr:postcode":"540214","addr:street":"Strada Rozmarinului","entrance":"yes"}}},{"type":"Feature","geometry":{"type":"Point","coordinates":[24.5355249,46.5248905]},"properties":{"id":"n13463777148","label":"nr. 14","label_key":"addr:housenumber","entrance":"yes","building_id":"w93252963","link":"outline","dist_m":0.0,"housenumber":"14","wheelchair":null,"tags":{"addr:city":"Târgu Mureș","addr:housenumber":"14","addr:postcode":"540214","addr:street":"Strada Rozmarinului","entrance":"yes"}}},{"type":"Feature","geometry":{"type":"Point","coordinates":[24.5352111,46.5251773]},"properties":{"id":"n13463777149","label":"nr. 16","label_key":"addr:housenumber","entrance":"yes","building_id":"w93252963","link":"outline","dist_m":0.0,"housenumber":"16","wheelchair":null,"tags":{"addr:city":"Târgu Mureș","addr:housenumber":"16","addr:postcode":"540214","addr:street":"Strada Rozmarinului","entrance":"yes"}}},{"type":"Feature","geometry":{"type":"Point","coordinates":[24.535877,46.5250652]},"properties":{"id":"n13463777150","label":"nr. 10","label_key":"addr:housenumber","entrance":"yes","building_id":"w93253003","link":"outline","dist_m":0.0,"housenumber":"10","wheelchair":null,"tags":{"addr:city":"Târgu Mureș","addr:housenumber":"10","addr:postcode":"540214","addr:street":"Strada Rozmarinului","entrance":"yes"}}},{"type":"Feature","geometry":{"type":"Point","coordinates":[24.5355595,46.52535]},"properties":{"id":"n13463777151","label":"nr. 12","label_key":"addr:housenumber","entrance":"yes","building_id":"w93253003","link":"outline","dist_m":0.0,"housenumber":"12","wheelchair":null,"tags":{"addr:city":"Târgu Mureș","addr:housenumber":"12","addr:postcode":"540214","addr:street":"Strada Rozmarinului","entrance":"yes"}}},{"type":"Feature","geometry":{"type":"Point","coordinates":[24.5364128,46.5253252]},"properties":{"id":"n13463777152","label":"nr. 6","label_key":"addr:housenumber","entrance":"yes","building_id":"w93253090","link":"outline","dist_m":0.0,"housenumber":"6","wheelchair":null,"tags":{"addr:city":"Târgu Mureș","addr:housenumber":"6","addr:postcode":"540210","addr:street":"Strada Rozmarinului","entrance":"yes"}}},{"type":"Feature","geometry":{"type":"Point","coordinates":[24.5360901,46.5256076]},"properties":{"id":"n13463777153","label":"nr. 8","label_key":"addr:housenumber","entrance":"yes","building_id":"w93253090","link":"outline","dist_m":0.0,"housenumber":"8","wheelchair":null,"tags":{"addr:city":"Târgu Mureș","addr:housenumber":"8","addr:postcode":"540210","addr:street":"Strada Rozmarinului","entrance":"yes"}}},{"type":"Feature","geometry":{"type":"Point","coordinates":[24.5364503,46.5257866]},"properties":{"id":"n13463777155","label":"nr. 4","label_key":"addr:housenumber","entrance":"yes","building_id":"w93253032","link":"outline","dist_m":0.0,"housenumber":"4","wheelchair":null,"tags":{"addr:city":"Târgu Mureș","addr:housenumber":"4","addr:postcode":"540210","addr:street":"Strada Rozmarinului","entrance":"yes"}}},{"type":"Feature","geometry":{"type":"Point","coordinates":[24.5344246,46.5220985]},"properties":{"id":"n13464171827","label":"nr. 2B","label_key":"addr:housenumber","entrance":"yes","building_id":"w102608434","link":"outline","dist_m":0.0,"housenumber":"2B","wheelchair":null,"tags":{"addr:city":"Târgu Mureș","addr:housenumber":"2B","addr:postcode":"540214","addr:street":"Strada Reșița","entrance":"yes"}}},{"type":"Feature","geometry":{"type":"Point","coordinates":[24.5345991,46.5223105]},"properties":{"id":"n13464171828","label":"nr. 2A","label_key":"addr:housenumber","entrance":"yes","building_id":"w102608434","link":"outline","dist_m":0.0,"housenumber":"2A","wheelchair":null,"tags":{"addr:city":"Târgu Mureș","addr:housenumber":"2A","addr:postcode":"540214","addr:street":"Strada Reșița","entrance":"yes"}}},{"type":"Feature","geometry":{"type":"Point","coordinates":[24.5347569,46.5217794]},"properties":{"id":"n13464171829","label":"nr. 6B","label_key":"addr:housenumber","entrance":"yes","building_id":"w102608299","link":"outline","dist_m":0.0,"housenumber":"6B","wheelchair":null,"tags":{"addr:city":"Târgu Mureș","addr:housenumber":"6B","addr:postcode":"540214","addr:street":"Strada Reșița","entrance":"yes"}}},{"type":"Feature","geometry":{"type":"Point","coordinates":[24.5349308,46.5219919]},"properties":{"id":"n13464171830","label":"nr. 6A","label_key":"addr:housenumber","entrance":"yes","building_id":"w102608299","link":"outline","dist_m":0.0,"housenumber":"6A","wheelchair":null,"tags":{"addr:city":"Târgu Mureș","addr:housenumber":"6A","addr:postcode":"540214","addr:street":"Strada Reșița","entrance":"yes"}}},{"type":"Feature","geometry":{"type":"Point","coordinates":[24.535277,46.5216549]},"properties":{"id":"n13464171832","label":"nr. 8A","label_key":"addr:housenumber","entrance":"yes","building_id":"w102608496","link":"outline","dist_m":0.0,"housenumber":"8A","wheelchair":null,"tags":{"addr:city":"Târgu Mureș","addr:housenumber":"8A","addr:postcode":"540214","addr:street":"Strada Reșița","entrance":"yes"}}},{"type":"Feature","geometry":{"type":"Point","coordinates":[24.5351016,46.5214438]},"properties":{"id":"n13464171834","label":"nr. 8B","label_key":"addr:housenumber","entrance":"yes","building_id":"w102608496","link":"outline","dist_m":0.0,"housenumber":"8B","wheelchair":null,"tags":{"addr:city":"Târgu Mureș","addr:housenumber":"8B","addr:postcode":"540214","addr:street":"Strada Reșița","entrance":"yes"}}},{"type":"Feature","geometry":{"type":"Point","coordinates":[24.5348042,46.5277439]},"properties":{"id":"n2068509777","label":"","label_key":null,"entrance":"yes","building_id":null,"link":null,"dist_m":null,"housenumber":null,"wheelchair":null,"tags":{"entrance":"yes"}}},{"type":"Feature","geometry":{"type":"Point","coordinates":[24.5366062,46.5439359]},"properties":{"id":"n2300004437","label":"","label_key":"addr:housenumber","entrance":"main","building_id":"w198052460","link":"outline","dist_m":0.0,"housenumber":"36","wheelchair":null,"tags":{"addr:city":"Târgu Mureș","addr:housenumber":"36","addr:postcode":"540337","addr:street":"Strada Ady Endre","door":"yes","entrance":"main"},"redundant":true}},{"type":"Feature","geometry":{"type":"Point","coordinates":[24.5421416,46.5265454]},"properties":{"id":"n2046494117","label":"","label_key":null,"entrance":"yes","building_id":"w90028874","link":"outline","dist_m":0.0,"housenumber":null,"wheelchair":null,"tags":{"entrance":"yes"}}},{"type":"Feature","geometry":{"type":"Point","coordinates":[24.53674,46.5214284]},"properties":{"id":"n7660873923","label":"nr. 32A","label_key":"addr:housenumber","entrance":"yes","building_id":"w102608403","link":"outline","dist_m":0.0,"housenumber":"32A","wheelchair":null,"tags":{"addr:city":"Târgu Mureș","addr:housenumber":"32A","addr:street":"Strada Hunedoara","entrance":"yes"}}},{"type":"Feature","geometry":{"type":"Point","coordinates":[24.5385357,46.5248734]},"properties":{"id":"n9887325119","label":"","label_key":null,"entrance":"main","building_id":"w90028611","link":"outline","dist_m":0.0,"housenumber":null,"wheelchair":null,"tags":{"entrance":"main"}}},{"type":"Feature","geometry":{"type":"Point","coordinates":[24.5380324,46.5246213]},"properties":{"id":"n9887325121","label":"","label_key":null,"entrance":"yes","building_id":"w90028611","link":"outline","dist_m":0.0,"housenumber":null,"wheelchair":null,"tags":{"entrance":"yes"}}},{"type":"Feature","geometry":{"type":"Point","coordinates":[24.5367609,46.5254985]},"properties":{"id":"n13463777154","label":"nr. 2","label_key":"addr:housenumber","entrance":"yes","building_id":"w93253032","link":"outline","dist_m":0.0,"housenumber":"2","wheelchair":null,"tags":{"addr:city":"Târgu Mureș","addr:housenumber":"2","addr:postcode":"540210","addr:street":"Strada Rozmarinului","entrance":"yes"}}},{"type":"Feature","geometry":{"type":"Point","coordinates":[24.5438768,46.5264815]},"properties":{"id":"n2060256040","label":"","label_key":null,"entrance":"yes","building_id":"w23167278","link":"outline","dist_m":0.0,"housenumber":null,"wheelchair":null,"tags":{"entrance":"yes"}}},{"type":"Feature","geometry":{"type":"Point","coordinates":[24.5379506,46.5300874]},"properties":{"id":"n12593125023","label":"","label_key":null,"entrance":"main","building_id":"w1099729938","link":"outline","dist_m":0.0,"housenumber":null,"wheelchair":null,"tags":{"addr:city":"Târgu Mureș","addr:street":"Strada Băneasa","door":"yes","entrance":"main"}}},{"type":"Feature","geometry":{"type":"Point","coordinates":[24.5382066,46.5302497]},"properties":{"id":"n12593125025","label":"","label_key":null,"entrance":"main","building_id":"w1099729939","link":"outline","dist_m":0.0,"housenumber":null,"wheelchair":null,"tags":{"addr:city":"Târgu Mureș","addr:street":"Strada Băneasa","door":"yes","entrance":"main"}}},{"type":"Feature","geometry":{"type":"Point","coordinates":[24.5385224,46.5303935]},"properties":{"id":"n12593125028","label":"","label_key":null,"entrance":"main","building_id":"w1099729937","link":"outline","dist_m":0.0,"housenumber":null,"wheelchair":null,"tags":{"addr:city":"Târgu Mureș","addr:street":"Strada Băneasa","door":"yes","entrance":"main"}}},{"type":"Feature","geometry":{"type":"Point","coordinates":[24.5466846,46.5305474]},"properties":{"id":"n1835881286","label":"","label_key":null,"entrance":"yes","building_id":"w90430089","link":"outline","dist_m":0.0,"housenumber":null,"wheelchair":null,"tags":{"entrance":"yes"}}},{"type":"Feature","geometry":{"type":"Point","coordinates":[24.5472034,46.5296889]},"properties":{"id":"n4157506682","label":"","label_key":null,"entrance":"yes","building_id":null,"link":null,"dist_m":null,"housenumber":null,"wheelchair":null,"tags":{"entrance":"yes"}}},{"type":"Feature","geometry":{"type":"Point","coordinates":[24.5470766,46.5298018]},"properties":{"id":"n4157506685","label":"","label_key":null,"entrance":"yes","building_id":null,"link":null,"dist_m":null,"housenumber":null,"wheelchair":null,"tags":{"entrance":"yes"}}},{"type":"Feature","geometry":{"type":"Point","coordinates":[24.5460251,46.5302193]},"properties":{"id":"n4157507101","label":"","label_key":null,"entrance":"yes","building_id":"w90430089","link":"nearest","dist_m":46.9,"housenumber":null,"wheelchair":null,"tags":{"entrance":"yes"}}},{"type":"Feature","geometry":{"type":"Point","coordinates":[24.5461601,46.5295862]},"properties":{"id":"n4177052112","label":"","label_key":null,"entrance":"yes","building_id":"w90430084","link":"nearest","dist_m":21.7,"housenumber":null,"wheelchair":null,"tags":{"entrance":"yes"}}},{"type":"Feature","geometry":{"type":"Point","coordinates":[24.5459265,46.5297971]},"properties":{"id":"n4177052113","label":"","label_key":null,"entrance":"yes","building_id":null,"link":null,"dist_m":null,"housenumber":null,"wheelchair":null,"tags":{"entrance":"yes"}}},{"type":"Feature","geometry":{"type":"Point","coordinates":[24.5457889,46.5299236]},"properties":{"id":"n4177052114","label":"","label_key":null,"entrance":"yes","building_id":null,"link":null,"dist_m":null,"housenumber":null,"wheelchair":null,"tags":{"entrance":"yes"}}},{"type":"Feature","geometry":{"type":"Point","coordinates":[24.5460814,46.5296498]},"properties":{"id":"n4394672568","label":"","label_key":null,"entrance":"yes","building_id":"w90430084","link":"nearest","dist_m":30.9,"housenumber":null,"wheelchair":null,"tags":{"entrance":"yes"}}},{"type":"Feature","geometry":{"type":"Point","coordinates":[24.5460105,46.5297194]},"properties":{"id":"n4394672569","label":"","label_key":null,"entrance":"yes","building_id":"w90430084","link":"nearest","dist_m":40.3,"housenumber":null,"wheelchair":null,"tags":{"entrance":"yes"}}},{"type":"Feature","geometry":{"type":"Point","coordinates":[24.5458591,46.5301378]},"properties":{"id":"n4394672570","label":"","label_key":null,"entrance":"yes","building_id":null,"link":null,"dist_m":null,"housenumber":null,"wheelchair":null,"tags":{"entrance":"yes"}}},{"type":"Feature","geometry":{"type":"Point","coordinates":[24.546176,46.5302933]},"properties":{"id":"n4394672571","label":"","label_key":null,"entrance":"yes","building_id":"w90430089","link":"nearest","dist_m":32.7,"housenumber":null,"wheelchair":null,"tags":{"entrance":"yes"}}},{"type":"Feature","geometry":{"type":"Point","coordinates":[24.5462846,46.5303466]},"properties":{"id":"n4394672572","label":"","label_key":null,"entrance":"yes","building_id":"w90430089","link":"nearest","dist_m":22.5,"housenumber":null,"wheelchair":null,"tags":{"entrance":"yes"}}},{"type":"Feature","geometry":{"type":"Point","coordinates":[24.5463945,46.5304005]},"properties":{"id":"n4394672573","label":"","label_key":null,"entrance":"yes","building_id":"w90430089","link":"nearest","dist_m":12.2,"housenumber":null,"wheelchair":null,"tags":{"entrance":"yes"}}},{"type":"Feature","geometry":{"type":"Point","coordinates":[24.5568882,46.5267084]},"properties":{"id":"n2300101831","label":"","label_key":null,"entrance":"yes","building_id":"w89717993","link":"outline","dist_m":0.0,"housenumber":null,"wheelchair":null,"tags":{"entrance":"yes"}}},{"type":"Feature","geometry":{"type":"Point","coordinates":[24.5570668,46.5268552]},"properties":{"id":"n2300101835","label":"","label_key":null,"entrance":"yes","building_id":"w89717993","link":"outline","dist_m":0.0,"housenumber":null,"wheelchair":null,"tags":{"entrance":"yes"}}},{"type":"Feature","geometry":{"type":"Point","coordinates":[24.5535203,46.5318491]},"properties":{"id":"n966143969","label":"","label_key":null,"entrance":"yes","building_id":"w225698613","link":"outline","dist_m":0.0,"housenumber":null,"wheelchair":null,"tags":{"entrance":"yes"}}},{"type":"Feature","geometry":{"type":"Point","coordinates":[24.553149,46.5315434]},"properties":{"id":"n966143980","label":"","label_key":null,"entrance":"yes","building_id":"w89664591","link":"outline","dist_m":0.0,"housenumber":null,"wheelchair":null,"tags":{"entrance":"yes"}}},{"type":"Feature","geometry":{"type":"Point","coordinates":[24.5532425,46.531812]},"properties":{"id":"n2038165935","label":"","label_key":null,"entrance":"yes","building_id":"w89666055","link":"outline","dist_m":0.0,"housenumber":null,"wheelchair":null,"tags":{"entrance":"yes"}}},{"type":"Feature","geometry":{"type":"Point","coordinates":[24.5563163,46.5312404]},"properties":{"id":"n2038177257","label":"nr. 44","label_key":"addr:housenumber","entrance":"yes","building_id":"w89664344","link":"outline","dist_m":0.0,"housenumber":"44","wheelchair":null,"tags":{"addr:city":"Târgu Mureș","addr:housenumber":"44","addr:postcode":"540429","addr:street":"Bulevardul 1848","entrance":"yes"}}},{"type":"Feature","geometry":{"type":"Point","coordinates":[24.5548073,46.5315748]},"properties":{"id":"n2085571398","label":"","label_key":null,"entrance":"yes","building_id":"w89666036","link":"outline","dist_m":0.0,"housenumber":null,"wheelchair":null,"tags":{"entrance":"yes"}}},{"type":"Feature","geometry":{"type":"Point","coordinates":[24.5551906,46.5315179]},"properties":{"id":"n2085571454","label":"","label_key":null,"entrance":"yes","building_id":"w223180799","link":"outline","dist_m":0.0,"housenumber":null,"wheelchair":null,"tags":{"entrance":"yes"}}},{"type":"Feature","geometry":{"type":"Point","coordinates":[24.5563176,46.5320206]},"properties":{"id":"n2085571490","label":"","label_key":null,"entrance":"yes","building_id":"w89666232","link":"outline","dist_m":0.0,"housenumber":null,"wheelchair":null,"tags":{"entrance":"yes"}}},{"type":"Feature","geometry":{"type":"Point","coordinates":[24.5552436,46.5313194]},"properties":{"id":"n2085571528","label":"","label_key":null,"entrance":"yes","building_id":"w89666034","link":"outline","dist_m":0.0,"housenumber":null,"wheelchair":null,"tags":{"entrance":"yes"}}},{"type":"Feature","geometry":{"type":"Point","coordinates":[24.555665,46.5312351]},"properties":{"id":"n2085571576","label":"","label_key":null,"entrance":"yes","building_id":"w89666227","link":"outline","dist_m":0.0,"housenumber":null,"wheelchair":null,"tags":{"entrance":"yes"}}},{"type":"Feature","geometry":{"type":"Point","coordinates":[24.5560184,46.5315919]},"properties":{"id":"n2085571613","label":"","label_key":null,"entrance":"yes","building_id":"w89666224","link":"outline","dist_m":0.0,"housenumber":null,"wheelchair":null,"tags":{"entrance":"yes"}}},{"type":"Feature","geometry":{"type":"Point","coordinates":[24.5562907,46.5317551]},"properties":{"id":"n2085571690","label":"","label_key":null,"entrance":"yes","building_id":"w89666225","link":"outline","dist_m":0.0,"housenumber":null,"wheelchair":null,"tags":{"entrance":"yes"}}},{"type":"Feature","geometry":{"type":"Point","coordinates":[24.5559127,46.5318127]},"properties":{"id":"n2085571724","label":"","label_key":null,"entrance":"yes","building_id":"w89666047","link":"outline","dist_m":0.0,"housenumber":null,"wheelchair":null,"tags":{"entrance":"yes"}}},{"type":"Feature","geometry":{"type":"Point","coordinates":[24.5556345,46.5316329]},"properties":{"id":"n2085571759","label":"","label_key":null,"entrance":"yes","building_id":"w89666041","link":"outline","dist_m":0.0,"housenumber":null,"wheelchair":null,"tags":{"entrance":"yes"}}},{"type":"Feature","geometry":{"type":"Point","coordinates":[24.555576,46.531832]},"properties":{"id":"n2085571792","label":"","label_key":null,"entrance":"yes","building_id":"w223180800","link":"outline","dist_m":0.0,"housenumber":null,"wheelchair":null,"tags":{"entrance":"yes"}}},{"type":"Feature","geometry":{"type":"Point","coordinates":[24.5558541,46.5319987]},"properties":{"id":"n2085571818","label":"","label_key":null,"entrance":"yes","building_id":"w223180801","link":"outline","dist_m":0.0,"housenumber":null,"wheelchair":null,"tags":{"entrance":"yes"}}},{"type":"Feature","geometry":{"type":"Point","coordinates":[24.5554643,46.5320608]},"properties":{"id":"n2085571880","label":"","label_key":null,"entrance":"yes","building_id":"w89666050","link":"outline","dist_m":0.0,"housenumber":null,"wheelchair":null,"tags":{"entrance":"yes"}}},{"type":"Feature","geometry":{"type":"Point","coordinates":[24.5554053,46.5322503]},"properties":{"id":"n2085571897","label":"","label_key":null,"entrance":"yes","building_id":"w223180802","link":"outline","dist_m":0.0,"housenumber":null,"wheelchair":null,"tags":{"entrance":"yes"}}},{"type":"Feature","geometry":{"type":"Point","coordinates":[24.5551969,46.5318952]},"properties":{"id":"n2085571916","label":"","label_key":null,"entrance":"yes","building_id":"w89666038","link":"outline","dist_m":0.0,"housenumber":null,"wheelchair":null,"tags":{"entrance":"yes"}}},{"type":"Feature","geometry":{"type":"Point","coordinates":[24.5551364,46.5320858]},"properties":{"id":"n2085571935","label":"","label_key":null,"entrance":"yes","building_id":"w223180803","link":"outline","dist_m":0.0,"housenumber":null,"wheelchair":null,"tags":{"entrance":"yes"}}},{"type":"Feature","geometry":{"type":"Point","coordinates":[24.5547559,46.5317665]},"properties":{"id":"n2085572280","label":"","label_key":null,"entrance":"yes","building_id":"w223180804","link":"outline","dist_m":0.0,"housenumber":null,"wheelchair":null,"tags":{"entrance":"yes"}}},{"type":"Feature","geometry":{"type":"Point","coordinates":[24.5557211,46.5273879]},"properties":{"id":"n2300101838","label":"","label_key":null,"entrance":"yes","building_id":"w89718030","link":"outline","dist_m":0.0,"housenumber":null,"wheelchair":null,"tags":{"entrance":"yes"}}},{"type":"Feature","geometry":{"type":"Point","coordinates":[24.5558985,46.5275338]},"properties":{"id":"n2300101841","label":"","label_key":null,"entrance":"yes","building_id":"w89718030","link":"outline","dist_m":0.0,"housenumber":null,"wheelchair":null,"tags":{"entrance":"yes"}}},{"type":"Feature","geometry":{"type":"Point","coordinates":[24.5561007,46.5321466]},"properties":{"id":"n2321086732","label":"","label_key":null,"entrance":"yes","building_id":"w89666232","link":"outline","dist_m":0.0,"housenumber":null,"wheelchair":null,"tags":{"entrance":"yes"}}},{"type":"Feature","geometry":{"type":"Point","coordinates":[24.5558838,46.5322726]},"properties":{"id":"n2321086758","label":"","label_key":null,"entrance":"yes","building_id":"w89666232","link":"outline","dist_m":0.0,"housenumber":null,"wheelchair":null,"tags":{"entrance":"yes"}}},{"type":"Feature","geometry":{"type":"Point","coordinates":[24.5556669,46.5323986]},"properties":{"id":"n2321086767","label":"","label_key":null,"entrance":"yes","building_id":"w89666232","link":"outline","dist_m":0.0,"housenumber":null,"wheelchair":null,"tags":{"entrance":"yes"}}},{"type":"Feature","geometry":{"type":"Point","coordinates":[24.5519209,46.5333409]},"properties":{"id":"n9104278335","label":"Sc. C","label_key":"ref","entrance":"staircase","building_id":"w89659348","link":"nearest","dist_m":44.0,"housenumber":null,"wheelchair":null,"tags":{"entrance":"staircase","ref":"C"}}},{"type":"Feature","geometry":{"type":"Point","coordinates":[24.5521383,46.5334769]},"properties":{"id":"n9104278336","label":"Sc. B","label_key":"ref","entrance":"staircase","building_id":"w89659393","link":"nearest","dist_m":45.1,"housenumber":null,"wheelchair":null,"tags":{"entrance":"staircase","ref":"B"}}},{"type":"Feature","geometry":{"type":"Point","coordinates":[24.5523567,46.533614]},"properties":{"id":"n9104278337","label":"Sc. A","label_key":"ref","entrance":"staircase","building_id":"w89659393","link":"nearest","dist_m":22.8,"housenumber":null,"wheelchair":null,"tags":{"entrance":"staircase","ref":"A"}}},{"type":"Feature","geometry":{"type":"Point","coordinates":[24.5578253,46.5331142]},"properties":{"id":"n1260283749","label":"","label_key":null,"entrance":"yes","building_id":"w89664372","link":"nearest","dist_m":32.3,"housenumber":null,"wheelchair":null,"tags":{"entrance":"yes"}}},{"type":"Feature","geometry":{"type":"Point","coordinates":[24.5622137,46.5315151]},"properties":{"id":"n1342207373","label":"nr. 60","label_key":"addr:housenumber","entrance":"yes","building_id":null,"link":null,"dist_m":null,"housenumber":"60","wheelchair":null,"tags":{"addr:city":"Târgu Mureș","addr:housenumber":"60","addr:street":"Strada Parângului","entrance":"yes"}}},{"type":"Feature","geometry":{"type":"Point","coordinates":[24.5624275,46.5313915]},"properties":{"id":"n1342207378","label":"nr. 58","label_key":"addr:housenumber","entrance":"yes","building_id":null,"link":null,"dist_m":null,"housenumber":"58","wheelchair":null,"tags":{"addr:city":"Târgu Mureș","addr:housenumber":"58","addr:street":"Strada Parângului","entrance":"yes"}}},{"type":"Feature","geometry":{"type":"Point","coordinates":[24.5616096,46.5337157]},"properties":{"id":"n1787490782","label":"nr. 2","label_key":"addr:housenumber","entrance":"yes","building_id":null,"link":null,"dist_m":null,"housenumber":"2","wheelchair":null,"tags":{"addr:city":"Târgu Mureș","addr:housenumber":"2","addr:street":"Strada Măgurei","entrance":"yes"}}},{"type":"Feature","geometry":{"type":"Point","coordinates":[24.5626784,46.5326275]},"properties":{"id":"n1787490789","label":"nr. 35","label_key":"addr:housenumber","entrance":"yes","building_id":null,"link":null,"dist_m":null,"housenumber":"35","wheelchair":null,"tags":{"addr:city":"Târgu Mureș","addr:housenumber":"35","addr:street":"Strada Parângului","entrance":"yes"}}},{"type":"Feature","geometry":{"type":"Point","coordinates":[24.5628595,46.5325241]},"properties":{"id":"n1787490794","label":"nr. 37","label_key":"addr:housenumber","entrance":"yes","building_id":null,"link":null,"dist_m":null,"housenumber":"37","wheelchair":null,"tags":{"addr:city":"Târgu Mureș","addr:housenumber":"37","addr:street":"Strada Parângului","entrance":"yes"}}},{"type":"Feature","geometry":{"type":"Point","coordinates":[24.561768,46.5338449]},"properties":{"id":"n1787490809","label":"nr. 4","label_key":"addr:housenumber","entrance":"yes","building_id":null,"link":null,"dist_m":null,"housenumber":"4","wheelchair":null,"tags":{"addr:city":"Târgu Mureș","addr:housenumber":"4","addr:street":"Strada Măgurei","entrance":"yes"}}},{"type":"Feature","geometry":{"type":"Point","coordinates":[24.562725,46.5318256]},"properties":{"id":"n1787490820","label":"","label_key":null,"entrance":"yes","building_id":"w89702647","link":"outline","dist_m":0.0,"housenumber":null,"wheelchair":null,"tags":{"entrance":"yes"}}},{"type":"Feature","geometry":{"type":"Point","coordinates":[24.5622493,46.5320938]},"properties":{"id":"n1787490828","label":"","label_key":null,"entrance":"yes","building_id":"w89702446","link":"outline","dist_m":0.0,"housenumber":null,"wheelchair":null,"tags":{"entrance":"yes"}}},{"type":"Feature","geometry":{"type":"Point","coordinates":[24.5624405,46.532091]},"properties":{"id":"n1787490831","label":"","label_key":null,"entrance":"yes","building_id":"w89702513","link":"outline","dist_m":0.0,"housenumber":null,"wheelchair":null,"tags":{"entrance":"yes"}}},{"type":"Feature","geometry":{"type":"Point","coordinates":[24.5618811,46.532306]},"properties":{"id":"n1787490849","label":"","label_key":null,"entrance":"yes","building_id":"w89702451","link":"outline","dist_m":0.0,"housenumber":null,"wheelchair":null,"tags":{"entrance":"yes"}}},{"type":"Feature","geometry":{"type":"Point","coordinates":[24.562075,46.5323031]},"properties":{"id":"n1787490852","label":"","label_key":null,"entrance":"yes","building_id":"w89702518","link":"outline","dist_m":0.0,"housenumber":null,"wheelchair":null,"tags":{"entrance":"yes"}}},{"type":"Feature","geometry":{"type":"Point","coordinates":[24.5625776,46.5323645]},"properties":{"id":"n1787490862","label":"","label_key":null,"entrance":"yes","building_id":"w89702495","link":"outline","dist_m":0.0,"housenumber":null,"wheelchair":null,"tags":{"entrance":"yes"}}},{"type":"Feature","geometry":{"type":"Point","coordinates":[24.5615136,46.5325228]},"properties":{"id":"n1787490874","label":"","label_key":null,"entrance":"yes","building_id":"w89702399","link":"outline","dist_m":0.0,"housenumber":null,"wheelchair":null,"tags":{"entrance":"yes"}}},{"type":"Feature","geometry":{"type":"Point","coordinates":[24.5617044,46.5325163]},"properties":{"id":"n1787490879","label":"","label_key":null,"entrance":"yes","building_id":"w89702460","link":"outline","dist_m":0.0,"housenumber":null,"wheelchair":null,"tags":{"entrance":"yes"}}},{"type":"Feature","geometry":{"type":"Point","coordinates":[24.5622126,46.5325776]},"properties":{"id":"n1787490887","label":"","label_key":null,"entrance":"yes","building_id":"w89702557","link":"outline","dist_m":0.0,"housenumber":null,"wheelchair":null,"tags":{"entrance":"yes"}}},{"type":"Feature","geometry":{"type":"Point","coordinates":[24.5613349,46.532726]},"properties":{"id":"n1787490904","label":"","label_key":null,"entrance":"yes","building_id":"w89702404","link":"outline","dist_m":0.0,"housenumber":null,"wheelchair":null,"tags":{"entrance":"yes"}}},{"type":"Feature","geometry":{"type":"Point","coordinates":[24.5611461,46.5327389]},"properties":{"id":"n1787490908","label":"","label_key":null,"entrance":"yes","building_id":"w89702547","link":"outline","dist_m":0.0,"housenumber":null,"wheelchair":null,"tags":{"entrance":"yes"}}},{"type":"Feature","geometry":{"type":"Point","coordinates":[24.5618416,46.5327898]},"properties":{"id":"n1787490912","label":"","label_key":null,"entrance":"yes","building_id":"w89702491","link":"outline","dist_m":0.0,"housenumber":null,"wheelchair":null,"tags":{"entrance":"yes"}}},{"type":"Feature","geometry":{"type":"Point","coordinates":[24.5614721,46.5329995]},"properties":{"id":"n1787490919","label":"","label_key":null,"entrance":"yes","building_id":"w89702437","link":"outline","dist_m":0.0,"housenumber":null,"wheelchair":null,"tags":{"entrance":"yes"}}},{"type":"Feature","geometry":{"type":"Point","coordinates":[24.5619249,46.5316979]},"properties":{"id":"n1802607322","label":"nr. 62","label_key":"addr:housenumber","entrance":"yes","building_id":null,"link":null,"dist_m":null,"housenumber":"62","wheelchair":null,"tags":{"addr:city":"Târgu Mureș","addr:housenumber":"62","addr:street":"Strada Parângului","entrance":"yes"}}},{"type":"Feature","geometry":{"type":"Point","coordinates":[24.561741,46.5315473]},"properties":{"id":"n1802607334","label":"nr. 64","label_key":"addr:housenumber","entrance":"yes","building_id":null,"link":null,"dist_m":null,"housenumber":"64","wheelchair":null,"tags":{"addr:city":"Târgu Mureș","addr:housenumber":"64","addr:street":"Strada Parângului","entrance":"yes"}}},{"type":"Feature","geometry":{"type":"Point","coordinates":[24.5615468,46.5319216]},"properties":{"id":"n1835889858","label":"nr. 66","label_key":"addr:housenumber","entrance":"yes","building_id":null,"link":null,"dist_m":null,"housenumber":"66","wheelchair":null,"tags":{"addr:city":"Târgu Mureș","addr:housenumber":"66","addr:street":"Strada Parângului","entrance":"yes"}}},{"type":"Feature","geometry":{"type":"Point","coordinates":[24.5613629,46.5317709]},"properties":{"id":"n1835889859","label":"nr. 68","label_key":"addr:housenumber","entrance":"yes","building_id":null,"link":null,"dist_m":null,"housenumber":"68","wheelchair":null,"tags":{"addr:city":"Târgu Mureș","addr:housenumber":"68","addr:street":"Strada Parângului","entrance":"yes"}}},{"type":"Feature","geometry":{"type":"Point","coordinates":[24.5613825,46.5320182]},"properties":{"id":"n1835889860","label":"nr. 70","label_key":"addr:housenumber","entrance":"yes","building_id":null,"link":null,"dist_m":null,"housenumber":"70","wheelchair":null,"tags":{"addr:city":"Târgu Mureș","addr:housenumber":"70","addr:street":"Strada Parângului","entrance":"yes"}}},{"type":"Feature","geometry":{"type":"Point","coordinates":[24.5611986,46.5318675]},"properties":{"id":"n1835889861","label":"nr. 72","label_key":"addr:housenumber","entrance":"yes","building_id":null,"link":null,"dist_m":null,"housenumber":"72","wheelchair":null,"tags":{"addr:city":"Târgu Mureș","addr:housenumber":"72","addr:street":"Strada Parângului","entrance":"yes"}}},{"type":"Feature","geometry":{"type":"Point","coordinates":[24.5565098,46.5313249]},"properties":{"id":"n2038177246","label":"nr. 42","label_key":"addr:housenumber","entrance":"yes","building_id":"w89664344","link":"nearest","dist_m":0.0,"housenumber":"42","wheelchair":null,"tags":{"addr:city":"Târgu Mureș","addr:housenumber":"42","addr:postcode":"540429","addr:street":"Bulevardul 1848","entrance":"yes"}}},{"type":"Feature","geometry":{"type":"Point","coordinates":[24.556619,46.5314152]},"properties":{"id":"n2038177247","label":"nr. 40","label_key":"addr:housenumber","entrance":"yes","building_id":"w89664344","link":"outline","dist_m":0.0,"housenumber":"40","wheelchair":null,"tags":{"addr:city":"Târgu Mureș","addr:housenumber":"40","addr:postcode":"540429","addr:street":"Bulevardul 1848","entrance":"yes"}}},{"type":"Feature","geometry":{"type":"Point","coordinates":[24.5568312,46.5315916]},"properties":{"id":"n2038177248","label":"nr. 38","label_key":"addr:housenumber","entrance":"yes","building_id":"w89664344","link":"nearest","dist_m":0.0,"housenumber":"38","wheelchair":null,"tags":{"addr:city":"Târgu Mureș","addr:housenumber":"38","addr:postcode":"540429","addr:street":"Bulevardul 1848","entrance":"yes"}}},{"type":"Feature","geometry":{"type":"Point","coordinates":[24.5569438,46.5316849]},"properties":{"id":"n2038177252","label":"nr. 36","label_key":"addr:housenumber","entrance":"yes","building_id":"w89664344","link":"outline","dist_m":0.0,"housenumber":"36","wheelchair":null,"tags":{"addr:city":"Târgu Mureș","addr:housenumber":"36","addr:postcode":"540429","addr:street":"Bulevardul 1848","entrance":"yes"}}},{"type":"Feature","geometry":{"type":"Point","coordinates":[24.5571863,46.5318862]},"properties":{"id":"n2038177253","label":"nr. 34","label_key":"addr:housenumber","entrance":"yes","building_id":"w89664344","link":"outline","dist_m":0.0,"housenumber":"34","wheelchair":null,"tags":{"addr:city":"Târgu Mureș","addr:housenumber":"34","addr:postcode":"540429","addr:street":"Bulevardul 1848","entrance":"yes"}}},{"type":"Feature","geometry":{"type":"Point","coordinates":[24.557338,46.5320916]},"properties":{"id":"n2038177255","label":"nr. 30","label_key":"addr:housenumber","entrance":"yes","building_id":"w89664344","link":"outline","dist_m":0.0,"housenumber":"30","wheelchair":null,"tags":{"addr:city":"Târgu Mureș","addr:housenumber":"30","addr:postcode":"540429","addr:street":"Bulevardul 1848","entrance":"yes"}}},{"type":"Feature","geometry":{"type":"Point","coordinates":[24.5572848,46.5319679]},"properties":{"id":"n2038177260","label":"nr. 32","label_key":"addr:housenumber","entrance":"yes","building_id":"w89664344","link":"outline","dist_m":0.0,"housenumber":"32","wheelchair":null,"tags":{"addr:city":"Târgu Mureș","addr:housenumber":"32","addr:postcode":"540429","addr:street":"Bulevardul 1848","entrance":"yes"}}},{"type":"Feature","geometry":{"type":"Point","coordinates":[24.5579015,46.5325653]},"properties":{"id":"n2038180340","label":"nr. 26","label_key":"addr:housenumber","entrance":"yes","building_id":"w89664392","link":"outline","dist_m":0.0,"housenumber":"26","wheelchair":null,"tags":{"addr:city":"Târgu Mureș","addr:housenumber":"26","addr:postcode":"540429","addr:street":"Bulevardul 1848","entrance":"yes"}}},{"type":"Feature","geometry":{"type":"Point","coordinates":[24.559346,46.5336336]},"properties":{"id":"n2038180341","label":"nr. 20C","label_key":"addr:housenumber","entrance":"yes","building_id":"w253158112","link":"outline","dist_m":0.0,"housenumber":"20C","wheelchair":null,"tags":{"addr:city":"Târgu Mureș","addr:housenumber":"20C","addr:postcode":"540429","addr:street":"Bulevardul 1848","entrance":"yes"}}},{"type":"Feature","geometry":{"type":"Point","coordinates":[24.558447,46.5330241]},"properties":{"id":"n2038180342","label":"nr. 22","label_key":"addr:housenumber","entrance":"yes","building_id":"w89664372","link":"outline","dist_m":0.0,"housenumber":"22","wheelchair":null,"tags":{"addr:city":"Târgu Mureș","addr:housenumber":"22","addr:postcode":"540429","addr:street":"Bulevardul 1848","entrance":"yes"}}},{"type":"Feature","geometry":{"type":"Point","coordinates":[24.5592448,46.5334166]},"properties":{"id":"n2038180343","label":"nr. 20D","label_key":"addr:housenumber","entrance":"yes","building_id":"w89664462","link":"outline","dist_m":0.0,"housenumber":"20D","wheelchair":null,"tags":{"addr:city":"Târgu Mureș","addr:housenumber":"20D","addr:postcode":"540429","addr:street":"Bulevardul 1848","entrance":"yes"}}},{"type":"Feature","geometry":{"type":"Point","coordinates":[24.5576202,46.5324127]},"properties":{"id":"n2038180344","label":"nr. 28","label_key":"addr:housenumber","entrance":"yes","building_id":"w89664392","link":"outline","dist_m":0.0,"housenumber":"28","wheelchair":null,"tags":{"addr:city":"Târgu Mureș","addr:housenumber":"28","addr:postcode":"540429","addr:street":"Bulevardul 1848","entrance":"yes"}}},{"type":"Feature","geometry":{"type":"Point","coordinates":[24.5581623,46.5328566]},"properties":{"id":"n2038180345","label":"nr. 24","label_key":"addr:housenumber","entrance":"yes","building_id":"w89664372","link":"outline","dist_m":0.0,"housenumber":"24","wheelchair":null,"tags":{"addr:city":"Târgu Mureș","addr:housenumber":"24","addr:postcode":"540429","addr:street":"Bulevardul 1848","entrance":"yes"}}},{"type":"Feature","geometry":{"type":"Point","coordinates":[24.559083,46.5332444]},"properties":{"id":"n2038180348","label":"nr. 20E","label_key":"addr:housenumber","entrance":"yes","building_id":"w89664462","link":"outline","dist_m":0.0,"housenumber":"20E","wheelchair":null,"tags":{"addr:city":"Târgu Mureș","addr:housenumber":"20E","addr:postcode":"540429","addr:street":"Bulevardul 1848","entrance":"yes"}}},{"type":"Feature","geometry":{"type":"Point","coordinates":[24.5597396,46.5325541]},"properties":{"id":"n2038211560","label":"nr. 11","label_key":"addr:housenumber","entrance":"yes","building_id":null,"link":null,"dist_m":null,"housenumber":"11","wheelchair":null,"tags":{"addr:city":"Târgu Mureș","addr:housenumber":"11","addr:postcode":"540374","addr:street":"Bulevardul 1848","entrance":"yes"}}},{"type":"Feature","geometry":{"type":"Point","coordinates":[24.5595364,46.5323862]},"properties":{"id":"n2038211561","label":"","label_key":"addr:housenumber","entrance":"yes","building_id":"w253641255","link":"nearest","dist_m":23.8,"housenumber":"13","wheelchair":null,"tags":{"addr:city":"Târgu Mureș","addr:housenumber":"13","addr:postcode":"540374","addr:street":"Bulevardul 1848","entrance":"yes"},"redundant":true}},{"type":"Feature","geometry":{"type":"Point","coordinates":[24.5582814,46.5312607]},"properties":{"id":"n2038222802","label":"nr. 27","label_key":"addr:housenumber","entrance":"yes","building_id":null,"link":null,"dist_m":null,"housenumber":"27","wheelchair":null,"tags":{"addr:city":"Târgu Mureș","addr:housenumber":"27","addr:postcode":"540375","addr:street":"Bulevardul 1848","entrance":"yes"}}},{"type":"Feature","geometry":{"type":"Point","coordinates":[24.5576672,46.5310966]},"properties":{"id":"n2038222809","label":"nr. 29","label_key":"addr:housenumber","entrance":"yes","building_id":null,"link":null,"dist_m":null,"housenumber":"29","wheelchair":null,"tags":{"addr:city":"Târgu Mureș","addr:housenumber":"29","addr:postcode":"540375","addr:street":"Bulevardul 1848","entrance":"yes"}}},{"type":"Feature","geometry":{"type":"Point","coordinates":[24.5576546,46.5307444]},"properties":{"id":"n2038222813","label":"nr. 35","label_key":"addr:housenumber","entrance":"yes","building_id":null,"link":null,"dist_m":null,"housenumber":"35","wheelchair":null,"tags":{"addr:city":"Târgu Mureș","addr:housenumber":"35","addr:postcode":"540405","addr:street":"Bulevardul 1848","entrance":"yes"}}},{"type":"Feature","geometry":{"type":"Point","coordinates":[24.5580376,46.5314009]},"properties":{"id":"n2038222817","label":"nr. 25","label_key":"addr:housenumber","entrance":"yes","building_id":null,"link":null,"dist_m":null,"housenumber":"25","wheelchair":null,"tags":{"addr:city":"Târgu Mureș","addr:housenumber":"25","addr:postcode":"540375","addr:street":"Bulevardul 1848","entrance":"yes"}}},{"type":"Feature","geometry":{"type":"Point","coordinates":[24.5579132,46.5309561]},"properties":{"id":"n2038222823","label":"nr. 31","label_key":"addr:housenumber","entrance":"yes","building_id":null,"link":null,"dist_m":null,"housenumber":"31","wheelchair":null,"tags":{"addr:city":"Târgu Mureș","addr:housenumber":"31","addr:postcode":"540375","addr:street":"Bulevardul 1848","entrance":"yes"}}},{"type":"Feature","geometry":{"type":"Point","coordinates":[24.5574107,46.5308849]},"properties":{"id":"n2038222824","label":"nr. 33","label_key":"addr:housenumber","entrance":"yes","building_id":null,"link":null,"dist_m":null,"housenumber":"33","wheelchair":null,"tags":{"addr:city":"Târgu Mureș","addr:housenumber":"33","addr:postcode":"540405","addr:street":"Bulevardul 1848","entrance":"yes"}}},{"type":"Feature","geometry":{"type":"Point","coordinates":[24.5567237,46.5326669]},"properties":{"id":"n2085571421","label":"","label_key":null,"entrance":"yes","building_id":"w167585261","link":"outline","dist_m":0.0,"housenumber":null,"wheelchair":null,"tags":{"entrance":"yes"}}},{"type":"Feature","geometry":{"type":"Point","coordinates":[24.5567882,46.5322772]},"properties":{"id":"n2085571451","label":"","label_key":null,"entrance":"yes","building_id":"w89666228","link":"outline","dist_m":0.0,"housenumber":null,"wheelchair":null,"tags":{"entrance":"yes"}}},{"type":"Feature","geometry":{"type":"Point","coordinates":[24.5608298,46.5337865]},"properties":{"id":"n2085601732","label":"","label_key":null,"entrance":"yes","building_id":"w89702586","link":"outline","dist_m":0.0,"housenumber":null,"wheelchair":null,"tags":{"entrance":"yes"}}},{"type":"Feature","geometry":{"type":"Point","coordinates":[24.5609881,46.5336007]},"properties":{"id":"n2085601759","label":"","label_key":null,"entrance":"yes","building_id":"w89702537","link":"outline","dist_m":0.0,"housenumber":null,"wheelchair":null,"tags":{"entrance":"yes"}}},{"type":"Feature","geometry":{"type":"Point","coordinates":[24.5611469,46.5334215]},"properties":{"id":"n2085601775","label":"","label_key":null,"entrance":"yes","building_id":"w89702550","link":"outline","dist_m":0.0,"housenumber":null,"wheelchair":null,"tags":{"entrance":"yes"}}},{"type":"Feature","geometry":{"type":"Point","coordinates":[24.5622162,46.5332436]},"properties":{"id":"n2085601784","label":"nr. 27","label_key":"addr:housenumber","entrance":"yes","building_id":null,"link":null,"dist_m":null,"housenumber":"27","wheelchair":null,"tags":{"addr:city":"Târgu Mureș","addr:housenumber":"27","addr:street":"Strada Parângului","entrance":"yes"}}},{"type":"Feature","geometry":{"type":"Point","coordinates":[24.5608664,46.5332006]},"properties":{"id":"n2085601789","label":"","label_key":null,"entrance":"yes","building_id":"w89702582","link":"outline","dist_m":0.0,"housenumber":null,"wheelchair":null,"tags":{"entrance":"yes"}}},{"type":"Feature","geometry":{"type":"Point","coordinates":[24.5623989,46.5331397]},"properties":{"id":"n2085601798","label":"nr. 29","label_key":"addr:housenumber","entrance":"yes","building_id":null,"link":null,"dist_m":null,"housenumber":"29","wheelchair":null,"tags":{"addr:city":"Târgu Mureș","addr:housenumber":"29","addr:street":"Strada Parângului","entrance":"yes"}}},{"type":"Feature","geometry":{"type":"Point","coordinates":[24.5627009,46.5330491]},"properties":{"id":"n2085601846","label":"nr. 31","label_key":"addr:housenumber","entrance":"yes","building_id":null,"link":null,"dist_m":null,"housenumber":"31","wheelchair":null,"tags":{"addr:city":"Târgu Mureș","addr:housenumber":"31","addr:street":"Strada Parângului","entrance":"yes"}}},{"type":"Feature","geometry":{"type":"Point","coordinates":[24.562544,46.5329191]},"properties":{"id":"n2085601866","label":"nr. 33","label_key":"addr:housenumber","entrance":"yes","building_id":null,"link":null,"dist_m":null,"housenumber":"33","wheelchair":null,"tags":{"addr:city":"Târgu Mureș","addr:housenumber":"33","addr:street":"Strada Parângului","entrance":"yes"}}},{"type":"Feature","geometry":{"type":"Point","coordinates":[24.5586191,46.5294857]},"properties":{"id":"n2300101791","label":"nr. 28","label_key":"addr:housenumber","entrance":"yes","building_id":null,"link":null,"dist_m":null,"housenumber":"28","wheelchair":null,"tags":{"addr:city":"Târgu Mureș","addr:housenumber":"28","addr:postcode":"540408","addr:street":"Strada Ion Buteanu","entrance":"yes"}}},{"type":"Feature","geometry":{"type":"Point","coordinates":[24.5584432,46.5293381]},"properties":{"id":"n2300101796","label":"nr. 26","label_key":"addr:housenumber","entrance":"yes","building_id":null,"link":null,"dist_m":null,"housenumber":"26","wheelchair":null,"tags":{"addr:city":"Târgu Mureș","addr:housenumber":"26","addr:postcode":"540408","addr:street":"Strada Ion Buteanu","entrance":"yes"}}},{"type":"Feature","geometry":{"type":"Point","coordinates":[24.5581997,46.5291314]},"properties":{"id":"n2300101799","label":"nr. 24","label_key":"addr:housenumber","entrance":"yes","building_id":null,"link":null,"dist_m":null,"housenumber":"24","wheelchair":null,"tags":{"addr:city":"Târgu Mureș","addr:housenumber":"24","addr:postcode":"540408","addr:street":"Strada Ion Buteanu","entrance":"yes"}}},{"type":"Feature","geometry":{"type":"Point","coordinates":[24.5578433,46.5299382]},"properties":{"id":"n2300101803","label":"nr. 2","label_key":"addr:housenumber","entrance":"yes","building_id":null,"link":null,"dist_m":null,"housenumber":"2","wheelchair":null,"tags":{"addr:city":"Târgu Mureș","addr:housenumber":"2","addr:street":"Strada Ion Buteanu","entrance":"yes"}}},{"type":"Feature","geometry":{"type":"Point","coordinates":[24.5594378,46.5290088]},"properties":{"id":"n2300101807","label":"nr. 2","label_key":"addr:housenumber","entrance":"yes","building_id":null,"link":null,"dist_m":null,"housenumber":"2","wheelchair":null,"tags":{"addr:city":"Târgu Mureș","addr:housenumber":"2","addr:street":"Strada Petru Dobra","entrance":"yes"}}},{"type":"Feature","geometry":{"type":"Point","coordinates":[24.5576661,46.5297894]},"properties":{"id":"n2300101810","label":"nr. 4","label_key":"addr:housenumber","entrance":"yes","building_id":null,"link":null,"dist_m":null,"housenumber":"4","wheelchair":null,"tags":{"addr:city":"Târgu Mureș","addr:housenumber":"4","addr:street":"Strada Ion Buteanu","entrance":"yes"}}},{"type":"Feature","geometry":{"type":"Point","coordinates":[24.5592694,46.5288664]},"properties":{"id":"n2300101814","label":"nr. 4","label_key":"addr:housenumber","entrance":"yes","building_id":null,"link":null,"dist_m":null,"housenumber":"4","wheelchair":null,"tags":{"addr:city":"Târgu Mureș","addr:housenumber":"4","addr:street":"Strada Petru Dobra","entrance":"yes"}}},{"type":"Feature","geometry":{"type":"Point","coordinates":[24.5574232,46.5295831]},"properties":{"id":"n2300101818","label":"nr. 6","label_key":"addr:housenumber","entrance":"yes","building_id":null,"link":null,"dist_m":null,"housenumber":"6","wheelchair":null,"tags":{"addr:city":"Târgu Mureș","addr:housenumber":"6","addr:street":"Strada Ion Buteanu","entrance":"yes"}}},{"type":"Feature","geometry":{"type":"Point","coordinates":[24.5590206,46.5286545]},"properties":{"id":"n2300101821","label":"nr. 6","label_key":"addr:housenumber","entrance":"yes","building_id":null,"link":null,"dist_m":null,"housenumber":"6","wheelchair":null,"tags":{"addr:city":"Târgu Mureș","addr:housenumber":"6","addr:street":"Strada Petru Dobra","entrance":"yes"}}},{"type":"Feature","geometry":{"type":"Point","coordinates":[24.5587389,46.5288793]},"properties":{"id":"n2300101852","label":"nr. 34","label_key":"addr:housenumber","entrance":"yes","building_id":null,"link":null,"dist_m":null,"housenumber":"34","wheelchair":null,"tags":{"addr:city":"Târgu Mureș","addr:housenumber":"34","addr:street":"Strada Ion Buteanu","entrance":"yes"}}},{"type":"Feature","geometry":{"type":"Point","coordinates":[24.5589099,46.5290279]},"properties":{"id":"n2300101856","label":"nr. 32","label_key":"addr:housenumber","entrance":"yes","building_id":null,"link":null,"dist_m":null,"housenumber":"32","wheelchair":null,"tags":{"addr:city":"Târgu Mureș","addr:housenumber":"32","addr:street":"Strada Ion Buteanu","entrance":"yes"}}},{"type":"Feature","geometry":{"type":"Point","coordinates":[24.5591655,46.5292347]},"properties":{"id":"n2300101860","label":"nr. 30","label_key":"addr:housenumber","entrance":"yes","building_id":null,"link":null,"dist_m":null,"housenumber":"30","wheelchair":null,"tags":{"addr:city":"Târgu Mureș","addr:housenumber":"30","addr:street":"Strada Ion Buteanu","entrance":"yes"}}},{"type":"Feature","geometry":{"type":"Point","coordinates":[24.5579365,46.5293345]},"properties":{"id":"n2300101863","label":"nr. 12","label_key":"addr:housenumber","entrance":"yes","building_id":null,"link":null,"dist_m":null,"housenumber":"12","wheelchair":null,"tags":{"addr:city":"Târgu Mureș","addr:housenumber":"12","addr:street":"Strada Ion Buteanu","entrance":"yes"}}},{"type":"Feature","geometry":{"type":"Point","coordinates":[24.5581075,46.5294831]},"properties":{"id":"n2300101866","label":"nr. 10","label_key":"addr:housenumber","entrance":"yes","building_id":null,"link":null,"dist_m":null,"housenumber":"10","wheelchair":null,"tags":{"addr:city":"Târgu Mureș","addr:housenumber":"10","addr:street":"Strada Ion Buteanu","entrance":"yes"}}},{"type":"Feature","geometry":{"type":"Point","coordinates":[24.5583631,46.5296899]},"properties":{"id":"n2300101870","label":"nr. 8","label_key":"addr:housenumber","entrance":"yes","building_id":null,"link":null,"dist_m":null,"housenumber":"8","wheelchair":null,"tags":{"addr:city":"Târgu Mureș","addr:housenumber":"8","addr:street":"Strada Ion Buteanu","entrance":"yes"}}},{"type":"Feature","geometry":{"type":"Point","coordinates":[24.5591002,46.5323244]},"properties":{"id":"n8632491857","label":"nr. 17","label_key":"addr:housenumber","entrance":"yes","building_id":null,"link":null,"dist_m":null,"housenumber":"17","wheelchair":null,"tags":{"addr:city":"Târgu Mureș","addr:housenumber":"17","addr:postcode":"540374","addr:street":"Bulevardul 1848","entrance":"yes"}}},{"type":"Feature","geometry":{"type":"Point","coordinates":[24.559014,46.5322537]},"properties":{"id":"n8632491859","label":"nr. 19","label_key":"addr:housenumber","entrance":"yes","building_id":null,"link":null,"dist_m":null,"housenumber":"19","wheelchair":null,"tags":{"addr:city":"Târgu Mureș","addr:housenumber":"19","addr:postcode":"540373","addr:street":"Bulevardul 1848","entrance":"yes"}}},{"type":"Feature","geometry":{"type":"Point","coordinates":[24.5587551,46.5320413]},"properties":{"id":"n8632491861","label":"nr. 21","label_key":"addr:housenumber","entrance":"yes","building_id":null,"link":null,"dist_m":null,"housenumber":"21","wheelchair":null,"tags":{"addr:city":"Târgu Mureș","addr:housenumber":"21","addr:postcode":"540373","addr:street":"Bulevardul 1848","entrance":"yes"}}},{"type":"Feature","geometry":{"type":"Point","coordinates":[24.5586687,46.5319704]},"properties":{"id":"n8632491863","label":"nr. 23","label_key":"addr:housenumber","entrance":"yes","building_id":null,"link":null,"dist_m":null,"housenumber":"23","wheelchair":null,"tags":{"addr:city":"Târgu Mureș","addr:housenumber":"23","addr:postcode":"540373","addr:street":"Bulevardul 1848","entrance":"yes"}}},{"type":"Feature","geometry":{"type":"Point","coordinates":[24.558496,46.5318287]},"properties":{"id":"n8632491865","label":"nr. 23A","label_key":"addr:housenumber","entrance":"yes","building_id":null,"link":null,"dist_m":null,"housenumber":"23A","wheelchair":null,"tags":{"addr:city":"Târgu Mureș","addr:housenumber":"23A","addr:postcode":"540373","addr:street":"Bulevardul 1848","entrance":"yes"}}},{"type":"Feature","geometry":{"type":"Point","coordinates":[24.5591769,46.531371]},"properties":{"id":"n8829074634","label":"","label_key":null,"entrance":"main","building_id":"w1465987168","link":"nearest","dist_m":1.0,"housenumber":null,"wheelchair":null,"tags":{"door":"double","entrance":"main","level":"0"}}},{"type":"Feature","geometry":{"type":"Point","coordinates":[24.5593498,46.530781]},"properties":{"id":"n13446051516","label":"nr. 2","label_key":"addr:housenumber","entrance":"yes","building_id":"w89702528","link":"outline","dist_m":0.0,"housenumber":"2","wheelchair":null,"tags":{"addr:city":"Târgu Mureș","addr:housenumber":"2","addr:postcode":"540376","addr:street":"Strada Șurianu","door":"yes","entrance":"yes"}}},{"type":"Feature","geometry":{"type":"Point","coordinates":[24.5592233,46.5306141]},"properties":{"id":"n13446051517","label":"nr. 4","label_key":"addr:housenumber","entrance":"yes","building_id":"w89702528","link":"outline","dist_m":0.0,"housenumber":"4","wheelchair":null,"tags":{"addr:city":"Târgu Mureș","addr:housenumber":"4","addr:postcode":"540376","addr:street":"Strada Șurianu","door":"yes","entrance":"yes"}}},{"type":"Feature","geometry":{"type":"Point","coordinates":[24.5590617,46.5304834]},"properties":{"id":"n13446051518","label":"nr. 6","label_key":"addr:housenumber","entrance":"yes","building_id":"w89702528","link":"outline","dist_m":0.0,"housenumber":"6","wheelchair":null,"tags":{"addr:city":"Târgu Mureș","addr:housenumber":"6","addr:postcode":"540376","addr:street":"Strada Șurianu","door":"yes","entrance":"yes"}}},{"type":"Feature","geometry":{"type":"Point","coordinates":[24.5597257,46.5305591]},"properties":{"id":"n13446051519","label":"nr. 8","label_key":"addr:housenumber","entrance":"yes","building_id":"w89702668","link":"outline","dist_m":0.0,"housenumber":"8","wheelchair":null,"tags":{"addr:city":"Târgu Mureș","addr:housenumber":"8","addr:postcode":"540377","addr:street":"Strada Șurianu","door":"yes","entrance":"yes"}}},{"type":"Feature","geometry":{"type":"Point","coordinates":[24.5596053,46.5303972]},"properties":{"id":"n13446051520","label":"nr. 10","label_key":"addr:housenumber","entrance":"yes","building_id":"w89702668","link":"outline","dist_m":0.0,"housenumber":"10","wheelchair":null,"tags":{"addr:city":"Târgu Mureș","addr:housenumber":"10","addr:postcode":"540376","addr:street":"Strada Șurianu","door":"yes","entrance":"yes"}}},{"type":"Feature","geometry":{"type":"Point","coordinates":[24.5594385,46.5302624]},"properties":{"id":"n13446051521","label":"nr. 12","label_key":"addr:housenumber","entrance":"yes","building_id":"w89702668","link":"outline","dist_m":0.0,"housenumber":"12","wheelchair":null,"tags":{"addr:city":"Târgu Mureș","addr:housenumber":"12","addr:postcode":"540377","addr:street":"Strada Șurianu","door":"yes","entrance":"yes"}}},{"type":"Feature","geometry":{"type":"Point","coordinates":[24.5599287,46.5304411]},"properties":{"id":"n13446051522","label":"nr. 14","label_key":"addr:housenumber","entrance":"yes","building_id":"w89702395","link":"outline","dist_m":0.0,"housenumber":"14","wheelchair":null,"tags":{"addr:city":"Târgu Mureș","addr:housenumber":"14","addr:postcode":"540377","addr:street":"Strada Șurianu","door":"yes","entrance":"yes"}}},{"type":"Feature","geometry":{"type":"Point","coordinates":[24.559805,46.5302768]},"properties":{"id":"n13446051523","label":"nr. 16","label_key":"addr:housenumber","entrance":"yes","building_id":"w89702395","link":"outline","dist_m":0.0,"housenumber":"16","wheelchair":null,"tags":{"addr:city":"Târgu Mureș","addr:housenumber":"16","addr:postcode":"540377","addr:street":"Strada Șurianu","door":"yes","entrance":"yes"}}},{"type":"Feature","geometry":{"type":"Point","coordinates":[24.5596412,46.5301443]},"properties":{"id":"n13446051524","label":"nr. 18","label_key":"addr:housenumber","entrance":"yes","building_id":"w89702395","link":"outline","dist_m":0.0,"housenumber":"18","wheelchair":null,"tags":{"addr:city":"Târgu Mureș","addr:housenumber":"18","addr:postcode":"540377","addr:street":"Strada Șurianu","door":"yes","entrance":"yes"}}},{"type":"Feature","geometry":{"type":"Point","coordinates":[24.5606049,46.5301993]},"properties":{"id":"n13446051525","label":"nr. 22","label_key":"addr:housenumber","entrance":"yes","building_id":"w89702651","link":"outline","dist_m":0.0,"housenumber":"22","wheelchair":null,"tags":{"addr:city":"Târgu Mureș","addr:housenumber":"22","addr:postcode":"540377","addr:street":"Strada Șurianu","door":"yes","entrance":"yes"}}},{"type":"Feature","geometry":{"type":"Point","coordinates":[24.5603394,46.5303572]},"properties":{"id":"n13446051526","label":"nr. 20","label_key":"addr:housenumber","entrance":"yes","building_id":"w89702651","link":"outline","dist_m":0.0,"housenumber":"20","wheelchair":null,"tags":{"addr:city":"Târgu Mureș","addr:housenumber":"20","addr:postcode":"540377","addr:street":"Strada Șurianu","door":"yes","entrance":"yes"}}},{"type":"Feature","geometry":{"type":"Point","coordinates":[24.5611621,46.530165]},"properties":{"id":"n13447985381","label":"nr. 53A","label_key":"addr:housenumber","entrance":"yes","building_id":"w419240178","link":"outline","dist_m":0.0,"housenumber":"53A","wheelchair":null,"tags":{"addr:city":"Târgu Mureș","addr:housenumber":"53A","addr:postcode":"540366","addr:street":"Strada Suceava","door":"yes","entrance":"yes"}}},{"type":"Feature","geometry":{"type":"Point","coordinates":[24.5613723,46.5301331]},"properties":{"id":"n13447985382","label":"nr. 53B","label_key":"addr:housenumber","entrance":"yes","building_id":"w419240178","link":"outline","dist_m":0.0,"housenumber":"53B","wheelchair":null,"tags":{"addr:city":"Târgu Mureș","addr:housenumber":"53B","addr:postcode":"540366","addr:street":"Strada Suceava","door":"yes","entrance":"yes"}}},{"type":"Feature","geometry":{"type":"Point","coordinates":[24.5616671,46.5300883]},"properties":{"id":"n13447985383","label":"nr. 53C","label_key":"addr:housenumber","entrance":"yes","building_id":"w419240178","link":"outline","dist_m":0.0,"housenumber":"53C","wheelchair":null,"tags":{"addr:city":"Târgu Mureș","addr:housenumber":"53C","addr:postcode":"540366","addr:street":"Strada Suceava","door":"yes","entrance":"yes"}}},{"type":"Feature","geometry":{"type":"Point","coordinates":[24.5408919,46.5366612]},"properties":{"id":"n2082611014","label":"","label_key":null,"entrance":"yes","building_id":null,"link":null,"dist_m":null,"housenumber":null,"wheelchair":null,"tags":{"entrance":"yes"}}},{"type":"Feature","geometry":{"type":"Point","coordinates":[24.5411201,46.5368658]},"properties":{"id":"n2082611028","label":"","label_key":null,"entrance":"yes","building_id":null,"link":null,"dist_m":null,"housenumber":null,"wheelchair":null,"tags":{"entrance":"yes"}}},{"type":"Feature","geometry":{"type":"Point","coordinates":[24.541462,46.5370329]},"properties":{"id":"n2082611042","label":"","label_key":null,"entrance":"yes","building_id":null,"link":null,"dist_m":null,"housenumber":null,"wheelchair":null,"tags":{"entrance":"yes"}}},{"type":"Feature","geometry":{"type":"Point","coordinates":[24.5416952,46.5372366]},"properties":{"id":"n2082611063","label":"","label_key":null,"entrance":"yes","building_id":null,"link":null,"dist_m":null,"housenumber":null,"wheelchair":null,"tags":{"entrance":"yes"}}},{"type":"Feature","geometry":{"type":"Point","coordinates":[24.5420673,46.5374142]},"properties":{"id":"n2082611074","label":"","label_key":null,"entrance":"yes","building_id":null,"link":null,"dist_m":null,"housenumber":null,"wheelchair":null,"tags":{"entrance":"yes"}}},{"type":"Feature","geometry":{"type":"Point","coordinates":[24.5423036,46.5376128]},"properties":{"id":"n2082611103","label":"","label_key":null,"entrance":"yes","building_id":null,"link":null,"dist_m":null,"housenumber":null,"wheelchair":null,"tags":{"entrance":"yes"}}},{"type":"Feature","geometry":{"type":"Point","coordinates":[24.5426686,46.5377816]},"properties":{"id":"n2082611125","label":"","label_key":null,"entrance":"yes","building_id":null,"link":null,"dist_m":null,"housenumber":null,"wheelchair":null,"tags":{"entrance":"yes"}}},{"type":"Feature","geometry":{"type":"Point","coordinates":[24.5429013,46.5379766]},"properties":{"id":"n2082611168","label":"","label_key":null,"entrance":"yes","building_id":null,"link":null,"dist_m":null,"housenumber":null,"wheelchair":null,"tags":{"entrance":"yes"}}},{"type":"Feature","geometry":{"type":"Point","coordinates":[24.5425006,46.5395312]},"properties":{"id":"n2299809861","label":"","label_key":null,"entrance":"yes","building_id":null,"link":null,"dist_m":null,"housenumber":null,"wheelchair":null,"tags":{"entrance":"yes"}}},{"type":"Feature","geometry":{"type":"Point","coordinates":[24.5421134,46.5397289]},"properties":{"id":"n2299809872","label":"","label_key":null,"entrance":"yes","building_id":null,"link":null,"dist_m":null,"housenumber":null,"wheelchair":null,"tags":{"entrance":"yes"}}},{"type":"Feature","geometry":{"type":"Point","coordinates":[24.544767,46.537498]},"properties":{"id":"n2082611090","label":"","label_key":null,"entrance":"yes","building_id":"w90778812","link":"outline","dist_m":0.0,"housenumber":null,"wheelchair":null,"tags":{"entrance":"yes"}}},{"type":"Feature","geometry":{"type":"Point","coordinates":[24.544549,46.537574]},"properties":{"id":"n2082611102","label":"","label_key":null,"entrance":"yes","building_id":"w90778816","link":"outline","dist_m":0.0,"housenumber":null,"wheelchair":null,"tags":{"entrance":"yes"}}},{"type":"Feature","geometry":{"type":"Point","coordinates":[24.544216,46.5379339]},"properties":{"id":"n2082611156","label":"","label_key":null,"entrance":"yes","building_id":"w90778803","link":"outline","dist_m":0.0,"housenumber":null,"wheelchair":null,"tags":{"entrance":"yes"}}},{"type":"Feature","geometry":{"type":"Point","coordinates":[24.5440029,46.5380102]},"properties":{"id":"n2082611180","label":"","label_key":null,"entrance":"yes","building_id":"w90778807","link":"outline","dist_m":0.0,"housenumber":null,"wheelchair":null,"tags":{"entrance":"yes"}}},{"type":"Feature","geometry":{"type":"Point","coordinates":[24.5432584,46.5381482]},"properties":{"id":"n2082611208","label":"","label_key":null,"entrance":"yes","building_id":"w90778807","link":"nearest","dist_m":41.6,"housenumber":null,"wheelchair":null,"tags":{"entrance":"yes"}}},{"type":"Feature","geometry":{"type":"Point","coordinates":[24.5434974,46.5383618]},"properties":{"id":"n2082611269","label":"","label_key":null,"entrance":"yes","building_id":"w90778807","link":"nearest","dist_m":40.6,"housenumber":null,"wheelchair":null,"tags":{"entrance":"yes"}}},{"type":"Feature","geometry":{"type":"Point","coordinates":[24.5494382,46.5403943]},"properties":{"id":"n2084900886","label":"","label_key":null,"entrance":"yes","building_id":"w196507996","link":"outline","dist_m":0.0,"housenumber":null,"wheelchair":null,"tags":{"entrance":"yes"}}},{"type":"Feature","geometry":{"type":"Point","coordinates":[24.5497294,46.5403157]},"properties":{"id":"n2084900911","label":"","label_key":null,"entrance":"yes","building_id":"w196508001","link":"outline","dist_m":0.0,"housenumber":null,"wheelchair":null,"tags":{"entrance":"yes"}}},{"type":"Feature","geometry":{"type":"Point","coordinates":[24.544202,46.5389868]},"properties":{"id":"n2084926703","label":"","label_key":null,"entrance":"yes","building_id":"w90779637","link":"outline","dist_m":0.0,"housenumber":null,"wheelchair":null,"tags":{"entrance":"yes"}}},{"type":"Feature","geometry":{"type":"Point","coordinates":[24.5472168,46.5378189]},"properties":{"id":"n2084927151","label":"","label_key":null,"entrance":"yes","building_id":"w90779644","link":"outline","dist_m":0.0,"housenumber":null,"wheelchair":null,"tags":{"entrance":"yes"}}},{"type":"Feature","geometry":{"type":"Point","coordinates":[24.546985,46.5380364]},"properties":{"id":"n2084927188","label":"","label_key":null,"entrance":"yes","building_id":"w90779640","link":"outline","dist_m":0.0,"housenumber":null,"wheelchair":null,"tags":{"entrance":"yes"}}},{"type":"Feature","geometry":{"type":"Point","coordinates":[24.5464005,46.5376626]},"properties":{"id":"n2084927265","label":"","label_key":null,"entrance":"yes","building_id":"w90779645","link":"outline","dist_m":0.0,"housenumber":null,"wheelchair":null,"tags":{"entrance":"yes"}}},{"type":"Feature","geometry":{"type":"Point","coordinates":[24.5455208,46.5376701]},"properties":{"id":"n2084927401","label":"","label_key":null,"entrance":"yes","building_id":"w90779651","link":"outline","dist_m":0.0,"housenumber":null,"wheelchair":null,"tags":{"entrance":"yes"}}},{"type":"Feature","geometry":{"type":"Point","coordinates":[24.5453596,46.5378553]},"properties":{"id":"n2084927442","label":"","label_key":null,"entrance":"yes","building_id":"w92902367","link":"outline","dist_m":0.0,"housenumber":null,"wheelchair":null,"tags":{"entrance":"yes"}}},{"type":"Feature","geometry":{"type":"Point","coordinates":[24.5449369,46.5381803]},"properties":{"id":"n2084927447","label":"","label_key":null,"entrance":"yes","building_id":"w92902303","link":"outline","dist_m":0.0,"housenumber":null,"wheelchair":null,"tags":{"entrance":"yes"}}},{"type":"Feature","geometry":{"type":"Point","coordinates":[24.5447224,46.5383452]},"properties":{"id":"n2084927452","label":"","label_key":null,"entrance":"yes","building_id":"w90779628","link":"outline","dist_m":0.0,"housenumber":null,"wheelchair":null,"tags":{"entrance":"yes"}}},{"type":"Feature","geometry":{"type":"Point","coordinates":[24.5444493,46.538599]},"properties":{"id":"n2084927455","label":"","label_key":null,"entrance":"yes","building_id":"w90779642","link":"outline","dist_m":0.0,"housenumber":null,"wheelchair":null,"tags":{"entrance":"yes"}}},{"type":"Feature","geometry":{"type":"Point","coordinates":[24.5451351,46.5390325]},"properties":{"id":"n2084927458","label":"","label_key":null,"entrance":"yes","building_id":"w90779625","link":"outline","dist_m":0.0,"housenumber":null,"wheelchair":null,"tags":{"entrance":"yes"}}},{"type":"Feature","geometry":{"type":"Point","coordinates":[24.5463222,46.5382856]},"properties":{"id":"n2084927471","label":"","label_key":null,"entrance":"yes","building_id":"w90779639","link":"outline","dist_m":0.0,"housenumber":null,"wheelchair":null,"tags":{"entrance":"yes"}}},{"type":"Feature","geometry":{"type":"Point","coordinates":[24.5472102,46.5383632]},"properties":{"id":"n2084927523","label":"","label_key":null,"entrance":"yes","building_id":"w90779643","link":"outline","dist_m":0.0,"housenumber":null,"wheelchair":null,"tags":{"entrance":"yes"}}},{"type":"Feature","geometry":{"type":"Point","coordinates":[24.5453355,46.5395177]},"properties":{"id":"n2084927593","label":"","label_key":null,"entrance":"yes","building_id":"w181129507","link":"outline","dist_m":0.0,"housenumber":null,"wheelchair":null,"tags":{"entrance":"yes"}}},{"type":"Feature","geometry":{"type":"Point","coordinates":[24.5447042,46.5394899]},"properties":{"id":"n2084927601","label":"","label_key":null,"entrance":"yes","building_id":"w90779635","link":"outline","dist_m":0.0,"housenumber":null,"wheelchair":null,"tags":{"entrance":"yes"}}},{"type":"Feature","geometry":{"type":"Point","coordinates":[24.5458839,46.5385701]},"properties":{"id":"n2289069325","label":"","label_key":null,"entrance":"yes","building_id":"w90779639","link":"nearest","dist_m":45.7,"housenumber":null,"wheelchair":null,"tags":{"entrance":"yes"}}},{"type":"Feature","geometry":{"type":"Point","coordinates":[24.5463708,46.5389589]},"properties":{"id":"n2289069335","label":"","label_key":null,"entrance":"yes","building_id":null,"link":null,"dist_m":null,"housenumber":null,"wheelchair":null,"tags":{"entrance":"yes"}}},{"type":"Feature","geometry":{"type":"Point","coordinates":[24.5462622,46.5371666]},"properties":{"id":"n2321964191","label":"","label_key":null,"entrance":"yes","building_id":"w90779649","link":"outline","dist_m":0.0,"housenumber":null,"wheelchair":null,"tags":{"entrance":"yes"}}},{"type":"Feature","geometry":{"type":"Point","coordinates":[24.5459975,46.5374029]},"properties":{"id":"n2321964192","label":"","label_key":null,"entrance":"yes","building_id":"w90779651","link":"outline","dist_m":0.0,"housenumber":null,"wheelchair":null,"tags":{"entrance":"yes"}}},{"type":"Feature","geometry":{"type":"Point","coordinates":[24.5470169,46.5376976]},"properties":{"id":"n2321964201","label":"","label_key":null,"entrance":"yes","building_id":"w90779644","link":"outline","dist_m":0.0,"housenumber":null,"wheelchair":null,"tags":{"entrance":"yes"}}},{"type":"Feature","geometry":{"type":"Point","coordinates":[24.5462342,46.5377959]},"properties":{"id":"n2321964204","label":"","label_key":null,"entrance":"yes","building_id":"w90779645","link":"outline","dist_m":0.0,"housenumber":null,"wheelchair":null,"tags":{"entrance":"yes"}}},{"type":"Feature","geometry":{"type":"Point","coordinates":[24.5459888,46.5379452]},"properties":{"id":"n2321964214","label":"","label_key":null,"entrance":"yes","building_id":"w90779645","link":"nearest","dist_m":16.5,"housenumber":null,"wheelchair":null,"tags":{"entrance":"yes"}}},{"type":"Feature","geometry":{"type":"Point","coordinates":[24.5451485,46.5380176]},"properties":{"id":"n2321964219","label":"","label_key":null,"entrance":"yes","building_id":"w92902303","link":"outline","dist_m":0.0,"housenumber":null,"wheelchair":null,"tags":{"entrance":"yes"}}},{"type":"Feature","geometry":{"type":"Point","coordinates":[24.5461378,46.5380327]},"properties":{"id":"n2321964220","label":"","label_key":null,"entrance":"yes","building_id":"w90779645","link":"nearest","dist_m":20.1,"housenumber":null,"wheelchair":null,"tags":{"entrance":"yes"}}},{"type":"Feature","geometry":{"type":"Point","coordinates":[24.5468172,46.538171]},"properties":{"id":"n2321964231","label":"","label_key":null,"entrance":"yes","building_id":"w90779640","link":"outline","dist_m":0.0,"housenumber":null,"wheelchair":null,"tags":{"entrance":"yes"}}},{"type":"Feature","geometry":{"type":"Point","coordinates":[24.5459404,46.5383891]},"properties":{"id":"n2321964238","label":"","label_key":null,"entrance":"yes","building_id":"w90779639","link":"nearest","dist_m":28.2,"housenumber":null,"wheelchair":null,"tags":{"entrance":"yes"}}},{"type":"Feature","geometry":{"type":"Point","coordinates":[24.5465179,46.5384027]},"properties":{"id":"n2321964239","label":"","label_key":null,"entrance":"yes","building_id":"w90779639","link":"outline","dist_m":0.0,"housenumber":null,"wheelchair":null,"tags":{"entrance":"yes"}}},{"type":"Feature","geometry":{"type":"Point","coordinates":[24.5469724,46.5385434]},"properties":{"id":"n2321964253","label":"","label_key":null,"entrance":"yes","building_id":"w90779643","link":"outline","dist_m":0.0,"housenumber":null,"wheelchair":null,"tags":{"entrance":"yes"}}},{"type":"Feature","geometry":{"type":"Point","coordinates":[24.5442743,46.5387311]},"properties":{"id":"n2321964258","label":"","label_key":null,"entrance":"yes","building_id":"w90779642","link":"outline","dist_m":0.0,"housenumber":null,"wheelchair":null,"tags":{"entrance":"yes"}}},{"type":"Feature","geometry":{"type":"Point","coordinates":[24.5440503,46.5388605]},"properties":{"id":"n2321964262","label":"","label_key":null,"entrance":"yes","building_id":"w90779637","link":"outline","dist_m":0.0,"housenumber":null,"wheelchair":null,"tags":{"entrance":"yes"}}},{"type":"Feature","geometry":{"type":"Point","coordinates":[24.5448898,46.5388841]},"properties":{"id":"n2321964265","label":"","label_key":null,"entrance":"yes","building_id":"w90779625","link":"outline","dist_m":0.0,"housenumber":null,"wheelchair":null,"tags":{"entrance":"yes"}}},{"type":"Feature","geometry":{"type":"Point","coordinates":[24.5453803,46.5391808]},"properties":{"id":"n2321964270","label":"","label_key":null,"entrance":"yes","building_id":"w90779625","link":"outline","dist_m":0.0,"housenumber":null,"wheelchair":null,"tags":{"entrance":"yes"}}},{"type":"Feature","geometry":{"type":"Point","coordinates":[24.5455595,46.5393416]},"properties":{"id":"n2321964273","label":"","label_key":null,"entrance":"yes","building_id":"w181129507","link":"outline","dist_m":0.0,"housenumber":null,"wheelchair":null,"tags":{"entrance":"yes"}}},{"type":"Feature","geometry":{"type":"Point","coordinates":[24.5445167,46.5393732]},"properties":{"id":"n2321964274","label":"","label_key":null,"entrance":"yes","building_id":"w90779635","link":"outline","dist_m":0.0,"housenumber":null,"wheelchair":null,"tags":{"entrance":"yes"}}},{"type":"Feature","geometry":{"type":"Point","coordinates":[24.5494371,46.5346975]},"properties":{"id":"n2696436775","label":"","label_key":null,"entrance":"yes","building_id":null,"link":null,"dist_m":null,"housenumber":null,"wheelchair":null,"tags":{"entrance":"yes"}}},{"type":"Feature","geometry":{"type":"Point","coordinates":[24.5497145,46.5347868]},"properties":{"id":"n2696436777","label":"","label_key":null,"entrance":"yes","building_id":null,"link":null,"dist_m":null,"housenumber":null,"wheelchair":null,"tags":{"entrance":"yes"}}},{"type":"Feature","geometry":{"type":"Point","coordinates":[24.5491961,46.5348846]},"properties":{"id":"n2696436778","label":"","label_key":null,"entrance":"yes","building_id":null,"link":null,"dist_m":null,"housenumber":null,"wheelchair":null,"tags":{"entrance":"yes"}}},{"type":"Feature","geometry":{"type":"Point","coordinates":[24.5494735,46.5349739]},"properties":{"id":"n2696436782","label":"","label_key":null,"entrance":"yes","building_id":null,"link":null,"dist_m":null,"housenumber":null,"wheelchair":null,"tags":{"entrance":"yes"}}},{"type":"Feature","geometry":{"type":"Point","coordinates":[24.5487404,46.5352257]},"properties":{"id":"n2696436799","label":"","label_key":null,"entrance":"yes","building_id":"w1466260695","link":"nearest","dist_m":31.0,"housenumber":null,"wheelchair":null,"tags":{"entrance":"yes"}}},{"type":"Feature","geometry":{"type":"Point","coordinates":[24.5490179,46.535315]},"properties":{"id":"n2696436809","label":"","label_key":null,"entrance":"yes","building_id":"w1466260695","link":"nearest","dist_m":43.3,"housenumber":null,"wheelchair":null,"tags":{"entrance":"yes"}}},{"type":"Feature","geometry":{"type":"Point","coordinates":[24.5496728,46.5353964]},"properties":{"id":"n2696436815","label":"","label_key":null,"entrance":"yes","building_id":null,"link":null,"dist_m":null,"housenumber":null,"wheelchair":null,"tags":{"entrance":"yes"}}},{"type":"Feature","geometry":{"type":"Point","coordinates":[24.5487944,46.5355425]},"properties":{"id":"n2696436829","label":"","label_key":null,"entrance":"yes","building_id":"w1466260694","link":"nearest","dist_m":20.2,"housenumber":null,"wheelchair":null,"tags":{"entrance":"yes"}}},{"type":"Feature","geometry":{"type":"Point","coordinates":[24.5494818,46.5355425]},"properties":{"id":"n2696436830","label":"","label_key":null,"entrance":"yes","building_id":null,"link":null,"dist_m":null,"housenumber":null,"wheelchair":null,"tags":{"entrance":"yes"}}},{"type":"Feature","geometry":{"type":"Point","coordinates":[24.5490106,46.5356768]},"properties":{"id":"n2696436837","label":"","label_key":null,"entrance":"yes","building_id":"w1466260692","link":"nearest","dist_m":23.7,"housenumber":null,"wheelchair":null,"tags":{"entrance":"yes"}}},{"type":"Feature","geometry":{"type":"Point","coordinates":[24.5492833,46.5356943]},"properties":{"id":"n2696436838","label":"","label_key":null,"entrance":"yes","building_id":"w1466260691","link":"nearest","dist_m":35.0,"housenumber":null,"wheelchair":null,"tags":{"entrance":"yes"}}},{"type":"Feature","geometry":{"type":"Point","coordinates":[24.5466098,46.5374603]},"properties":{"id":"n12604339172","label":"","label_key":null,"entrance":"yes","building_id":"w90779646","link":"outline","dist_m":0.0,"housenumber":null,"wheelchair":null,"tags":{"entrance":"yes"}}},{"type":"Feature","geometry":{"type":"Point","coordinates":[24.5467269,46.5375314]},"properties":{"id":"n12604339173","label":"","label_key":null,"entrance":"yes","building_id":"w90779646","link":"outline","dist_m":0.0,"housenumber":null,"wheelchair":null,"tags":{"entrance":"yes"}}},{"type":"Feature","geometry":{"type":"Point","coordinates":[24.539758,46.5462567]},"properties":{"id":"n2082402153","label":"","label_key":null,"entrance":"yes","building_id":null,"link":null,"dist_m":null,"housenumber":null,"wheelchair":null,"tags":{"entrance":"yes"}}},{"type":"Feature","geometry":{"type":"Point","coordinates":[24.5400887,46.546278]},"properties":{"id":"n2082402156","label":"","label_key":null,"entrance":"yes","building_id":null,"link":null,"dist_m":null,"housenumber":null,"wheelchair":null,"tags":{"entrance":"yes"}}},{"type":"Feature","geometry":{"type":"Point","coordinates":[24.5404334,46.5463012]},"properties":{"id":"n2082402158","label":"","label_key":null,"entrance":"yes","building_id":null,"link":null,"dist_m":null,"housenumber":null,"wheelchair":null,"tags":{"entrance":"yes"}}},{"type":"Feature","geometry":{"type":"Point","coordinates":[24.5396254,46.5465344]},"properties":{"id":"n2082402162","label":"","label_key":null,"entrance":"yes","building_id":null,"link":null,"dist_m":null,"housenumber":null,"wheelchair":null,"tags":{"entrance":"yes"}}},{"type":"Feature","geometry":{"type":"Point","coordinates":[24.5401332,46.5465695]},"properties":{"id":"n2082402163","label":"","label_key":null,"entrance":"yes","building_id":null,"link":null,"dist_m":null,"housenumber":null,"wheelchair":null,"tags":{"entrance":"yes"}}},{"type":"Feature","geometry":{"type":"Point","coordinates":[24.5403037,46.5465821]},"properties":{"id":"n2082402165","label":"","label_key":null,"entrance":"yes","building_id":null,"link":null,"dist_m":null,"housenumber":null,"wheelchair":null,"tags":{"entrance":"yes"}}},{"type":"Feature","geometry":{"type":"Point","coordinates":[24.5385006,46.5414996]},"properties":{"id":"n2082611535","label":"nr. 34A","label_key":"addr:housenumber","entrance":"yes","building_id":"w198052476","link":"outline","dist_m":0.0,"housenumber":"34A","wheelchair":null,"tags":{"addr:city":"Târgu Mureș","addr:housenumber":"34A","addr:street":"Strada Ady Endre","entrance":"yes"}}},{"type":"Feature","geometry":{"type":"Point","coordinates":[24.538091,46.5415612]},"properties":{"id":"n2082611536","label":"nr. 34C","label_key":"addr:housenumber","entrance":"yes","building_id":"w198052476","link":"outline","dist_m":0.0,"housenumber":"34C","wheelchair":null,"tags":{"addr:city":"Târgu Mureș","addr:housenumber":"34C","addr:street":"Strada Ady Endre","entrance":"yes"}}},{"type":"Feature","geometry":{"type":"Point","coordinates":[24.5379154,46.5416513]},"properties":{"id":"n2082611543","label":"nr. 34D","label_key":"addr:housenumber","entrance":"yes","building_id":"w198052476","link":"outline","dist_m":0.0,"housenumber":"34D","wheelchair":null,"tags":{"addr:city":"Târgu Mureș","addr:housenumber":"34D","addr:street":"Strada Ady Endre","entrance":"yes"}}},{"type":"Feature","geometry":{"type":"Point","coordinates":[24.5383521,46.5416283]},"properties":{"id":"n2082611544","label":"nr. 34B","label_key":"addr:housenumber","entrance":"yes","building_id":"w198052476","link":"outline","dist_m":0.0,"housenumber":"34B","wheelchair":null,"tags":{"addr:city":"Târgu Mureș","addr:housenumber":"34B","addr:street":"Strada Ady Endre","entrance":"yes"}}},{"type":"Feature","geometry":{"type":"Point","coordinates":[24.5389268,46.541713]},"properties":{"id":"n2082611550","label":"","label_key":"addr:housenumber","entrance":"yes","building_id":"w198052470","link":"outline","dist_m":0.0,"housenumber":"B","wheelchair":null,"tags":{"addr:city":"Târgu Mureș","addr:housenumber":"B","addr:postcode":"540178","addr:street":"Strada Romulus Guga","entrance":"yes"},"redundant":true}},{"type":"Feature","geometry":{"type":"Point","coordinates":[24.5389415,46.5418808]},"properties":{"id":"n2082611561","label":"","label_key":"addr:housenumber","entrance":"yes","building_id":"w198052471","link":"outline","dist_m":0.0,"housenumber":"A","wheelchair":null,"tags":{"addr:city":"Târgu Mureș","addr:housenumber":"A","addr:postcode":"540178","addr:street":"Strada Romulus Guga","entrance":"yes"},"redundant":true}},{"type":"Feature","geometry":{"type":"Point","coordinates":[24.5382418,46.5420083]},"properties":{"id":"n2082611565","label":"nr. 32A","label_key":"addr:housenumber","entrance":"yes","building_id":null,"link":null,"dist_m":null,"housenumber":"32A","wheelchair":null,"tags":{"addr:city":"Târgu Mureș","addr:housenumber":"32A","addr:street":"Strada Ady Endre","entrance":"yes"}}},{"type":"Feature","geometry":{"type":"Point","coordinates":[24.5378321,46.5420699]},"properties":{"id":"n2082611568","label":"nr. 32C","label_key":"addr:housenumber","entrance":"yes","building_id":null,"link":null,"dist_m":null,"housenumber":"32C","wheelchair":null,"tags":{"addr:city":"Târgu Mureș","addr:housenumber":"32C","addr:street":"Strada Ady Endre","entrance":"yes"}}},{"type":"Feature","geometry":{"type":"Point","coordinates":[24.5380933,46.542137]},"properties":{"id":"n2082611576","label":"nr. 32B","label_key":"addr:housenumber","entrance":"yes","building_id":null,"link":null,"dist_m":null,"housenumber":"32B","wheelchair":null,"tags":{"addr:city":"Târgu Mureș","addr:housenumber":"32B","addr:street":"Strada Ady Endre","entrance":"yes"}}},{"type":"Feature","geometry":{"type":"Point","coordinates":[24.5390677,46.5421389]},"properties":{"id":"n2082611578","label":"","label_key":"addr:housenumber","entrance":"yes","building_id":"w198052475","link":"outline","dist_m":0.0,"housenumber":"B","wheelchair":null,"tags":{"addr:city":"Târgu Mureș","addr:housenumber":"B","addr:postcode":"540178","addr:street":"Strada Romulus Guga","entrance":"yes"},"redundant":true}},{"type":"Feature","geometry":{"type":"Point","coordinates":[24.5376567,46.5421599]},"properties":{"id":"n2082611579","label":"nr. 32D","label_key":"addr:housenumber","entrance":"yes","building_id":null,"link":null,"dist_m":null,"housenumber":"32D","wheelchair":null,"tags":{"addr:city":"Târgu Mureș","addr:housenumber":"32D","addr:street":"Strada Ady Endre","entrance":"yes"}}},{"type":"Feature","geometry":{"type":"Point","coordinates":[24.5390822,46.5423068]},"properties":{"id":"n2082611597","label":"","label_key":"addr:housenumber","entrance":"yes","building_id":"w198052473","link":"outline","dist_m":0.0,"housenumber":"A","wheelchair":null,"tags":{"addr:city":"Târgu Mureș","addr:housenumber":"A","addr:postcode":"540178","addr:street":"Strada Romulus Guga","entrance":"yes"},"redundant":true}},{"type":"Feature","geometry":{"type":"Point","coordinates":[24.5386482,46.5423731]},"properties":{"id":"n2082611605","label":"","label_key":null,"entrance":"yes","building_id":"w198052461","link":"outline","dist_m":0.0,"housenumber":null,"wheelchair":null,"tags":{"entrance":"yes"}}},{"type":"Feature","geometry":{"type":"Point","coordinates":[24.5380673,46.5425469]},"properties":{"id":"n2082611615","label":"nr. 30A","label_key":"addr:housenumber","entrance":"yes","building_id":"w198052442","link":"outline","dist_m":0.0,"housenumber":"30A","wheelchair":null,"tags":{"addr:city":"Târgu Mureș","addr:housenumber":"30A","addr:street":"Strada Ady Endre","entrance":"yes"}}},{"type":"Feature","geometry":{"type":"Point","coordinates":[24.5385363,46.5426498]},"properties":{"id":"n2082611623","label":"nr. 59B","label_key":"addr:housenumber","entrance":"yes","building_id":null,"link":null,"dist_m":null,"housenumber":"59B","wheelchair":null,"tags":{"addr:city":"Târgu Mureș","addr:housenumber":"59B","addr:street":"Strada Mioriței","entrance":"yes"}}},{"type":"Feature","geometry":{"type":"Point","coordinates":[24.5379325,46.5426611]},"properties":{"id":"n2082611627","label":"nr. 30B","label_key":"addr:housenumber","entrance":"yes","building_id":"w198052442","link":"outline","dist_m":0.0,"housenumber":"30B","wheelchair":null,"tags":{"addr:city":"Târgu Mureș","addr:housenumber":"30B","addr:street":"Strada Ady Endre","entrance":"yes"}}},{"type":"Feature","geometry":{"type":"Point","coordinates":[24.539201,46.5426711]},"properties":{"id":"n2082611628","label":"nr. 57A","label_key":"addr:housenumber","entrance":"yes","building_id":null,"link":null,"dist_m":null,"housenumber":"57A","wheelchair":null,"tags":{"addr:city":"Târgu Mureș","addr:housenumber":"57A","addr:street":"Strada Mioriței","entrance":"yes"}}},{"type":"Feature","geometry":{"type":"Point","coordinates":[24.538882,46.5427775]},"properties":{"id":"n2082611637","label":"nr. 57B","label_key":"addr:housenumber","entrance":"yes","building_id":null,"link":null,"dist_m":null,"housenumber":"57B","wheelchair":null,"tags":{"addr:city":"Târgu Mureș","addr:housenumber":"57B","addr:street":"Strada Mioriței","entrance":"yes"}}},{"type":"Feature","geometry":{"type":"Point","coordinates":[24.5384848,46.5428449]},"properties":{"id":"n2082611640","label":"nr. 59A","label_key":"addr:housenumber","entrance":"yes","building_id":null,"link":null,"dist_m":null,"housenumber":"59A","wheelchair":null,"tags":{"addr:city":"Târgu Mureș","addr:housenumber":"59A","addr:street":"Strada Mioriței","entrance":"yes"}}},{"type":"Feature","geometry":{"type":"Point","coordinates":[24.5378404,46.5430553]},"properties":{"id":"n2082611653","label":"nr. 28A","label_key":"addr:housenumber","entrance":"yes","building_id":"w198052478","link":"outline","dist_m":0.0,"housenumber":"28A","wheelchair":null,"tags":{"addr:city":"Târgu Mureș","addr:housenumber":"28A","addr:street":"Strada Ady Endre","entrance":"yes"}}},{"type":"Feature","geometry":{"type":"Point","coordinates":[24.537692,46.543184]},"properties":{"id":"n2082611662","label":"nr. 28B","label_key":"addr:housenumber","entrance":"yes","building_id":"w198052478","link":"outline","dist_m":0.0,"housenumber":"28B","wheelchair":null,"tags":{"addr:city":"Târgu Mureș","addr:housenumber":"28B","addr:street":"Strada Ady Endre","entrance":"yes"}}},{"type":"Feature","geometry":{"type":"Point","coordinates":[24.5382413,46.5444692]},"properties":{"id":"n2083186803","label":"","label_key":"addr:housenumber","entrance":"yes","building_id":"w198052479","link":"outline","dist_m":0.0,"housenumber":"18","wheelchair":null,"tags":{"addr:city":"Târgu Mureș","addr:housenumber":"18","addr:postcode":"540337","addr:street":"Strada Ady Endre","entrance":"yes"},"redundant":true}},{"type":"Feature","geometry":{"type":"Point","coordinates":[24.5378242,46.5443761]},"properties":{"id":"n2083186831","label":"","label_key":"addr:housenumber","entrance":"yes","building_id":"w198052441","link":"outline","dist_m":0.0,"housenumber":"20","wheelchair":null,"tags":{"addr:city":"Târgu Mureș","addr:housenumber":"20","addr:postcode":"540337","addr:street":"Strada Ady Endre","entrance":"yes"},"redundant":true}},{"type":"Feature","geometry":{"type":"Point","coordinates":[24.5374523,46.5442103]},"properties":{"id":"n2083186848","label":"","label_key":"addr:housenumber","entrance":"yes","building_id":"w198052440","link":"outline","dist_m":0.0,"housenumber":"22","wheelchair":null,"tags":{"addr:city":"Târgu Mureș","addr:housenumber":"22","addr:postcode":"540337","addr:street":"Strada Ady Endre","entrance":"yes"},"redundant":true}},{"type":"Feature","geometry":{"type":"Point","coordinates":[24.5370678,46.5440669]},"properties":{"id":"n2083186864","label":"","label_key":"addr:housenumber","entrance":"yes","building_id":"w198052449","link":"outline","dist_m":0.0,"housenumber":"24","wheelchair":null,"tags":{"addr:city":"Târgu Mureș","addr:housenumber":"24","addr:street":"Strada Ady Endre","entrance":"yes"},"redundant":true}},{"type":"Feature","geometry":{"type":"Point","coordinates":[24.5375246,46.5435484]},"properties":{"id":"n2083186881","label":"nr. 26A","label_key":"addr:housenumber","entrance":"yes","building_id":null,"link":null,"dist_m":null,"housenumber":"26A","wheelchair":null,"tags":{"addr:city":"Târgu Mureș","addr:housenumber":"26A","addr:street":"Strada Ady Endre","entrance":"yes"}}},{"type":"Feature","geometry":{"type":"Point","coordinates":[24.5370733,46.5435773]},"properties":{"id":"n2083186882","label":"nr. 26C","label_key":"addr:housenumber","entrance":"yes","building_id":null,"link":null,"dist_m":null,"housenumber":"26C","wheelchair":null,"tags":{"addr:city":"Târgu Mureș","addr:housenumber":"26C","addr:street":"Strada Ady Endre","entrance":"yes"}}},{"type":"Feature","geometry":{"type":"Point","coordinates":[24.5374982,46.5426862]},"properties":{"id":"n2083186895","label":"nr. 30D","label_key":"addr:housenumber","entrance":"yes","building_id":"w198052442","link":"outline","dist_m":0.0,"housenumber":"30D","wheelchair":null,"tags":{"addr:city":"Târgu Mureș","addr:housenumber":"30D","addr:street":"Strada Ady Endre","entrance":"yes"}}},{"type":"Feature","geometry":{"type":"Point","coordinates":[24.5374308,46.5431169]},"properties":{"id":"n2083186899","label":"nr. 28C","label_key":"addr:housenumber","entrance":"yes","building_id":"w198052478","link":"outline","dist_m":0.0,"housenumber":"28C","wheelchair":null,"tags":{"addr:city":"Târgu Mureș","addr:housenumber":"28C","addr:street":"Strada Ady Endre","entrance":"yes"}}},{"type":"Feature","geometry":{"type":"Point","coordinates":[24.5372552,46.543207]},"properties":{"id":"n2083186900","label":"nr. 28D","label_key":"addr:housenumber","entrance":"yes","building_id":"w198052478","link":"outline","dist_m":0.0,"housenumber":"28D","wheelchair":null,"tags":{"addr:city":"Târgu Mureș","addr:housenumber":"28D","addr:street":"Strada Ady Endre","entrance":"yes"}}},{"type":"Feature","geometry":{"type":"Point","coordinates":[24.5371164,46.543876]},"properties":{"id":"n2083186908","label":"","label_key":"addr:housenumber","entrance":"yes","building_id":"w198052449","link":"outline","dist_m":0.0,"housenumber":"24","wheelchair":null,"tags":{"addr:city":"Târgu Mureș","addr:housenumber":"24","addr:street":"Strada Ady Endre","entrance":"yes"},"redundant":true}},{"type":"Feature","geometry":{"type":"Point","coordinates":[24.5376289,46.5426146]},"properties":{"id":"n2083186935","label":"nr. 30C","label_key":"addr:housenumber","entrance":"yes","building_id":"w198052442","link":"outline","dist_m":0.0,"housenumber":"30C","wheelchair":null,"tags":{"addr:city":"Târgu Mureș","addr:housenumber":"30C","addr:street":"Strada Ady Endre","entrance":"yes"}}},{"type":"Feature","geometry":{"type":"Point","coordinates":[24.5380304,46.5441593]},"properties":{"id":"n2083187029","label":"nr. 45A","label_key":"addr:housenumber","entrance":"yes","building_id":"w198052447","link":"outline","dist_m":0.0,"housenumber":"45A","wheelchair":null,"tags":{"addr:city":"Târgu Mureș","addr:housenumber":"45A","addr:street":"Strada Ady Endre","entrance":"yes"}}},{"type":"Feature","geometry":{"type":"Point","coordinates":[24.5383238,46.544192]},"properties":{"id":"n2083187030","label":"nr. 45B","label_key":"addr:housenumber","entrance":"yes","building_id":"w198052447","link":"outline","dist_m":0.0,"housenumber":"45B","wheelchair":null,"tags":{"addr:city":"Târgu Mureș","addr:housenumber":"45B","addr:street":"Strada Ady Endre","entrance":"yes"}}},{"type":"Feature","geometry":{"type":"Point","coordinates":[24.5377181,46.5438682]},"properties":{"id":"n2083187033","label":"nr. 47A","label_key":"addr:housenumber","entrance":"yes","building_id":"w198052446","link":"outline","dist_m":0.0,"housenumber":"47A","wheelchair":null,"tags":{"addr:city":"Târgu Mureș","addr:housenumber":"47A","addr:street":"Strada Ady Endre","entrance":"yes"}}},{"type":"Feature","geometry":{"type":"Point","coordinates":[24.5376692,46.544061]},"properties":{"id":"n2083187034","label":"nr. 47B","label_key":"addr:housenumber","entrance":"yes","building_id":"w198052446","link":"outline","dist_m":0.0,"housenumber":"47B","wheelchair":null,"tags":{"addr:city":"Târgu Mureș","addr:housenumber":"47B","addr:street":"Strada Ady Endre","entrance":"yes"}}},{"type":"Feature","geometry":{"type":"Point","coordinates":[24.5381577,46.5437184]},"properties":{"id":"n2083187037","label":"nr. 49A","label_key":"addr:housenumber","entrance":"yes","building_id":"w198052451","link":"outline","dist_m":0.0,"housenumber":"49A","wheelchair":null,"tags":{"addr:city":"Târgu Mureș","addr:housenumber":"49A","addr:street":"Strada Ady Endre","entrance":"yes"}}},{"type":"Feature","geometry":{"type":"Point","coordinates":[24.5379973,46.5436254]},"properties":{"id":"n2083187038","label":"nr. 49B","label_key":"addr:housenumber","entrance":"yes","building_id":"w198052451","link":"outline","dist_m":0.0,"housenumber":"49B","wheelchair":null,"tags":{"addr:city":"Târgu Mureș","addr:housenumber":"49B","addr:street":"Strada Ady Endre","entrance":"yes"}}},{"type":"Feature","geometry":{"type":"Point","coordinates":[24.5380602,46.5434316]},"properties":{"id":"n2083187039","label":"nr. 49C","label_key":"addr:housenumber","entrance":"yes","building_id":"w198052451","link":"outline","dist_m":0.0,"housenumber":"49C","wheelchair":null,"tags":{"addr:city":"Târgu Mureș","addr:housenumber":"49C","addr:street":"Strada Ady Endre","entrance":"yes"}}},{"type":"Feature","geometry":{"type":"Point","coordinates":[24.5373228,46.5435968]},"properties":{"id":"n2300004404","label":"nr. 26B","label_key":"addr:housenumber","entrance":"yes","building_id":null,"link":null,"dist_m":null,"housenumber":"26B","wheelchair":null,"tags":{"addr:city":"Târgu Mureș","addr:housenumber":"26B","addr:street":"Strada Ady Endre","entrance":"yes"}}},{"type":"Feature","geometry":{"type":"Point","coordinates":[24.5491415,46.5405918]},"properties":{"id":"n2084900863","label":"","label_key":null,"entrance":"yes","building_id":"w196507999","link":"outline","dist_m":0.0,"housenumber":null,"wheelchair":null,"tags":{"entrance":"yes"}}},{"type":"Feature","geometry":{"type":"Point","coordinates":[24.5491154,46.5411065]},"properties":{"id":"n2084901173","label":"","label_key":null,"entrance":"yes","building_id":"w196508025","link":"outline","dist_m":0.0,"housenumber":null,"wheelchair":null,"tags":{"entrance":"yes"}}},{"type":"Feature","geometry":{"type":"Point","coordinates":[24.5492508,46.5407936]},"properties":{"id":"n2339597105","label":"","label_key":null,"entrance":"yes","building_id":"w196508004","link":"outline","dist_m":0.0,"housenumber":null,"wheelchair":null,"tags":{"entrance":"yes"}}},{"type":"Feature","geometry":{"type":"Point","coordinates":[24.547477,46.5419061]},"properties":{"id":"n2455736081","label":"","label_key":null,"entrance":"yes","building_id":null,"link":null,"dist_m":null,"housenumber":null,"wheelchair":null,"tags":{"entrance":"yes"}}},{"type":"Feature","geometry":{"type":"Point","coordinates":[24.5478356,46.5421735]},"properties":{"id":"n2455736098","label":"","label_key":null,"entrance":"yes","building_id":null,"link":null,"dist_m":null,"housenumber":null,"wheelchair":null,"tags":{"entrance":"yes"}}},{"type":"Feature","geometry":{"type":"Point","coordinates":[24.5474816,46.5421903]},"properties":{"id":"n2455736100","label":"","label_key":null,"entrance":"yes","building_id":null,"link":null,"dist_m":null,"housenumber":null,"wheelchair":null,"tags":{"entrance":"yes"}}},{"type":"Feature","geometry":{"type":"Point","coordinates":[24.5478364,46.5424577]},"properties":{"id":"n2455736111","label":"","label_key":null,"entrance":"yes","building_id":null,"link":null,"dist_m":null,"housenumber":null,"wheelchair":null,"tags":{"entrance":"yes"}}},{"type":"Feature","geometry":{"type":"Point","coordinates":[24.5495643,46.5431699]},"properties":{"id":"n2581133572","label":"","label_key":null,"entrance":"yes","building_id":null,"link":null,"dist_m":null,"housenumber":null,"wheelchair":null,"tags":{"entrance":"yes"}}},{"type":"Feature","geometry":{"type":"Point","coordinates":[24.5497654,46.5433366]},"properties":{"id":"n2581133690","label":"","label_key":null,"entrance":"main","building_id":"w1470014805","link":"nearest","dist_m":49.7,"housenumber":null,"wheelchair":null,"tags":{"entrance":"main"}}},{"type":"Feature","geometry":{"type":"Point","coordinates":[24.5548311,46.5357374]},"properties":{"id":"n1936414140","label":"","label_key":null,"entrance":"yes","building_id":null,"link":null,"dist_m":null,"housenumber":null,"wheelchair":null,"tags":{"entrance":"yes"}}},{"type":"Feature","geometry":{"type":"Point","coordinates":[24.5503438,46.5402161]},"properties":{"id":"n2084900899","label":"","label_key":null,"entrance":"yes","building_id":"w196508003","link":"outline","dist_m":0.0,"housenumber":null,"wheelchair":null,"tags":{"entrance":"yes"}}},{"type":"Feature","geometry":{"type":"Point","coordinates":[24.5499953,46.5394946]},"properties":{"id":"n2529832514","label":"","label_key":null,"entrance":"yes","building_id":null,"link":null,"dist_m":null,"housenumber":null,"wheelchair":null,"tags":{"entrance":"yes"}}},{"type":"Feature","geometry":{"type":"Point","coordinates":[24.5500662,46.5350955]},"properties":{"id":"n2696436789","label":"","label_key":null,"entrance":"yes","building_id":null,"link":null,"dist_m":null,"housenumber":null,"wheelchair":null,"tags":{"entrance":"yes"}}},{"type":"Feature","geometry":{"type":"Point","coordinates":[24.5498727,46.5352435]},"properties":{"id":"n2696436800","label":"","label_key":null,"entrance":"yes","building_id":null,"link":null,"dist_m":null,"housenumber":null,"wheelchair":null,"tags":{"entrance":"yes"}}},{"type":"Feature","geometry":{"type":"Point","coordinates":[24.5560321,46.5365105]},"properties":{"id":"n3706593948","label":"","label_key":null,"entrance":"yes","building_id":"w88252272","link":"outline","dist_m":0.0,"housenumber":null,"wheelchair":null,"tags":{"entrance":"yes"}}},{"type":"Feature","geometry":{"type":"Point","coordinates":[24.5609594,46.5391221]},"properties":{"id":"n457315296","label":"","label_key":null,"entrance":"yes","building_id":"w105662729","link":"outline","dist_m":0.0,"housenumber":null,"wheelchair":null,"tags":{"entrance":"yes"}}},{"type":"Feature","geometry":{"type":"Point","coordinates":[24.5612481,46.5392046]},"properties":{"id":"n457315354","label":"","label_key":null,"entrance":"yes","building_id":"w105662729","link":"nearest","dist_m":14.6,"housenumber":null,"wheelchair":null,"tags":{"entrance":"yes"}}},{"type":"Feature","geometry":{"type":"Point","coordinates":[24.5596204,46.539499]},"properties":{"id":"n994779926","label":"","label_key":"addr:housenumber","entrance":"yes","building_id":"w90720613","link":"nearest","dist_m":37.6,"housenumber":"2","wheelchair":null,"tags":{"addr:city":"Târgu Mureș","addr:housenumber":"2","addr:street":"Bulevardul 1 Decembrie 1918","entrance":"yes"},"redundant":true}},{"type":"Feature","geometry":{"type":"Point","coordinates":[24.5599671,46.5394456]},"properties":{"id":"n994779942","label":"nr. 6","label_key":"addr:housenumber","entrance":"yes","building_id":null,"link":null,"dist_m":null,"housenumber":"6","wheelchair":null,"tags":{"addr:city":"Târgu Mureș","addr:housenumber":"6","addr:street":"Bulevardul 1 Decembrie 1918","entrance":"yes"}}},{"type":"Feature","geometry":{"type":"Point","coordinates":[24.5597937,46.5394723]},"properties":{"id":"n994779946","label":"nr. 4","label_key":"addr:housenumber","entrance":"yes","building_id":null,"link":null,"dist_m":null,"housenumber":"4","wheelchair":null,"tags":{"addr:city":"Târgu Mureș","addr:housenumber":"4","addr:street":"Bulevardul 1 Decembrie 1918","entrance":"yes"}}},{"type":"Feature","geometry":{"type":"Point","coordinates":[24.5620129,46.5386944]},"properties":{"id":"n1227209572","label":"","label_key":null,"entrance":"yes","building_id":"w31530868","link":"outline","dist_m":0.0,"housenumber":null,"wheelchair":null,"tags":{"entrance":"yes"}}},{"type":"Feature","geometry":{"type":"Point","coordinates":[24.5619256,46.5384347]},"properties":{"id":"n1227209581","label":"","label_key":null,"entrance":"yes","building_id":"w31530648","link":"outline","dist_m":0.0,"housenumber":null,"wheelchair":null,"tags":{"entrance":"yes"}}},{"type":"Feature","geometry":{"type":"Point","coordinates":[24.5622346,46.5391386]},"properties":{"id":"n1227209755","label":"","label_key":null,"entrance":"yes","building_id":"w31530937","link":"nearest","dist_m":27.8,"housenumber":null,"wheelchair":null,"tags":{"entrance":"yes"}}},{"type":"Feature","geometry":{"type":"Point","coordinates":[24.562629,46.5388317]},"properties":{"id":"n1227209854","label":"","label_key":null,"entrance":"yes","building_id":"w31530937","link":"outline","dist_m":0.0,"housenumber":null,"wheelchair":null,"tags":{"entrance":"yes"}}},{"type":"Feature","geometry":{"type":"Point","coordinates":[24.5595461,46.538643]},"properties":{"id":"n1431711866","label":"","label_key":null,"entrance":"main","building_id":"w229392147","link":"outline","dist_m":0.0,"housenumber":null,"wheelchair":null,"tags":{"entrance":"main"}}},{"type":"Feature","geometry":{"type":"Point","coordinates":[24.5593314,46.5387352]},"properties":{"id":"n1431711944","label":"","label_key":null,"entrance":"main","building_id":"w229392146","link":"outline","dist_m":0.0,"housenumber":null,"wheelchair":null,"tags":{"entrance":"main"}}},{"type":"Feature","geometry":{"type":"Point","coordinates":[24.5596014,46.5387823]},"properties":{"id":"n1431712006","label":"","label_key":null,"entrance":"yes","building_id":"w229392147","link":"outline","dist_m":0.0,"housenumber":null,"wheelchair":null,"tags":{"entrance":"yes"}}},{"type":"Feature","geometry":{"type":"Point","coordinates":[24.5591158,46.5388252]},"properties":{"id":"n1431712032","label":"","label_key":null,"entrance":"main","building_id":"w229392145","link":"outline","dist_m":0.0,"housenumber":null,"wheelchair":null,"tags":{"entrance":"main"}}},{"type":"Feature","geometry":{"type":"Point","coordinates":[24.5593867,46.5388745]},"properties":{"id":"n1431712067","label":"","label_key":null,"entrance":"yes","building_id":"w229392146","link":"outline","dist_m":0.0,"housenumber":null,"wheelchair":null,"tags":{"entrance":"yes"}}},{"type":"Feature","geometry":{"type":"Point","coordinates":[24.5591711,46.5389645]},"properties":{"id":"n1431712106","label":"","label_key":null,"entrance":"yes","building_id":"w229392145","link":"outline","dist_m":0.0,"housenumber":null,"wheelchair":null,"tags":{"entrance":"yes"}}},{"type":"Feature","geometry":{"type":"Point","coordinates":[24.5619709,46.5339521]},"properties":{"id":"n1787490810","label":"nr. 6","label_key":"addr:housenumber","entrance":"yes","building_id":null,"link":null,"dist_m":null,"housenumber":"6","wheelchair":null,"tags":{"addr:city":"Târgu Mureș","addr:housenumber":"6","addr:street":"Strada Măgurei","entrance":"yes"}}},{"type":"Feature","geometry":{"type":"Point","coordinates":[24.5621193,46.5340732]},"properties":{"id":"n1787490812","label":"nr. 8","label_key":"addr:housenumber","entrance":"yes","building_id":null,"link":null,"dist_m":null,"housenumber":"8","wheelchair":null,"tags":{"addr:city":"Târgu Mureș","addr:housenumber":"8","addr:street":"Strada Măgurei","entrance":"yes"}}},{"type":"Feature","geometry":{"type":"Point","coordinates":[24.5623366,46.5395506]},"properties":{"id":"n1936658083","label":"","label_key":null,"entrance":"yes","building_id":"w31530673","link":"outline","dist_m":0.0,"housenumber":null,"wheelchair":null,"tags":{"entrance":"yes"}}},{"type":"Feature","geometry":{"type":"Point","coordinates":[24.5592637,46.5341797]},"properties":{"id":"n2038180346","label":"nr. 20A","label_key":"addr:housenumber","entrance":"yes","building_id":"w253158112","link":"outline","dist_m":0.0,"housenumber":"20A","wheelchair":null,"tags":{"addr:city":"Târgu Mureș","addr:housenumber":"20A","addr:postcode":"540429","addr:street":"Bulevardul 1848","entrance":"yes"}}},{"type":"Feature","geometry":{"type":"Point","coordinates":[24.5593886,46.533873]},"properties":{"id":"n2038180347","label":"nr. 20B","label_key":"addr:housenumber","entrance":"yes","building_id":"w253158112","link":"outline","dist_m":0.0,"housenumber":"20B","wheelchair":null,"tags":{"addr:city":"Târgu Mureș","addr:housenumber":"20B","addr:postcode":"540429","addr:street":"Bulevardul 1848","entrance":"yes"}}},{"type":"Feature","geometry":{"type":"Point","coordinates":[24.5622,46.5348967]},"properties":{"id":"n2085601570","label":"","label_key":null,"entrance":"yes","building_id":"w88750834","link":"outline","dist_m":0.0,"housenumber":null,"wheelchair":null,"tags":{"entrance":"yes"}}},{"type":"Feature","geometry":{"type":"Point","coordinates":[24.5617359,46.5352028]},"properties":{"id":"n2085601574","label":"","label_key":null,"entrance":"yes","building_id":"w88750771","link":"outline","dist_m":0.0,"housenumber":null,"wheelchair":null,"tags":{"entrance":"yes"}}},{"type":"Feature","geometry":{"type":"Point","coordinates":[24.5623711,46.5343224]},"properties":{"id":"n2085601588","label":"nr. 10","label_key":"addr:housenumber","entrance":"yes","building_id":null,"link":null,"dist_m":null,"housenumber":"10","wheelchair":null,"tags":{"addr:city":"Târgu Mureș","addr:housenumber":"10","addr:street":"Strada Măgurei","entrance":"yes"}}},{"type":"Feature","geometry":{"type":"Point","coordinates":[24.5594094,46.5351755]},"properties":{"id":"n2085601592","label":"","label_key":null,"entrance":"yes","building_id":"w88750661","link":"outline","dist_m":0.0,"housenumber":null,"wheelchair":null,"tags":{"entrance":"yes"}}},{"type":"Feature","geometry":{"type":"Point","coordinates":[24.5602936,46.5354335]},"properties":{"id":"n2085601605","label":"","label_key":null,"entrance":"yes","building_id":"w88750772","link":"outline","dist_m":0.0,"housenumber":null,"wheelchair":null,"tags":{"entrance":"yes"}}},{"type":"Feature","geometry":{"type":"Point","coordinates":[24.5625263,46.5344491]},"properties":{"id":"n2085601613","label":"nr. 12","label_key":"addr:housenumber","entrance":"yes","building_id":null,"link":null,"dist_m":null,"housenumber":"12","wheelchair":null,"tags":{"addr:city":"Târgu Mureș","addr:housenumber":"12","addr:street":"Strada Măgurei","entrance":"yes"}}},{"type":"Feature","geometry":{"type":"Point","coordinates":[24.5595734,46.5349926]},"properties":{"id":"n2085601614","label":"","label_key":null,"entrance":"yes","building_id":"w88750807","link":"outline","dist_m":0.0,"housenumber":null,"wheelchair":null,"tags":{"entrance":"yes"}}},{"type":"Feature","geometry":{"type":"Point","coordinates":[24.5600424,46.535328]},"properties":{"id":"n2085601618","label":"","label_key":null,"entrance":"yes","building_id":"w221221982","link":"outline","dist_m":0.0,"housenumber":null,"wheelchair":null,"tags":{"entrance":"yes"}}},{"type":"Feature","geometry":{"type":"Point","coordinates":[24.5626768,46.5345719]},"properties":{"id":"n2085601627","label":"nr. 14","label_key":"addr:housenumber","entrance":"yes","building_id":null,"link":null,"dist_m":null,"housenumber":"14","wheelchair":null,"tags":{"addr:city":"Târgu Mureș","addr:housenumber":"14","addr:street":"Strada Măgurei","entrance":"yes"}}},{"type":"Feature","geometry":{"type":"Point","coordinates":[24.5597333,46.5348154]},"properties":{"id":"n2085601629","label":"","label_key":null,"entrance":"yes","building_id":"w88750763","link":"outline","dist_m":0.0,"housenumber":null,"wheelchair":null,"tags":{"entrance":"yes"}}},{"type":"Feature","geometry":{"type":"Point","coordinates":[24.5600686,46.5343751]},"properties":{"id":"n2085601657","label":"","label_key":null,"entrance":"yes","building_id":"w88750679","link":"outline","dist_m":0.0,"housenumber":null,"wheelchair":null,"tags":{"entrance":"yes"}}},{"type":"Feature","geometry":{"type":"Point","coordinates":[24.5602313,46.5341911]},"properties":{"id":"n2085601685","label":"","label_key":null,"entrance":"yes","building_id":"w88750687","link":"outline","dist_m":0.0,"housenumber":null,"wheelchair":null,"tags":{"entrance":"yes"}}},{"type":"Feature","geometry":{"type":"Point","coordinates":[24.5610271,46.5347795]},"properties":{"id":"n2085601692","label":"","label_key":null,"entrance":"yes","building_id":"w88750731","link":"outline","dist_m":0.0,"housenumber":null,"wheelchair":null,"tags":{"entrance":"yes"}}},{"type":"Feature","geometry":{"type":"Point","coordinates":[24.5610491,46.5355735]},"properties":{"id":"n2085601702","label":"","label_key":null,"entrance":"yes","building_id":"w88750812","link":"outline","dist_m":0.0,"housenumber":null,"wheelchair":null,"tags":{"entrance":"yes"}}},{"type":"Feature","geometry":{"type":"Point","coordinates":[24.5603943,46.5340137]},"properties":{"id":"n2085601707","label":"","label_key":null,"entrance":"yes","building_id":"w88750657","link":"outline","dist_m":0.0,"housenumber":null,"wheelchair":null,"tags":{"entrance":"yes"}}},{"type":"Feature","geometry":{"type":"Point","coordinates":[24.5612878,46.5348887]},"properties":{"id":"n2085601723","label":"","label_key":null,"entrance":"yes","building_id":"w88750727","link":"outline","dist_m":0.0,"housenumber":null,"wheelchair":null,"tags":{"entrance":"yes"}}},{"type":"Feature","geometry":{"type":"Point","coordinates":[24.562397,46.5350513]},"properties":{"id":"n2085601811","label":"","label_key":null,"entrance":"yes","building_id":"w88750804","link":"outline","dist_m":0.0,"housenumber":null,"wheelchair":null,"tags":{"entrance":"yes"}}},{"type":"Feature","geometry":{"type":"Point","coordinates":[24.5614803,46.5352605]},"properties":{"id":"n2085601815","label":"","label_key":null,"entrance":"yes","building_id":"w88750777","link":"outline","dist_m":0.0,"housenumber":null,"wheelchair":null,"tags":{"entrance":"yes"}}},{"type":"Feature","geometry":{"type":"Point","coordinates":[24.5605214,46.5357115]},"properties":{"id":"n2085601921","label":"","label_key":null,"entrance":"yes","building_id":"w88750639","link":"outline","dist_m":0.0,"housenumber":null,"wheelchair":null,"tags":{"entrance":"yes"}}},{"type":"Feature","geometry":{"type":"Point","coordinates":[24.5626812,46.534966]},"properties":{"id":"n2085601972","label":"","label_key":null,"entrance":"yes","building_id":"w88750761","link":"outline","dist_m":0.0,"housenumber":null,"wheelchair":null,"tags":{"entrance":"yes"}}},{"type":"Feature","geometry":{"type":"Point","coordinates":[24.561225,46.5353148]},"properties":{"id":"n2085601975","label":"","label_key":null,"entrance":"yes","building_id":"w88750751","link":"outline","dist_m":0.0,"housenumber":null,"wheelchair":null,"tags":{"entrance":"yes"}}},{"type":"Feature","geometry":{"type":"Point","coordinates":[24.5599205,46.5357393]},"properties":{"id":"n2085602020","label":"","label_key":null,"entrance":"yes","building_id":"w88750743","link":"outline","dist_m":0.0,"housenumber":null,"wheelchair":null,"tags":{"entrance":"yes"}}},{"type":"Feature","geometry":{"type":"Point","coordinates":[24.5607575,46.5346704]},"properties":{"id":"n2085602088","label":"","label_key":null,"entrance":"yes","building_id":"w88750787","link":"outline","dist_m":0.0,"housenumber":null,"wheelchair":null,"tags":{"entrance":"yes"}}},{"type":"Feature","geometry":{"type":"Point","coordinates":[24.5607475,46.5352553]},"properties":{"id":"n2085602103","label":"","label_key":null,"entrance":"yes","building_id":"w88750643","link":"outline","dist_m":0.0,"housenumber":null,"wheelchair":null,"tags":{"entrance":"yes"}}},{"type":"Feature","geometry":{"type":"Point","coordinates":[24.5593516,46.5355792]},"properties":{"id":"n2085602135","label":"","label_key":null,"entrance":"yes","building_id":"w88750734","link":"outline","dist_m":0.0,"housenumber":null,"wheelchair":null,"tags":{"entrance":"yes"}}},{"type":"Feature","geometry":{"type":"Point","coordinates":[24.5604883,46.5353062]},"properties":{"id":"n2085602172","label":"","label_key":null,"entrance":"yes","building_id":"w88750785","link":"outline","dist_m":0.0,"housenumber":null,"wheelchair":null,"tags":{"entrance":"yes"}}},{"type":"Feature","geometry":{"type":"Point","coordinates":[24.5590761,46.5391771]},"properties":{"id":"n2373285809","label":"","label_key":null,"entrance":"yes","building_id":"w229392145","link":"nearest","dist_m":21.6,"housenumber":null,"wheelchair":null,"tags":{"entrance":"yes"}}},{"type":"Feature","geometry":{"type":"Point","coordinates":[24.5586835,46.5392937]},"properties":{"id":"n2373285847","label":"","label_key":null,"entrance":"yes","building_id":"w229392145","link":"nearest","dist_m":44.5,"housenumber":null,"wheelchair":null,"tags":{"entrance":"yes"}}},{"type":"Feature","geometry":{"type":"Point","coordinates":[24.558843,46.5394361]},"properties":{"id":"n2373285921","label":"","label_key":null,"entrance":"yes","building_id":null,"link":null,"dist_m":null,"housenumber":null,"wheelchair":null,"tags":{"entrance":"yes"}}},{"type":"Feature","geometry":{"type":"Point","coordinates":[24.5587022,46.5402438]},"properties":{"id":"n2388639294","label":"nr. 17","label_key":"addr:housenumber","entrance":"yes","building_id":null,"link":null,"dist_m":null,"housenumber":"17","wheelchair":null,"tags":{"addr:city":"Târgu Mureș","addr:housenumber":"17","addr:street":"Piața Victoriei","entrance":"yes"}}},{"type":"Feature","geometry":{"type":"Point","coordinates":[24.5583933,46.5402921]},"properties":{"id":"n2388639295","label":"nr. 17","label_key":"addr:housenumber","entrance":"yes","building_id":null,"link":null,"dist_m":null,"housenumber":"17","wheelchair":null,"tags":{"addr:city":"Târgu Mureș","addr:housenumber":"17","addr:street":"Piața Victoriei","entrance":"yes"}}},{"type":"Feature","geometry":{"type":"Point","coordinates":[24.5572468,46.5403761]},"properties":{"id":"n2468167279","label":"nr. 11","label_key":"addr:housenumber","entrance":"yes","building_id":null,"link":null,"dist_m":null,"housenumber":"11","wheelchair":null,"tags":{"addr:city":"Târgu Mureș","addr:housenumber":"11","addr:street":"Piața Victoriei","entrance":"yes"}}},{"type":"Feature","geometry":{"type":"Point","coordinates":[24.5574419,46.5403328]},"properties":{"id":"n2468167280","label":"nr. 13","label_key":"addr:housenumber","entrance":"yes","building_id":null,"link":null,"dist_m":null,"housenumber":"13","wheelchair":null,"tags":{"addr:city":"Târgu Mureș","addr:housenumber":"13","addr:street":"Piața Victoriei","entrance":"yes"}}},{"type":"Feature","geometry":{"type":"Point","coordinates":[24.5584074,46.5384888]},"properties":{"id":"n4319808430","label":"","label_key":null,"entrance":"yes","building_id":"w31234357","link":"inside","dist_m":0.0,"housenumber":null,"wheelchair":null,"tags":{"entrance":"yes"}}},{"type":"Feature","geometry":{"type":"Point","coordinates":[24.5577955,46.5384721]},"properties":{"id":"n4326028478","label":"","label_key":null,"entrance":"yes","building_id":"w31234357","link":"nearest","dist_m":41.0,"housenumber":null,"wheelchair":null,"tags":{"entrance":"yes"}}},{"type":"Feature","geometry":{"type":"Point","coordinates":[24.5576882,46.5384909]},"properties":{"id":"n4326028483","label":"","label_key":null,"entrance":"yes","building_id":"w31234357","link":"nearest","dist_m":49.5,"housenumber":null,"wheelchair":null,"tags":{"entrance":"yes"}}},{"type":"Feature","geometry":{"type":"Point","coordinates":[24.5578642,46.5385522]},"properties":{"id":"n4326028991","label":"","label_key":null,"entrance":"yes","building_id":"w31234357","link":"nearest","dist_m":37.9,"housenumber":null,"wheelchair":null,"tags":{"entrance":"yes"}}},{"type":"Feature","geometry":{"type":"Point","coordinates":[24.5574285,46.5386061]},"properties":{"id":"n4326028999","label":"","label_key":null,"entrance":"yes","building_id":"w1444732689","link":"nearest","dist_m":48.4,"housenumber":null,"wheelchair":null,"tags":{"entrance":"yes"}}},{"type":"Feature","geometry":{"type":"Point","coordinates":[24.5575479,46.5386893]},"properties":{"id":"n4326029012","label":"","label_key":null,"entrance":"yes","building_id":"w1444732689","link":"nearest","dist_m":35.8,"housenumber":null,"wheelchair":null,"tags":{"entrance":"yes"}}},{"type":"Feature","geometry":{"type":"Point","coordinates":[24.5585688,46.5364927]},"properties":{"id":"n4351463226","label":"","label_key":null,"entrance":"yes","building_id":null,"link":null,"dist_m":null,"housenumber":null,"wheelchair":null,"tags":{"entrance":"yes"}}},{"type":"Feature","geometry":{"type":"Point","coordinates":[24.5599515,46.5389075]},"properties":{"id":"n4718726949","label":"","label_key":null,"entrance":"yes","building_id":"w31236001","link":"outline","dist_m":0.0,"housenumber":null,"wheelchair":null,"tags":{"entrance":"yes"}}},{"type":"Feature","geometry":{"type":"Point","coordinates":[24.5601685,46.5391899]},"properties":{"id":"n4718726950","label":"","label_key":null,"entrance":"yes","building_id":"w90720613","link":"outline","dist_m":0.0,"housenumber":null,"wheelchair":null,"tags":{"entrance":"yes"}}},{"type":"Feature","geometry":{"type":"Point","coordinates":[24.5575897,46.5385346]},"properties":{"id":"n4951692337","label":"","label_key":null,"entrance":"yes","building_id":"w1444732689","link":"nearest","dist_m":49.1,"housenumber":null,"wheelchair":null,"tags":{"entrance":"yes"}}},{"type":"Feature","geometry":{"type":"Point","coordinates":[24.557488,46.5385797]},"properties":{"id":"n4951692338","label":"","label_key":null,"entrance":"yes","building_id":"w1444732689","link":"nearest","dist_m":48.6,"housenumber":null,"wheelchair":null,"tags":{"entrance":"yes"}}},{"type":"Feature","geometry":{"type":"Point","coordinates":[24.5575325,46.5386959]},"properties":{"id":"n5631136465","label":"","label_key":null,"entrance":"yes","building_id":"w1444732689","link":"nearest","dist_m":35.8,"housenumber":null,"wheelchair":null,"tags":{"entrance":"yes"}}},{"type":"Feature","geometry":{"type":"Point","coordinates":[24.5617985,46.539618]},"properties":{"id":"n6125645532","label":"","label_key":null,"entrance":"yes","building_id":"w31530912","link":"outline","dist_m":0.0,"housenumber":null,"wheelchair":null,"tags":{"entrance":"yes"}}},{"type":"Feature","geometry":{"type":"Point","coordinates":[24.5607716,46.5397881]},"properties":{"id":"n6125645533","label":"","label_key":null,"entrance":"yes","building_id":"w31530753","link":"outline","dist_m":0.0,"housenumber":null,"wheelchair":null,"tags":{"entrance":"yes"}}},{"type":"Feature","geometry":{"type":"Point","coordinates":[24.5610859,46.5396892]},"properties":{"id":"n6125645534","label":"","label_key":null,"entrance":"yes","building_id":"w31531131","link":"outline","dist_m":0.0,"housenumber":null,"wheelchair":null,"tags":{"entrance":"yes"}}},{"type":"Feature","geometry":{"type":"Point","coordinates":[24.5596014,46.5365368]},"properties":{"id":"n8731040452","label":"","label_key":null,"entrance":"yes","building_id":"w942875743","link":"outline","dist_m":0.0,"housenumber":null,"wheelchair":null,"tags":{"entrance":"yes"}}},{"type":"Feature","geometry":{"type":"Point","coordinates":[24.5595142,46.5363849]},"properties":{"id":"n8731040453","label":"","label_key":null,"entrance":"yes","building_id":"w942875750","link":"outline","dist_m":0.0,"housenumber":null,"wheelchair":null,"tags":{"entrance":"yes"}}},{"type":"Feature","geometry":{"type":"Point","coordinates":[24.5562081,46.5456241]},"properties":{"id":"n1936658112","label":"","label_key":null,"entrance":"yes","building_id":"w88191869","link":"outline","dist_m":0.0,"housenumber":null,"wheelchair":null,"tags":{"entrance":"yes"}}},{"type":"Feature","geometry":{"type":"Point","coordinates":[24.5504654,46.540415]},"properties":{"id":"n2084900875","label":"","label_key":null,"entrance":"yes","building_id":"w196507997","link":"outline","dist_m":0.0,"housenumber":null,"wheelchair":null,"tags":{"entrance":"yes"}}},{"type":"Feature","geometry":{"type":"Point","coordinates":[24.5497972,46.5409346]},"properties":{"id":"n2084901138","label":"","label_key":"addr:housenumber","entrance":"yes","building_id":"w196508021","link":"outline","dist_m":0.0,"housenumber":"5","wheelchair":null,"tags":{"addr:city":"Târgu Mureș","addr:housenumber":"5","addr:postcode":"540019","addr:street":"Aleea Săvinești","entrance":"yes"},"redundant":true}},{"type":"Feature","geometry":{"type":"Point","coordinates":[24.5498885,46.5406936]},"properties":{"id":"n2084901197","label":"","label_key":null,"entrance":"yes","building_id":"w196507998","link":"outline","dist_m":0.0,"housenumber":null,"wheelchair":null,"tags":{"entrance":"yes"}}},{"type":"Feature","geometry":{"type":"Point","coordinates":[24.550181,46.5406157]},"properties":{"id":"n2084901232","label":"","label_key":null,"entrance":"yes","building_id":"w196508005","link":"outline","dist_m":0.0,"housenumber":null,"wheelchair":null,"tags":{"entrance":"yes"}}},{"type":"Feature","geometry":{"type":"Point","coordinates":[24.5528218,46.5406932]},"properties":{"id":"n2302110866","label":"","label_key":"addr:housenumber","entrance":"main","building_id":"w1362654834","link":"outline","dist_m":0.0,"housenumber":"22","wheelchair":null,"tags":{"addr:city":"Târgu Mureș","addr:housenumber":"22","addr:postcode":"540019","addr:street":"Strada Bodor Péter","door":"yes","entrance":"main"},"redundant":true}},{"type":"Feature","geometry":{"type":"Point","coordinates":[24.5526657,46.5410001]},"properties":{"id":"n2302113118","label":"","label_key":"addr:housenumber","entrance":"main","building_id":"w1362654835","link":"outline","dist_m":0.0,"housenumber":"24","wheelchair":null,"tags":{"addr:city":"Târgu Mureș","addr:housenumber":"24","addr:postcode":"540019","addr:street":"Strada Bodor Péter","door":"yes","entrance":"main"},"redundant":true}},{"type":"Feature","geometry":{"type":"Point","coordinates":[24.5525205,46.541292]},"properties":{"id":"n2302113303","label":"","label_key":"addr:housenumber","entrance":"main","building_id":"w1362654836","link":"outline","dist_m":0.0,"housenumber":"26","wheelchair":null,"tags":{"addr:city":"Târgu Mureș","addr:housenumber":"26","addr:postcode":"540019","addr:street":"Strada Bodor Péter","door":"yes","entrance":"main"},"redundant":true}},{"type":"Feature","geometry":{"type":"Point","coordinates":[24.5523719,46.5416057]},"properties":{"id":"n2302113527","label":"","label_key":"addr:housenumber","entrance":"main","building_id":"w1362654837","link":"outline","dist_m":0.0,"housenumber":"28","wheelchair":null,"tags":{"addr:city":"Târgu Mureș","addr:housenumber":"28","addr:postcode":"540019","addr:street":"Strada Bodor Péter","door":"yes","entrance":"main"},"redundant":true}},{"type":"Feature","geometry":{"type":"Point","coordinates":[24.5500792,46.5434008]},"properties":{"id":"n2581133736","label":"","label_key":null,"entrance":"yes","building_id":"w1470014801","link":"nearest","dist_m":29.4,"housenumber":null,"wheelchair":null,"tags":{"entrance":"yes"}}},{"type":"Feature","geometry":{"type":"Point","coordinates":[24.5606942,46.5462668]},"properties":{"id":"n966524380","label":"","label_key":null,"entrance":"yes","building_id":"w36537838","link":"nearest","dist_m":48.1,"housenumber":null,"wheelchair":null,"tags":{"entrance":"yes"}}},{"type":"Feature","geometry":{"type":"Point","coordinates":[24.5585334,46.540741]},"properties":{"id":"n1423952686","label":"nr. 19","label_key":"addr:housenumber","entrance":"yes","building_id":null,"link":null,"dist_m":null,"housenumber":"19","wheelchair":null,"tags":{"addr:city":"Târgu Mureș","addr:housenumber":"19","addr:street":"Piața Victoriei","entrance":"yes"}}},{"type":"Feature","geometry":{"type":"Point","coordinates":[24.5584934,46.5409734]},"properties":{"id":"n1423952689","label":"nr. 21","label_key":"addr:housenumber","entrance":"yes","building_id":null,"link":null,"dist_m":null,"housenumber":"21","wheelchair":null,"tags":{"addr:city":"Târgu Mureș","addr:housenumber":"21","addr:street":"Piața Victoriei","entrance":"yes"}}},{"type":"Feature","geometry":{"type":"Point","coordinates":[24.5584561,46.5412108]},"properties":{"id":"n1423952692","label":"nr. 23","label_key":"addr:housenumber","entrance":"yes","building_id":null,"link":null,"dist_m":null,"housenumber":"23","wheelchair":null,"tags":{"addr:city":"Târgu Mureș","addr:housenumber":"23","addr:street":"Piața Victoriei","entrance":"yes"}}},{"type":"Feature","geometry":{"type":"Point","coordinates":[24.5584201,46.5414402]},"properties":{"id":"n1423952694","label":"nr. 25","label_key":"addr:housenumber","entrance":"yes","building_id":null,"link":null,"dist_m":null,"housenumber":"25","wheelchair":null,"tags":{"addr:city":"Târgu Mureș","addr:housenumber":"25","addr:street":"Piața Victoriei","entrance":"yes"}}},{"type":"Feature","geometry":{"type":"Point","coordinates":[24.557484,46.5418557]},"properties":{"id":"n1787989610","label":"","label_key":null,"entrance":"main","building_id":"w228891356","link":"outline","dist_m":0.0,"housenumber":null,"wheelchair":null,"tags":{"entrance":"main"}}},{"type":"Feature","geometry":{"type":"Point","coordinates":[24.5574326,46.5423178]},"properties":{"id":"n1787989640","label":"","label_key":null,"entrance":"yes","building_id":"w31530825","link":"inside","dist_m":0.0,"housenumber":null,"wheelchair":null,"tags":{"entrance":"yes"}}},{"type":"Feature","geometry":{"type":"Point","coordinates":[24.5574873,46.5429643]},"properties":{"id":"n1787989657","label":"","label_key":null,"entrance":"main","building_id":"r5437041","link":"nearest","dist_m":36.3,"housenumber":null,"wheelchair":null,"tags":{"entrance":"main"}}},{"type":"Feature","geometry":{"type":"Point","coordinates":[24.5578956,46.5431946]},"properties":{"id":"n1787989661","label":"","label_key":null,"entrance":"main","building_id":"r5437041","link":"inside","dist_m":0.0,"housenumber":null,"wheelchair":null,"tags":{"entrance":"main"}}},{"type":"Feature","geometry":{"type":"Point","coordinates":[24.5583237,46.5431976]},"properties":{"id":"n1787989663","label":"","label_key":null,"entrance":"yes","building_id":"r5437041","link":"inside","dist_m":0.0,"housenumber":null,"wheelchair":null,"tags":{"entrance":"yes"}}},{"type":"Feature","geometry":{"type":"Point","coordinates":[24.559424,46.5432504]},"properties":{"id":"n1838594872","label":"","label_key":null,"entrance":"yes","building_id":"w31531053","link":"outline","dist_m":0.0,"housenumber":null,"wheelchair":null,"tags":{"entrance":"yes"}}},{"type":"Feature","geometry":{"type":"Point","coordinates":[24.5595584,46.5433147]},"properties":{"id":"n1838594880","label":"","label_key":null,"entrance":"yes","building_id":"w31531053","link":"outline","dist_m":0.0,"housenumber":null,"wheelchair":null,"tags":{"entrance":"yes"}}},{"type":"Feature","geometry":{"type":"Point","coordinates":[24.5600648,46.5433264]},"properties":{"id":"n1838594882","label":"","label_key":null,"entrance":"yes","building_id":"w173031885","link":"outline","dist_m":0.0,"housenumber":null,"wheelchair":null,"tags":{"entrance":"yes"}}},{"type":"Feature","geometry":{"type":"Point","coordinates":[24.5566081,46.5449798]},"properties":{"id":"n1936658100","label":"","label_key":null,"entrance":"yes","building_id":"w1305797708","link":"nearest","dist_m":42.7,"housenumber":null,"wheelchair":null,"tags":{"entrance":"yes"}}},{"type":"Feature","geometry":{"type":"Point","coordinates":[24.5566901,46.5451637]},"properties":{"id":"n1936658103","label":"","label_key":null,"entrance":"yes","building_id":null,"link":null,"dist_m":null,"housenumber":null,"wheelchair":null,"tags":{"entrance":"yes"}}},{"type":"Feature","geometry":{"type":"Point","coordinates":[24.5574463,46.5415924]},"properties":{"id":"n2375492435","label":"","label_key":null,"entrance":"yes","building_id":"w228891356","link":"inside","dist_m":0.0,"housenumber":null,"wheelchair":null,"tags":{"entrance":"yes"}}},{"type":"Feature","geometry":{"type":"Point","coordinates":[24.5571892,46.541675]},"properties":{"id":"n2375492509","label":"","label_key":null,"entrance":"yes","building_id":"w228891356","link":"inside","dist_m":0.0,"housenumber":null,"wheelchair":null,"tags":{"entrance":"yes"}}},{"type":"Feature","geometry":{"type":"Point","coordinates":[24.5624928,46.5439274]},"properties":{"id":"n2443438815","label":"","label_key":null,"entrance":"yes","building_id":"w31530634","link":"nearest","dist_m":13.5,"housenumber":null,"wheelchair":null,"tags":{"entrance":"yes"}}},{"type":"Feature","geometry":{"type":"Point","coordinates":[24.5623479,46.5440143]},"properties":{"id":"n2443438818","label":"","label_key":null,"entrance":"yes","building_id":"w31531001","link":"nearest","dist_m":13.3,"housenumber":null,"wheelchair":null,"tags":{"entrance":"yes"}}},{"type":"Feature","geometry":{"type":"Point","coordinates":[24.562203,46.5441012]},"properties":{"id":"n2443438820","label":"","label_key":null,"entrance":"yes","building_id":"w31530903","link":"nearest","dist_m":13.8,"housenumber":null,"wheelchair":null,"tags":{"entrance":"yes"}}},{"type":"Feature","geometry":{"type":"Point","coordinates":[24.562058,46.5441881]},"properties":{"id":"n2443438822","label":"","label_key":null,"entrance":"yes","building_id":"w31530903","link":"nearest","dist_m":16.3,"housenumber":null,"wheelchair":null,"tags":{"entrance":"yes"}}},{"type":"Feature","geometry":{"type":"Point","coordinates":[24.5617173,46.5442335]},"properties":{"id":"n2443438825","label":"","label_key":null,"entrance":"yes","building_id":"w38152608","link":"nearest","dist_m":4.5,"housenumber":null,"wheelchair":null,"tags":{"entrance":"yes"}}},{"type":"Feature","geometry":{"type":"Point","coordinates":[24.5568581,46.54296]},"properties":{"id":"n2489389085","label":"","label_key":null,"entrance":"yes","building_id":"w31530750","link":"nearest","dist_m":11.5,"housenumber":null,"wheelchair":null,"tags":{"entrance":"yes"}}},{"type":"Feature","geometry":{"type":"Point","coordinates":[24.557207,46.5433517]},"properties":{"id":"n2489389089","label":"","label_key":null,"entrance":"yes","building_id":"w365708444","link":"nearest","dist_m":11.5,"housenumber":null,"wheelchair":null,"tags":{"entrance":"yes"}}},{"type":"Feature","geometry":{"type":"Point","coordinates":[24.5593038,46.5438923]},"properties":{"id":"n2546166202","label":"","label_key":null,"entrance":"yes","building_id":"w31530940","link":"outline","dist_m":0.0,"housenumber":null,"wheelchair":null,"tags":{"entrance":"yes"}}},{"type":"Feature","geometry":{"type":"Point","coordinates":[24.5567669,46.542355]},"properties":{"id":"n5599305597","label":"","label_key":null,"entrance":"yes","building_id":"w31530825","link":"inside","dist_m":0.0,"housenumber":null,"wheelchair":null,"tags":{"entrance":"yes"}}},{"type":"Feature","geometry":{"type":"Point","coordinates":[24.5573413,46.5425882]},"properties":{"id":"n5599305598","label":"","label_key":null,"entrance":"yes","building_id":"w31530825","link":"inside","dist_m":0.0,"housenumber":null,"wheelchair":null,"tags":{"entrance":"yes"}}},{"type":"Feature","geometry":{"type":"Point","coordinates":[24.5616606,46.5404328]},"properties":{"id":"n13645973426","label":"","label_key":null,"entrance":"yes","building_id":"w1466215705","link":"nearest","dist_m":1.5,"housenumber":null,"wheelchair":null,"tags":{"entrance":"yes"}}},{"type":"Feature","geometry":{"type":"Point","coordinates":[24.5617769,46.5405395]},"properties":{"id":"n13645973430","label":"","label_key":null,"entrance":"yes","building_id":"w1466215706","link":"nearest","dist_m":1.6,"housenumber":null,"wheelchair":null,"tags":{"entrance":"yes"}}},{"type":"Feature","geometry":{"type":"Point","coordinates":[24.5722963,46.5267385]},"properties":{"id":"n9794437735","label":"","label_key":null,"entrance":"yes","building_id":"w193349995","link":"outline","dist_m":0.0,"housenumber":null,"wheelchair":null,"tags":{"entrance":"yes"}}},{"type":"Feature","geometry":{"type":"Point","coordinates":[24.5725975,46.526536]},"properties":{"id":"n9794437736","label":"","label_key":null,"entrance":"yes","building_id":"w193349996","link":"outline","dist_m":0.0,"housenumber":null,"wheelchair":null,"tags":{"entrance":"yes"}}},{"type":"Feature","geometry":{"type":"Point","coordinates":[24.5680572,46.5332331]},"properties":{"id":"n1022949909","label":"nr. 16","label_key":"addr:housenumber","entrance":"yes","building_id":null,"link":null,"dist_m":null,"housenumber":"16","wheelchair":null,"tags":{"addr:city":"Târgu Mureș","addr:housenumber":"16","addr:street":"Bulevardul Pandurilor","entrance":"yes"}}},{"type":"Feature","geometry":{"type":"Point","coordinates":[24.5677861,46.5328991]},"properties":{"id":"n1022952033","label":"nr. 14","label_key":"addr:housenumber","entrance":"yes","building_id":null,"link":null,"dist_m":null,"housenumber":"14","wheelchair":null,"tags":{"addr:city":"Târgu Mureș","addr:housenumber":"14","addr:street":"Bulevardul Pandurilor","entrance":"yes"}}},{"type":"Feature","geometry":{"type":"Point","coordinates":[24.5690698,46.5332716]},"properties":{"id":"n1022952718","label":"nr. 28","label_key":"addr:housenumber","entrance":"yes","building_id":null,"link":null,"dist_m":null,"housenumber":"28","wheelchair":null,"tags":{"addr:city":"Târgu Mureș","addr:housenumber":"28","addr:street":"Bulevardul Pandurilor","entrance":"yes"}}},{"type":"Feature","geometry":{"type":"Point","coordinates":[24.5685666,46.5332716]},"properties":{"id":"n1022952995","label":"nr. 18","label_key":"addr:housenumber","entrance":"yes","building_id":null,"link":null,"dist_m":null,"housenumber":"18","wheelchair":null,"tags":{"addr:city":"Târgu Mureș","addr:housenumber":"18","addr:street":"Bulevardul Pandurilor","entrance":"yes"}}},{"type":"Feature","geometry":{"type":"Point","coordinates":[24.5674869,46.532578]},"properties":{"id":"n1022956124","label":"","label_key":"addr:housenumber","entrance":"yes","building_id":"w88004594","link":"outline","dist_m":0.0,"housenumber":"9","wheelchair":null,"tags":{"addr:city":"Târgu Mureș","addr:housenumber":"9","addr:street":"Calea Sighișoarei","entrance":"yes"},"redundant":true}},{"type":"Feature","geometry":{"type":"Point","coordinates":[24.5693236,46.5337718]},"properties":{"id":"n1533224311","label":"nr. 45","label_key":"addr:housenumber","entrance":"yes","building_id":null,"link":null,"dist_m":null,"housenumber":"45","wheelchair":null,"tags":{"addr:city":"Târgu Mureș","addr:housenumber":"45","addr:street":"Bulevardul Pandurilor","entrance":"yes"}}},{"type":"Feature","geometry":{"type":"Point","coordinates":[24.5690807,46.5337749]},"properties":{"id":"n1533224317","label":"nr. 43","label_key":"addr:housenumber","entrance":"yes","building_id":null,"link":null,"dist_m":null,"housenumber":"43","wheelchair":null,"tags":{"addr:city":"Târgu Mureș","addr:housenumber":"43","addr:street":"Bulevardul Pandurilor","entrance":"yes"}}},{"type":"Feature","geometry":{"type":"Point","coordinates":[24.5685063,46.5337771]},"properties":{"id":"n1533224320","label":"nr. 25a","label_key":"addr:housenumber","entrance":"yes","building_id":null,"link":null,"dist_m":null,"housenumber":"25a","wheelchair":null,"tags":{"addr:city":"Târgu Mureș","addr:housenumber":"25a","addr:street":"Bulevardul Pandurilor","entrance":"yes"}}},{"type":"Feature","geometry":{"type":"Point","coordinates":[24.5682765,46.5337785]},"properties":{"id":"n1533224346","label":"nr. 25","label_key":"addr:housenumber","entrance":"yes","building_id":null,"link":null,"dist_m":null,"housenumber":"25","wheelchair":null,"tags":{"addr:city":"Târgu Mureș","addr:housenumber":"25","addr:street":"Bulevardul Pandurilor","entrance":"yes"}}},{"type":"Feature","geometry":{"type":"Point","coordinates":[24.5676969,46.5337835]},"properties":{"id":"n1533224427","label":"nr. 23","label_key":"addr:housenumber","entrance":"yes","building_id":null,"link":null,"dist_m":null,"housenumber":"23","wheelchair":null,"tags":{"addr:city":"Târgu Mureș","addr:housenumber":"23","addr:street":"Bulevardul Pandurilor","entrance":"yes"}}},{"type":"Feature","geometry":{"type":"Point","coordinates":[24.5674592,46.5337854]},"properties":{"id":"n1533224431","label":"nr. 21","label_key":"addr:housenumber","entrance":"yes","building_id":null,"link":null,"dist_m":null,"housenumber":"21","wheelchair":null,"tags":{"addr:city":"Târgu Mureș","addr:housenumber":"21","addr:street":"Bulevardul Pandurilor","entrance":"yes"}}},{"type":"Feature","geometry":{"type":"Point","coordinates":[24.566935,46.5338123]},"properties":{"id":"n1533224463","label":"nr. 19","label_key":"addr:housenumber","entrance":"yes","building_id":null,"link":null,"dist_m":null,"housenumber":"19","wheelchair":null,"tags":{"addr:city":"Târgu Mureș","addr:housenumber":"19","addr:street":"Bulevardul Pandurilor","entrance":"yes"}}},{"type":"Feature","geometry":{"type":"Point","coordinates":[24.5662514,46.532679]},"properties":{"id":"n1534695211","label":"nr. 1","label_key":"addr:housenumber","entrance":"yes","building_id":"w88016132","link":"outline","dist_m":0.0,"housenumber":"1","wheelchair":null,"tags":{"addr:city":"Târgu Mureș","addr:housenumber":"1","addr:street":"Calea Sighișoarei","entrance":"yes"}}},{"type":"Feature","geometry":{"type":"Point","coordinates":[24.5653588,46.5336225]},"properties":{"id":"n1534695215","label":"nr. 10","label_key":"addr:housenumber","entrance":"yes","building_id":null,"link":null,"dist_m":null,"housenumber":"10","wheelchair":null,"tags":{"addr:city":"Târgu Mureș","addr:housenumber":"10","addr:street":"Bulevardul Pandurilor","entrance":"yes"}}},{"type":"Feature","geometry":{"type":"Point","coordinates":[24.5679812,46.5325705]},"properties":{"id":"n1534695224","label":"nr. 11","label_key":"addr:housenumber","entrance":"yes","building_id":"w88004460","link":"outline","dist_m":0.0,"housenumber":"11","wheelchair":null,"tags":{"addr:city":"Târgu Mureș","addr:housenumber":"11","addr:postcode":"540362","addr:street":"Calea Sighișoarei","entrance":"yes"}}},{"type":"Feature","geometry":{"type":"Point","coordinates":[24.5679953,46.5326781]},"properties":{"id":"n1534695228","label":"nr. 11","label_key":"addr:housenumber","entrance":"yes","building_id":"w88004460","link":"outline","dist_m":0.0,"housenumber":"11","wheelchair":null,"tags":{"addr:city":"Târgu Mureș","addr:housenumber":"11","addr:street":"Calea Sighișoarei","entrance":"yes"}}},{"type":"Feature","geometry":{"type":"Point","coordinates":[24.565642,46.5335105]},"properties":{"id":"n1534695231","label":"nr. 12","label_key":"addr:housenumber","entrance":"yes","building_id":null,"link":null,"dist_m":null,"housenumber":"12","wheelchair":null,"tags":{"addr:city":"Târgu Mureș","addr:housenumber":"12","addr:street":"Bulevardul Pandurilor","entrance":"yes"}}},{"type":"Feature","geometry":{"type":"Point","coordinates":[24.5681834,46.5325637]},"properties":{"id":"n1534695233","label":"nr. 13","label_key":"addr:housenumber","entrance":"yes","building_id":"w88004460","link":"outline","dist_m":0.0,"housenumber":"13","wheelchair":null,"tags":{"addr:city":"Târgu Mureș","addr:housenumber":"13","addr:street":"Calea Sighișoarei","entrance":"yes"}}},{"type":"Feature","geometry":{"type":"Point","coordinates":[24.5684543,46.5325545]},"properties":{"id":"n1534695244","label":"nr. 15","label_key":"addr:housenumber","entrance":"yes","building_id":"w88004460","link":"outline","dist_m":0.0,"housenumber":"15","wheelchair":null,"tags":{"addr:city":"Târgu Mureș","addr:housenumber":"15","addr:street":"Calea Sighișoarei","entrance":"yes"}}},{"type":"Feature","geometry":{"type":"Point","coordinates":[24.5684649,46.5326622]},"properties":{"id":"n1534695248","label":"nr. 15","label_key":"addr:housenumber","entrance":"yes","building_id":"w88004460","link":"outline","dist_m":0.0,"housenumber":"15","wheelchair":null,"tags":{"addr:city":"Târgu Mureș","addr:housenumber":"15","addr:street":"Calea Sighișoarei","entrance":"yes"}}},{"type":"Feature","geometry":{"type":"Point","coordinates":[24.5688687,46.532539]},"properties":{"id":"n1534695251","label":"nr. 17","label_key":"addr:housenumber","entrance":"yes","building_id":"w88004431","link":"outline","dist_m":0.0,"housenumber":"17","wheelchair":null,"tags":{"addr:city":"Târgu Mureș","addr:housenumber":"17","addr:street":"Calea Sighișoarei","entrance":"yes"}}},{"type":"Feature","geometry":{"type":"Point","coordinates":[24.5688775,46.5326491]},"properties":{"id":"n1534695252","label":"nr. 17","label_key":"addr:housenumber","entrance":"yes","building_id":"w88004431","link":"outline","dist_m":0.0,"housenumber":"17","wheelchair":null,"tags":{"addr:city":"Târgu Mureș","addr:housenumber":"17","addr:street":"Calea Sighișoarei","entrance":"yes"}}},{"type":"Feature","geometry":{"type":"Point","coordinates":[24.5691027,46.532531]},"properties":{"id":"n1534695259","label":"nr. 19","label_key":"addr:housenumber","entrance":"yes","building_id":"w88004431","link":"outline","dist_m":0.0,"housenumber":"19","wheelchair":null,"tags":{"addr:city":"Târgu Mureș","addr:housenumber":"19","addr:street":"Calea Sighișoarei","entrance":"yes"}}},{"type":"Feature","geometry":{"type":"Point","coordinates":[24.5691115,46.5326412]},"properties":{"id":"n1534695264","label":"nr. 19","label_key":"addr:housenumber","entrance":"yes","building_id":"w88004431","link":"outline","dist_m":0.0,"housenumber":"19","wheelchair":null,"tags":{"addr:city":"Târgu Mureș","addr:housenumber":"19","addr:street":"Calea Sighișoarei","entrance":"yes"}}},{"type":"Feature","geometry":{"type":"Point","coordinates":[24.5682901,46.533066]},"properties":{"id":"n1534695272","label":"nr. 20","label_key":"addr:housenumber","entrance":"yes","building_id":null,"link":null,"dist_m":null,"housenumber":"20","wheelchair":null,"tags":{"addr:city":"Târgu Mureș","addr:housenumber":"20","addr:street":"Bulevardul Pandurilor","entrance":"yes"}}},{"type":"Feature","geometry":{"type":"Point","coordinates":[24.5693243,46.532634]},"properties":{"id":"n1534695274","label":"nr. 21","label_key":"addr:housenumber","entrance":"yes","building_id":"w88004431","link":"outline","dist_m":0.0,"housenumber":"21","wheelchair":null,"tags":{"addr:city":"Târgu Mureș","addr:housenumber":"21","addr:street":"Calea Sighișoarei","entrance":"yes"}}},{"type":"Feature","geometry":{"type":"Point","coordinates":[24.5681422,46.532948]},"properties":{"id":"n1534695276","label":"nr. 22","label_key":"addr:housenumber","entrance":"yes","building_id":null,"link":null,"dist_m":null,"housenumber":"22","wheelchair":null,"tags":{"addr:city":"Târgu Mureș","addr:housenumber":"22","addr:street":"Bulevardul Pandurilor","entrance":"yes"}}},{"type":"Feature","geometry":{"type":"Point","coordinates":[24.5686209,46.5329198]},"properties":{"id":"n1534695282","label":"nr. 24","label_key":"addr:housenumber","entrance":"yes","building_id":null,"link":null,"dist_m":null,"housenumber":"24","wheelchair":null,"tags":{"addr:city":"Târgu Mureș","addr:housenumber":"24","addr:street":"Bulevardul Pandurilor","entrance":"yes"}}},{"type":"Feature","geometry":{"type":"Point","coordinates":[24.5687601,46.5330359]},"properties":{"id":"n1534695299","label":"nr. 26","label_key":"addr:housenumber","entrance":"yes","building_id":null,"link":null,"dist_m":null,"housenumber":"26","wheelchair":null,"tags":{"addr:city":"Târgu Mureș","addr:housenumber":"26","addr:street":"Bulevardul Pandurilor","entrance":"yes"}}},{"type":"Feature","geometry":{"type":"Point","coordinates":[24.5663174,46.5324552]},"properties":{"id":"n1534695300","label":"nr. 3","label_key":"addr:housenumber","entrance":"yes","building_id":"w88016132","link":"outline","dist_m":0.0,"housenumber":"3","wheelchair":null,"tags":{"addr:city":"Târgu Mureș","addr:housenumber":"3","addr:street":"Calea Sighișoarei","entrance":"yes"}}},{"type":"Feature","geometry":{"type":"Point","coordinates":[24.5692701,46.533017]},"properties":{"id":"n1534695301","label":"nr. 34","label_key":"addr:housenumber","entrance":"yes","building_id":null,"link":null,"dist_m":null,"housenumber":"34","wheelchair":null,"tags":{"addr:city":"Târgu Mureș","addr:housenumber":"34","addr:street":"Bulevardul Pandurilor","entrance":"yes"}}},{"type":"Feature","geometry":{"type":"Point","coordinates":[24.5691242,46.5329006]},"properties":{"id":"n1534695302","label":"nr. 36","label_key":"addr:housenumber","entrance":"yes","building_id":null,"link":null,"dist_m":null,"housenumber":"36","wheelchair":null,"tags":{"addr:city":"Târgu Mureș","addr:housenumber":"36","addr:street":"Bulevardul Pandurilor","entrance":"yes"}}},{"type":"Feature","geometry":{"type":"Point","coordinates":[24.566697,46.5328213]},"properties":{"id":"n1534695322","label":"nr. 5","label_key":"addr:housenumber","entrance":"yes","building_id":"w88016194","link":"outline","dist_m":0.0,"housenumber":"5","wheelchair":null,"tags":{"addr:city":"Târgu Mureș","addr:housenumber":"5","addr:street":"Calea Sighișoarei","entrance":"yes"}}},{"type":"Feature","geometry":{"type":"Point","coordinates":[24.5668165,46.5325494]},"properties":{"id":"n1534695333","label":"nr. 7","label_key":"addr:housenumber","entrance":"yes","building_id":"w88016194","link":"outline","dist_m":0.0,"housenumber":"7","wheelchair":null,"tags":{"addr:city":"Târgu Mureș","addr:housenumber":"7","addr:street":"Calea Sighișoarei","entrance":"yes"}}},{"type":"Feature","geometry":{"type":"Point","coordinates":[24.5693119,46.532524]},"properties":{"id":"n1534695354","label":"nr. 21","label_key":"addr:housenumber","entrance":"yes","building_id":"w88004431","link":"outline","dist_m":0.0,"housenumber":"21","wheelchair":null,"tags":{"addr:city":"Târgu Mureș","addr:housenumber":"21","addr:postcode":"540362","addr:street":"Calea Sighișoarei","entrance":"yes"}}},{"type":"Feature","geometry":{"type":"Point","coordinates":[24.5681956,46.5326714]},"properties":{"id":"n1534695373","label":"nr. 13","label_key":"addr:housenumber","entrance":"yes","building_id":"w88004460","link":"outline","dist_m":0.0,"housenumber":"13","wheelchair":null,"tags":{"addr:city":"Târgu Mureș","addr:housenumber":"13","addr:postcode":"540362","addr:street":"Calea Sighișoarei","door":"yes","entrance":"yes"}}},{"type":"Feature","geometry":{"type":"Point","coordinates":[24.5641936,46.5333432]},"properties":{"id":"n1760840690","label":"nr. 36","label_key":"addr:housenumber","entrance":"yes","building_id":null,"link":null,"dist_m":null,"housenumber":"36","wheelchair":null,"tags":{"addr:city":"Târgu Mureș","addr:housenumber":"36","addr:postcode":"540362","addr:street":"Strada Măgurei","entrance":"yes"}}},{"type":"Feature","geometry":{"type":"Point","coordinates":[24.5648096,46.5330377]},"properties":{"id":"n1761282542","label":"nr. 40","label_key":"addr:housenumber","entrance":"yes","building_id":null,"link":null,"dist_m":null,"housenumber":"40","wheelchair":null,"tags":{"addr:city":"Târgu Mureș","addr:housenumber":"40","addr:postcode":"540362","addr:street":"Strada Măgurei","entrance":"yes"}}},{"type":"Feature","geometry":{"type":"Point","coordinates":[24.5646539,46.5331644]},"properties":{"id":"n1761282543","label":"nr. 38","label_key":"addr:housenumber","entrance":"yes","building_id":null,"link":null,"dist_m":null,"housenumber":"38","wheelchair":null,"tags":{"addr:city":"Târgu Mureș","addr:housenumber":"38","addr:postcode":"540362","addr:street":"Strada Măgurei","entrance":"yes"}}},{"type":"Feature","geometry":{"type":"Point","coordinates":[24.5630406,46.5324206]},"properties":{"id":"n1787490799","label":"nr. 39","label_key":"addr:housenumber","entrance":"yes","building_id":null,"link":null,"dist_m":null,"housenumber":"39","wheelchair":null,"tags":{"addr:city":"Târgu Mureș","addr:housenumber":"39","addr:street":"Strada Parângului","entrance":"yes"}}},{"type":"Feature","geometry":{"type":"Point","coordinates":[24.5629373,46.5314919]},"properties":{"id":"n1787490815","label":"","label_key":null,"entrance":"yes","building_id":"w89702599","link":"outline","dist_m":0.0,"housenumber":null,"wheelchair":null,"tags":{"entrance":"yes"}}},{"type":"Feature","geometry":{"type":"Point","coordinates":[24.5632323,46.5321041]},"properties":{"id":"n1787490833","label":"","label_key":null,"entrance":"yes","building_id":"w89702562","link":"outline","dist_m":0.0,"housenumber":null,"wheelchair":null,"tags":{"entrance":"yes"}}},{"type":"Feature","geometry":{"type":"Point","coordinates":[24.5637685,46.5337791]},"properties":{"id":"n2085601777","label":"nr. 26","label_key":"addr:housenumber","entrance":"yes","building_id":null,"link":null,"dist_m":null,"housenumber":"26","wheelchair":null,"tags":{"addr:city":"Târgu Mureș","addr:housenumber":"26","addr:street":"Strada Măgurei","entrance":"yes"}}},{"type":"Feature","geometry":{"type":"Point","coordinates":[24.5639734,46.5336827]},"properties":{"id":"n2085601791","label":"nr. 28","label_key":"addr:housenumber","entrance":"yes","building_id":null,"link":null,"dist_m":null,"housenumber":"28","wheelchair":null,"tags":{"addr:city":"Târgu Mureș","addr:housenumber":"28","addr:street":"Strada Măgurei","entrance":"yes"}}},{"type":"Feature","geometry":{"type":"Point","coordinates":[24.564153,46.5335787]},"properties":{"id":"n2085601834","label":"nr. 30","label_key":"addr:housenumber","entrance":"yes","building_id":null,"link":null,"dist_m":null,"housenumber":"30","wheelchair":null,"tags":{"addr:city":"Târgu Mureș","addr:housenumber":"30","addr:street":"Strada Măgurei","entrance":"yes"}}},{"type":"Feature","geometry":{"type":"Point","coordinates":[24.564395,46.5336345]},"properties":{"id":"n2085601858","label":"nr. 32","label_key":"addr:housenumber","entrance":"yes","building_id":null,"link":null,"dist_m":null,"housenumber":"32","wheelchair":null,"tags":{"addr:city":"Târgu Mureș","addr:housenumber":"32","addr:street":"Strada Măgurei","entrance":"yes"}}},{"type":"Feature","geometry":{"type":"Point","coordinates":[24.5647529,46.5335133]},"properties":{"id":"n2085601871","label":"nr. 34","label_key":"addr:housenumber","entrance":"yes","building_id":null,"link":null,"dist_m":null,"housenumber":"34","wheelchair":null,"tags":{"addr:city":"Târgu Mureș","addr:housenumber":"34","addr:street":"Strada Măgurei","entrance":"yes"}}},{"type":"Feature","geometry":{"type":"Point","coordinates":[24.5696859,46.5331764]},"properties":{"id":"n1022949648","label":"nr. 32","label_key":"addr:housenumber","entrance":"yes","building_id":null,"link":null,"dist_m":null,"housenumber":"32","wheelchair":null,"tags":{"addr:city":"Târgu Mureș","addr:housenumber":"32","addr:street":"Bulevardul Pandurilor","entrance":"yes"}}},{"type":"Feature","geometry":{"type":"Point","coordinates":[24.5695514,46.5332559]},"properties":{"id":"n1022951010","label":"nr. 30","label_key":"addr:housenumber","entrance":"yes","building_id":null,"link":null,"dist_m":null,"housenumber":"30","wheelchair":null,"tags":{"addr:city":"Târgu Mureș","addr:housenumber":"30","addr:street":"Bulevardul Pandurilor","entrance":"yes"}}},{"type":"Feature","geometry":{"type":"Point","coordinates":[24.5700245,46.5324576]},"properties":{"id":"n1022951252","label":"nr. 25","label_key":"addr:housenumber","entrance":"yes","building_id":"w88004522","link":"outline","dist_m":0.0,"housenumber":"25","wheelchair":null,"tags":{"addr:city":"Târgu Mureș","addr:housenumber":"25","addr:postcode":"540362","addr:street":"Calea Sighișoarei","entrance":"yes"}}},{"type":"Feature","geometry":{"type":"Point","coordinates":[24.5695402,46.5333435]},"properties":{"id":"n1022952469","label":"","label_key":null,"entrance":"yes","building_id":null,"link":null,"dist_m":null,"housenumber":null,"wheelchair":null,"tags":{"addr:street":"Bulevardul Pandurilor","entrance":"yes"}}},{"type":"Feature","geometry":{"type":"Point","coordinates":[24.5698551,46.5326097]},"properties":{"id":"n1022955337","label":"nr. 23","label_key":"addr:housenumber","entrance":"yes","building_id":"w88004522","link":"outline","dist_m":0.0,"housenumber":"23","wheelchair":null,"tags":{"addr:city":"Târgu Mureș","addr:housenumber":"23","addr:postcode":"540362","addr:street":"Calea Sighișoarei","entrance":"yes"}}},{"type":"Feature","geometry":{"type":"Point","coordinates":[24.569745,46.5324633]},"properties":{"id":"n1534695279","label":"nr. 23","label_key":"addr:housenumber","entrance":"yes","building_id":"w88004522","link":"outline","dist_m":0.0,"housenumber":"23","wheelchair":null,"tags":{"addr:city":"Târgu Mureș","addr:housenumber":"23","addr:street":"Calea Sighișoarei","entrance":"yes"}}},{"type":"Feature","geometry":{"type":"Point","coordinates":[24.5698563,46.5324006]},"properties":{"id":"n1534695285","label":"nr. 25","label_key":"addr:housenumber","entrance":"yes","building_id":"w88004522","link":"outline","dist_m":0.0,"housenumber":"25","wheelchair":null,"tags":{"addr:city":"Târgu Mureș","addr:housenumber":"25","addr:street":"Calea Sighișoarei","entrance":"yes"}}},{"type":"Feature","geometry":{"type":"Point","coordinates":[24.5698918,46.5327359]},"properties":{"id":"n1534695311","label":"nr. 38","label_key":"addr:housenumber","entrance":"yes","building_id":null,"link":null,"dist_m":null,"housenumber":"38","wheelchair":null,"tags":{"addr:city":"Târgu Mureș","addr:housenumber":"38","addr:street":"Bulevardul Pandurilor","entrance":"yes"}}},{"type":"Feature","geometry":{"type":"Point","coordinates":[24.5700037,46.5326736]},"properties":{"id":"n1534695320","label":"nr. 40","label_key":"addr:housenumber","entrance":"yes","building_id":null,"link":null,"dist_m":null,"housenumber":"40","wheelchair":null,"tags":{"addr:city":"Târgu Mureș","addr:housenumber":"40","addr:street":"Bulevardul Pandurilor","entrance":"yes"}}},{"type":"Feature","geometry":{"type":"Point","coordinates":[24.5701699,46.5327301]},"properties":{"id":"n1534695376","label":"","label_key":null,"entrance":"yes","building_id":"w88004522","link":"nearest","dist_m":23.3,"housenumber":null,"wheelchair":null,"tags":{"addr:street":"Bulevardul Pandurilor","entrance":"yes"}}},{"type":"Feature","geometry":{"type":"Point","coordinates":[24.5700019,46.5328822]},"properties":{"id":"n1534695426","label":"","label_key":null,"entrance":"yes","building_id":"w88004522","link":"nearest","dist_m":30.4,"housenumber":null,"wheelchair":null,"tags":{"addr:street":"Bulevardul Pandurilor","entrance":"yes"}}},{"type":"Feature","geometry":{"type":"Point","coordinates":[24.5697906,46.5331955]},"properties":{"id":"n1534695456","label":"","label_key":null,"entrance":"yes","building_id":null,"link":null,"dist_m":null,"housenumber":null,"wheelchair":null,"tags":{"addr:street":"Bulevardul Pandurilor","entrance":"yes"}}},{"type":"Feature","geometry":{"type":"Point","coordinates":[24.5723028,46.5337121]},"properties":{"id":"n1789948281","label":"","label_key":null,"entrance":"yes","building_id":"w87983679","link":"nearest","dist_m":41.4,"housenumber":null,"wheelchair":null,"tags":{"entrance":"yes"}}},{"type":"Feature","geometry":{"type":"Point","coordinates":[24.5759963,46.5321834]},"properties":{"id":"n2085676813","label":"nr. 1","label_key":"addr:housenumber","entrance":"yes","building_id":null,"link":null,"dist_m":null,"housenumber":"1","wheelchair":null,"tags":{"addr:city":"Târgu Mureș","addr:housenumber":"1","addr:street":"Strada Cernavodă","entrance":"yes"}}},{"type":"Feature","geometry":{"type":"Point","coordinates":[24.5714965,46.5328739]},"properties":{"id":"n2085676815","label":"","label_key":null,"entrance":"yes","building_id":"w88028645","link":"outline","dist_m":0.0,"housenumber":null,"wheelchair":null,"tags":{"entrance":"yes"}}},{"type":"Feature","geometry":{"type":"Point","coordinates":[24.5739839,46.531315]},"properties":{"id":"n2085676820","label":"nr. 10","label_key":"addr:housenumber","entrance":"yes","building_id":"w224499728","link":"outline","dist_m":0.0,"housenumber":"10","wheelchair":null,"tags":{"addr:city":"Târgu Mureș","addr:housenumber":"10","addr:street":"Strada Transilvania","entrance":"yes"}}},{"type":"Feature","geometry":{"type":"Point","coordinates":[24.5728905,46.5319733]},"properties":{"id":"n2085676837","label":"nr. 11","label_key":"addr:housenumber","entrance":"yes","building_id":"w88028752","link":"outline","dist_m":0.0,"housenumber":"11","wheelchair":null,"tags":{"addr:city":"Târgu Mureș","addr:housenumber":"11","addr:street":"Strada Transilvania","entrance":"yes"}}},{"type":"Feature","geometry":{"type":"Point","coordinates":[24.5741712,46.5337056]},"properties":{"id":"n2085676839","label":"nr. 11","label_key":"addr:housenumber","entrance":"yes","building_id":null,"link":null,"dist_m":null,"housenumber":"11","wheelchair":null,"tags":{"addr:city":"Târgu Mureș","addr:housenumber":"11","addr:street":"Aleea Covasna","entrance":"yes"}}},{"type":"Feature","geometry":{"type":"Point","coordinates":[24.5743502,46.531421]},"properties":{"id":"n2085676846","label":"nr. 12","label_key":"addr:housenumber","entrance":"yes","building_id":"w224499728","link":"outline","dist_m":0.0,"housenumber":"12","wheelchair":null,"tags":{"addr:city":"Târgu Mureș","addr:housenumber":"12","addr:street":"Strada Transilvania","entrance":"yes"}}},{"type":"Feature","geometry":{"type":"Point","coordinates":[24.5732634,46.532075]},"properties":{"id":"n2085676858","label":"nr. 13","label_key":"addr:housenumber","entrance":"yes","building_id":"w88028752","link":"outline","dist_m":0.0,"housenumber":"13","wheelchair":null,"tags":{"addr:city":"Târgu Mureș","addr:housenumber":"13","addr:postcode":"540494","addr:street":"Strada Transilvania","entrance":"yes"}}},{"type":"Feature","geometry":{"type":"Point","coordinates":[24.5739278,46.5337184]},"properties":{"id":"n2085676860","label":"nr. 13","label_key":"addr:housenumber","entrance":"yes","building_id":null,"link":null,"dist_m":null,"housenumber":"13","wheelchair":null,"tags":{"addr:city":"Târgu Mureș","addr:housenumber":"13","addr:street":"Aleea Covasna","entrance":"yes"}}},{"type":"Feature","geometry":{"type":"Point","coordinates":[24.5745837,46.5313725]},"properties":{"id":"n2085676866","label":"nr. 14","label_key":"addr:housenumber","entrance":"yes","building_id":"w224499726","link":"outline","dist_m":0.0,"housenumber":"14","wheelchair":null,"tags":{"addr:city":"Târgu Mureș","addr:housenumber":"14","addr:street":"Strada Transilvania","entrance":"yes"}}},{"type":"Feature","geometry":{"type":"Point","coordinates":[24.5730043,46.5317188]},"properties":{"id":"n2085676881","label":"nr. 15","label_key":"addr:housenumber","entrance":"yes","building_id":"w224499727","link":"outline","dist_m":0.0,"housenumber":"15","wheelchair":null,"tags":{"addr:city":"Târgu Mureș","addr:housenumber":"15","addr:street":"Strada Transilvania","entrance":"yes"}}},{"type":"Feature","geometry":{"type":"Point","coordinates":[24.5749798,46.5313597]},"properties":{"id":"n2085676888","label":"nr. 16","label_key":"addr:housenumber","entrance":"yes","building_id":"w224499726","link":"outline","dist_m":0.0,"housenumber":"16","wheelchair":null,"tags":{"addr:city":"Târgu Mureș","addr:housenumber":"16","addr:street":"Strada Transilvania","entrance":"yes"}}},{"type":"Feature","geometry":{"type":"Point","coordinates":[24.573399,46.5316962]},"properties":{"id":"n2085676898","label":"nr. 17","label_key":"addr:housenumber","entrance":"yes","building_id":"w224499727","link":"outline","dist_m":0.0,"housenumber":"17","wheelchair":null,"tags":{"addr:city":"Târgu Mureș","addr:housenumber":"17","addr:street":"Strada Transilvania","entrance":"yes"}}},{"type":"Feature","geometry":{"type":"Point","coordinates":[24.5753469,46.5314683]},"properties":{"id":"n2085676901","label":"nr. 18","label_key":"addr:housenumber","entrance":"yes","building_id":"w224499726","link":"outline","dist_m":0.0,"housenumber":"18","wheelchair":null,"tags":{"addr:city":"Târgu Mureș","addr:housenumber":"18","addr:street":"Strada Transilvania","entrance":"yes"}}},{"type":"Feature","geometry":{"type":"Point","coordinates":[24.5737765,46.531782]},"properties":{"id":"n2085676906","label":"nr. 19","label_key":"addr:housenumber","entrance":"yes","building_id":"w224499727","link":"outline","dist_m":0.0,"housenumber":"19","wheelchair":null,"tags":{"addr:city":"Târgu Mureș","addr:housenumber":"19","addr:street":"Strada Transilvania","entrance":"yes"}}},{"type":"Feature","geometry":{"type":"Point","coordinates":[24.5758215,46.531313]},"properties":{"id":"n2085676917","label":"nr. 20","label_key":"addr:housenumber","entrance":"yes","building_id":"w88028744","link":"outline","dist_m":0.0,"housenumber":"20","wheelchair":null,"tags":{"addr:city":"Târgu Mureș","addr:housenumber":"20","addr:street":"Strada Transilvania","entrance":"yes"}}},{"type":"Feature","geometry":{"type":"Point","coordinates":[24.5740248,46.5318386]},"properties":{"id":"n2085676921","label":"nr. 21","label_key":"addr:housenumber","entrance":"yes","building_id":"w88028718","link":"outline","dist_m":0.0,"housenumber":"21","wheelchair":null,"tags":{"addr:city":"Târgu Mureș","addr:housenumber":"21","addr:street":"Strada Transilvania","entrance":"yes"}}},{"type":"Feature","geometry":{"type":"Point","coordinates":[24.5739206,46.5322031]},"properties":{"id":"n2085676927","label":"nr. 23","label_key":"addr:housenumber","entrance":"yes","building_id":"w88028718","link":"outline","dist_m":0.0,"housenumber":"23","wheelchair":null,"tags":{"addr:city":"Târgu Mureș","addr:housenumber":"23","addr:street":"Strada Transilvania","entrance":"yes"}}},{"type":"Feature","geometry":{"type":"Point","coordinates":[24.571426,46.5325808]},"properties":{"id":"n2085676953","label":"","label_key":null,"entrance":"yes","building_id":"w88028671","link":"outline","dist_m":0.0,"housenumber":null,"wheelchair":null,"tags":{"door":"yes","entrance":"yes"}}},{"type":"Feature","geometry":{"type":"Point","coordinates":[24.5752304,46.5336632]},"properties":{"id":"n2085676955","label":"nr. 3","label_key":"addr:housenumber","entrance":"yes","building_id":null,"link":null,"dist_m":null,"housenumber":"3","wheelchair":null,"tags":{"addr:city":"Târgu Mureș","addr:housenumber":"3","addr:street":"Aleea Covasna","entrance":"yes"}}},{"type":"Feature","geometry":{"type":"Point","coordinates":[24.572934,46.5312723]},"properties":{"id":"n2085677024","label":"","label_key":null,"entrance":"yes","building_id":"w88028673","link":"outline","dist_m":0.0,"housenumber":null,"wheelchair":null,"tags":{"entrance":"yes"}}},{"type":"Feature","geometry":{"type":"Point","coordinates":[24.5716423,46.5322429]},"properties":{"id":"n2085677081","label":"","label_key":null,"entrance":"yes","building_id":"w88028766","link":"outline","dist_m":0.0,"housenumber":null,"wheelchair":null,"tags":{"door":"yes","entrance":"yes"}}},{"type":"Feature","geometry":{"type":"Point","coordinates":[24.5749961,46.5336214]},"properties":{"id":"n2085677083","label":"nr. 5","label_key":"addr:housenumber","entrance":"yes","building_id":null,"link":null,"dist_m":null,"housenumber":"5","wheelchair":null,"tags":{"addr:city":"Târgu Mureș","addr:housenumber":"5","addr:street":"Aleea Covasna","entrance":"yes"}}},{"type":"Feature","geometry":{"type":"Point","coordinates":[24.573201,46.5314396]},"properties":{"id":"n2085677109","label":"","label_key":null,"entrance":"yes","building_id":"w88028757","link":"outline","dist_m":0.0,"housenumber":null,"wheelchair":null,"tags":{"entrance":"yes"}}},{"type":"Feature","geometry":{"type":"Point","coordinates":[24.5720657,46.5320549]},"properties":{"id":"n2085677132","label":"","label_key":null,"entrance":"yes","building_id":"w88028632","link":"outline","dist_m":0.0,"housenumber":null,"wheelchair":null,"tags":{"entrance":"yes"}}},{"type":"Feature","geometry":{"type":"Point","coordinates":[24.5729701,46.5335258]},"properties":{"id":"n2085677142","label":"","label_key":null,"entrance":"yes","building_id":"w87983679","link":"outline","dist_m":0.0,"housenumber":null,"wheelchair":null,"tags":{"entrance":"yes"}}},{"type":"Feature","geometry":{"type":"Point","coordinates":[24.5732216,46.5336503]},"properties":{"id":"n2085677146","label":"","label_key":null,"entrance":"yes","building_id":"w87983665","link":"outline","dist_m":0.0,"housenumber":null,"wheelchair":null,"tags":{"entrance":"yes"}}},{"type":"Feature","geometry":{"type":"Point","coordinates":[24.5734974,46.5334127]},"properties":{"id":"n2085677151","label":"nr. 75","label_key":"addr:housenumber","entrance":"yes","building_id":null,"link":null,"dist_m":null,"housenumber":"75","wheelchair":null,"tags":{"addr:city":"Târgu Mureș","addr:housenumber":"75","addr:street":"Bulevardul Pandurilor","entrance":"yes"}}},{"type":"Feature","geometry":{"type":"Point","coordinates":[24.5740225,46.5334748]},"properties":{"id":"n2085677157","label":"nr. 77","label_key":"addr:housenumber","entrance":"yes","building_id":null,"link":null,"dist_m":null,"housenumber":"77","wheelchair":null,"tags":{"addr:city":"Târgu Mureș","addr:housenumber":"77","addr:street":"Bulevardul Pandurilor","entrance":"yes"}}},{"type":"Feature","geometry":{"type":"Point","coordinates":[24.5741796,46.5333113]},"properties":{"id":"n2085677165","label":"nr. 79","label_key":"addr:housenumber","entrance":"yes","building_id":null,"link":null,"dist_m":null,"housenumber":"79","wheelchair":null,"tags":{"addr:city":"Târgu Mureș","addr:housenumber":"79","addr:street":"Bulevardul Pandurilor","entrance":"yes"}}},{"type":"Feature","geometry":{"type":"Point","coordinates":[24.5735863,46.5313294]},"properties":{"id":"n2085677166","label":"nr. 8","label_key":"addr:housenumber","entrance":"yes","building_id":"w224499728","link":"outline","dist_m":0.0,"housenumber":"8","wheelchair":null,"tags":{"addr:city":"Târgu Mureș","addr:housenumber":"8","addr:street":"Strada Transilvania","entrance":"yes"}}},{"type":"Feature","geometry":{"type":"Point","coordinates":[24.5746942,46.533371]},"properties":{"id":"n2085677183","label":"nr. 81","label_key":"addr:housenumber","entrance":"yes","building_id":null,"link":null,"dist_m":null,"housenumber":"81","wheelchair":null,"tags":{"addr:city":"Târgu Mureș","addr:housenumber":"81","addr:street":"Bulevardul Pandurilor","entrance":"yes"}}},{"type":"Feature","geometry":{"type":"Point","coordinates":[24.5750881,46.5332455]},"properties":{"id":"n2085677188","label":"nr. 83","label_key":"addr:housenumber","entrance":"yes","building_id":null,"link":null,"dist_m":null,"housenumber":"83","wheelchair":null,"tags":{"addr:city":"Târgu Mureș","addr:housenumber":"83","addr:street":"Bulevardul Pandurilor","entrance":"yes"}}},{"type":"Feature","geometry":{"type":"Point","coordinates":[24.5752983,46.5332531]},"properties":{"id":"n2085677193","label":"nr. 85","label_key":"addr:housenumber","entrance":"yes","building_id":null,"link":null,"dist_m":null,"housenumber":"85","wheelchair":null,"tags":{"addr:city":"Târgu Mureș","addr:housenumber":"85","addr:street":"Bulevardul Pandurilor","entrance":"yes"}}},{"type":"Feature","geometry":{"type":"Point","coordinates":[24.5755086,46.5332607]},"properties":{"id":"n2085677198","label":"nr. 87","label_key":"addr:housenumber","entrance":"yes","building_id":null,"link":null,"dist_m":null,"housenumber":"87","wheelchair":null,"tags":{"addr:city":"Târgu Mureș","addr:housenumber":"87","addr:street":"Bulevardul Pandurilor","entrance":"yes"}}},{"type":"Feature","geometry":{"type":"Point","coordinates":[24.5758908,46.5333576]},"properties":{"id":"n2085677203","label":"nr. 89","label_key":"addr:housenumber","entrance":"yes","building_id":null,"link":null,"dist_m":null,"housenumber":"89","wheelchair":null,"tags":{"addr:city":"Târgu Mureș","addr:housenumber":"89","addr:street":"Bulevardul Pandurilor","entrance":"yes"}}},{"type":"Feature","geometry":{"type":"Point","coordinates":[24.5724969,46.5319939]},"properties":{"id":"n2085677212","label":"nr. 9","label_key":"addr:housenumber","entrance":"yes","building_id":"w88028752","link":"outline","dist_m":0.0,"housenumber":"9","wheelchair":null,"tags":{"addr:city":"Târgu Mureș","addr:housenumber":"9","addr:street":"Strada Transilvania","entrance":"yes"}}},{"type":"Feature","geometry":{"type":"Point","coordinates":[24.5746218,46.5338405]},"properties":{"id":"n2085677215","label":"nr. 9","label_key":"addr:housenumber","entrance":"yes","building_id":null,"link":null,"dist_m":null,"housenumber":"9","wheelchair":null,"tags":{"addr:city":"Târgu Mureș","addr:housenumber":"9","addr:street":"Aleea Covasna","entrance":"yes"}}},{"type":"Feature","geometry":{"type":"Point","coordinates":[24.5758526,46.5335625]},"properties":{"id":"n2085677220","label":"nr. 91","label_key":"addr:housenumber","entrance":"yes","building_id":null,"link":null,"dist_m":null,"housenumber":"91","wheelchair":null,"tags":{"addr:city":"Târgu Mureș","addr:housenumber":"91","addr:street":"Bulevardul Pandurilor","entrance":"yes"}}},{"type":"Feature","geometry":{"type":"Point","coordinates":[24.5757127,46.5319126]},"properties":{"id":"n2333194993","label":"","label_key":null,"entrance":"yes","building_id":"w88028562","link":"outline","dist_m":0.0,"housenumber":null,"wheelchair":null,"tags":{"entrance":"yes"}}},{"type":"Feature","geometry":{"type":"Point","coordinates":[24.5745019,46.5320461]},"properties":{"id":"n2499880011","label":"","label_key":null,"entrance":"yes","building_id":"w88028718","link":"nearest","dist_m":33.9,"housenumber":null,"wheelchair":null,"tags":{"entrance":"yes"}}},{"type":"Feature","geometry":{"type":"Point","coordinates":[24.5719288,46.5276078]},"properties":{"id":"n9794437733","label":"","label_key":null,"entrance":"yes","building_id":"w193349997","link":"outline","dist_m":0.0,"housenumber":null,"wheelchair":null,"tags":{"entrance":"yes"}}},{"type":"Feature","geometry":{"type":"Point","coordinates":[24.5719253,46.5273014]},"properties":{"id":"n9794437734","label":"","label_key":null,"entrance":"yes","building_id":"w193349998","link":"outline","dist_m":0.0,"housenumber":null,"wheelchair":null,"tags":{"entrance":"yes"}}},{"type":"Feature","geometry":{"type":"Point","coordinates":[24.581262,46.5329698]},"properties":{"id":"n1275856071","label":"nr. 96","label_key":"addr:housenumber","entrance":"yes","building_id":null,"link":null,"dist_m":null,"housenumber":"96","wheelchair":null,"tags":{"addr:city":"Târgu Mureș","addr:housenumber":"96","addr:street":"Bulevardul Pandurilor","entrance":"yes"}}},{"type":"Feature","geometry":{"type":"Point","coordinates":[24.5810273,46.5329593]},"properties":{"id":"n1275856072","label":"nr. 94","label_key":"addr:housenumber","entrance":"yes","building_id":null,"link":null,"dist_m":null,"housenumber":"94","wheelchair":null,"tags":{"addr:city":"Târgu Mureș","addr:housenumber":"94","addr:street":"Bulevardul Pandurilor","entrance":"yes"}}},{"type":"Feature","geometry":{"type":"Point","coordinates":[24.576815,46.531984]},"properties":{"id":"n2085676812","label":"nr. 1","label_key":"addr:housenumber","entrance":"main","building_id":"w1362299489","link":"outline","dist_m":0.0,"housenumber":"1","wheelchair":null,"tags":{"addr:city":"Târgu Mureș","addr:housenumber":"1","addr:postcode":"540519","addr:street":"Strada Banat","door":"yes","entrance":"main"}}},{"type":"Feature","geometry":{"type":"Point","coordinates":[24.5793388,46.5336454]},"properties":{"id":"n2085676817","label":"nr. 1","label_key":"addr:housenumber","entrance":"yes","building_id":"w87983746","link":"outline","dist_m":0.0,"housenumber":"1","wheelchair":null,"tags":{"addr:city":"Târgu Mureș","addr:housenumber":"1","addr:street":"Strada Șelimbăr","entrance":"yes"}}},{"type":"Feature","geometry":{"type":"Point","coordinates":[24.5799187,46.5319143]},"properties":{"id":"n2085676822","label":"nr. 10","label_key":"addr:housenumber","entrance":"main","building_id":"w1362299487","link":"outline","dist_m":0.0,"housenumber":"10","wheelchair":null,"tags":{"addr:city":"Târgu Mureș","addr:housenumber":"10","addr:postcode":"540680","addr:street":"Strada Banat","door":"yes","entrance":"main"}}},{"type":"Feature","geometry":{"type":"Point","coordinates":[24.5771148,46.5332656]},"properties":{"id":"n2085676828","label":"nr. 101","label_key":"addr:housenumber","entrance":"yes","building_id":null,"link":null,"dist_m":null,"housenumber":"101","wheelchair":null,"tags":{"addr:city":"Târgu Mureș","addr:housenumber":"101","addr:street":"Bulevardul Pandurilor","entrance":"yes"}}},{"type":"Feature","geometry":{"type":"Point","coordinates":[24.5775053,46.5333764]},"properties":{"id":"n2085676830","label":"nr. 103","label_key":"addr:housenumber","entrance":"yes","building_id":null,"link":null,"dist_m":null,"housenumber":"103","wheelchair":null,"tags":{"addr:city":"Târgu Mureș","addr:housenumber":"103","addr:street":"Bulevardul Pandurilor","entrance":"yes"}}},{"type":"Feature","geometry":{"type":"Point","coordinates":[24.5773243,46.5336154]},"properties":{"id":"n2085676832","label":"nr. 105","label_key":"addr:housenumber","entrance":"yes","building_id":null,"link":null,"dist_m":null,"housenumber":"105","wheelchair":null,"tags":{"addr:city":"Târgu Mureș","addr:housenumber":"105","addr:street":"Bulevardul Pandurilor","entrance":"yes"}}},{"type":"Feature","geometry":{"type":"Point","coordinates":[24.5775641,46.5336085]},"properties":{"id":"n2085676834","label":"nr. 107","label_key":"addr:housenumber","entrance":"yes","building_id":null,"link":null,"dist_m":null,"housenumber":"107","wheelchair":null,"tags":{"addr:city":"Târgu Mureș","addr:housenumber":"107","addr:street":"Bulevardul Pandurilor","entrance":"yes"}}},{"type":"Feature","geometry":{"type":"Point","coordinates":[24.5778436,46.5336698]},"properties":{"id":"n2085676836","label":"nr. 109","label_key":"addr:housenumber","entrance":"yes","building_id":null,"link":null,"dist_m":null,"housenumber":"109","wheelchair":null,"tags":{"addr:city":"Târgu Mureș","addr:housenumber":"109","addr:street":"Bulevardul Pandurilor","entrance":"yes"}}},{"type":"Feature","geometry":{"type":"Point","coordinates":[24.5782791,46.5325512]},"properties":{"id":"n2085676838","label":"nr. 11","label_key":"addr:housenumber","entrance":"yes","building_id":null,"link":null,"dist_m":null,"housenumber":"11","wheelchair":null,"tags":{"addr:city":"Târgu Mureș","addr:housenumber":"11","addr:street":"Strada Banat","entrance":"yes"}}},{"type":"Feature","geometry":{"type":"Point","coordinates":[24.5779224,46.5333136]},"properties":{"id":"n2085676841","label":"nr. 111","label_key":"addr:housenumber","entrance":"yes","building_id":null,"link":null,"dist_m":null,"housenumber":"111","wheelchair":null,"tags":{"addr:city":"Târgu Mureș","addr:housenumber":"111","addr:street":"Bulevardul Pandurilor","entrance":"yes"}}},{"type":"Feature","geometry":{"type":"Point","coordinates":[24.5782122,46.5333216]},"properties":{"id":"n2085676842","label":"nr. 113","label_key":"addr:housenumber","entrance":"yes","building_id":null,"link":null,"dist_m":null,"housenumber":"113","wheelchair":null,"tags":{"addr:city":"Târgu Mureș","addr:housenumber":"113","addr:street":"Bulevardul Pandurilor","entrance":"yes"}}},{"type":"Feature","geometry":{"type":"Point","coordinates":[24.5784418,46.533333]},"properties":{"id":"n2085676843","label":"nr. 115","label_key":"addr:housenumber","entrance":"yes","building_id":null,"link":null,"dist_m":null,"housenumber":"115","wheelchair":null,"tags":{"addr:city":"Târgu Mureș","addr:housenumber":"115","addr:street":"Bulevardul Pandurilor","entrance":"yes"}}},{"type":"Feature","geometry":{"type":"Point","coordinates":[24.5788527,46.5334437]},"properties":{"id":"n2085676844","label":"nr. 117","label_key":"addr:housenumber","entrance":"yes","building_id":null,"link":null,"dist_m":null,"housenumber":"117","wheelchair":null,"tags":{"addr:city":"Târgu Mureș","addr:housenumber":"117","addr:street":"Bulevardul Pandurilor","entrance":"yes"}}},{"type":"Feature","geometry":{"type":"Point","coordinates":[24.5803288,46.5319891]},"properties":{"id":"n2085676847","label":"nr. 12","label_key":"addr:housenumber","entrance":"main","building_id":"w1362299487","link":"outline","dist_m":0.0,"housenumber":"12","wheelchair":null,"tags":{"addr:city":"Târgu Mureș","addr:housenumber":"12","addr:postcode":"540680","addr:street":"Strada Banat","door":"yes","entrance":"main"}}},{"type":"Feature","geometry":{"type":"Point","coordinates":[24.5796804,46.5334027]},"properties":{"id":"n2085676853","label":"nr. 121","label_key":"addr:housenumber","entrance":"yes","building_id":null,"link":null,"dist_m":null,"housenumber":"121","wheelchair":null,"tags":{"addr:city":"Târgu Mureș","addr:housenumber":"121","addr:street":"Bulevardul Pandurilor","entrance":"yes"}}},{"type":"Feature","geometry":{"type":"Point","coordinates":[24.5799166,46.5334155]},"properties":{"id":"n2085676854","label":"nr. 123","label_key":"addr:housenumber","entrance":"yes","building_id":null,"link":null,"dist_m":null,"housenumber":"123","wheelchair":null,"tags":{"addr:city":"Târgu Mureș","addr:housenumber":"123","addr:street":"Bulevardul Pandurilor","entrance":"yes"}}},{"type":"Feature","geometry":{"type":"Point","coordinates":[24.5803363,46.5335231]},"properties":{"id":"n2085676855","label":"nr. 125","label_key":"addr:housenumber","entrance":"yes","building_id":null,"link":null,"dist_m":null,"housenumber":"125","wheelchair":null,"tags":{"addr:city":"Târgu Mureș","addr:housenumber":"125","addr:street":"Bulevardul Pandurilor","entrance":"yes"}}},{"type":"Feature","geometry":{"type":"Point","coordinates":[24.5809505,46.5335163]},"properties":{"id":"n2085676856","label":"nr. 127","label_key":"addr:housenumber","entrance":"yes","building_id":null,"link":null,"dist_m":null,"housenumber":"127","wheelchair":null,"tags":{"addr:city":"Târgu Mureș","addr:housenumber":"127","addr:street":"Bulevardul Pandurilor","entrance":"yes"}}},{"type":"Feature","geometry":{"type":"Point","coordinates":[24.5807088,46.5337647]},"properties":{"id":"n2085676857","label":"nr. 129","label_key":"addr:housenumber","entrance":"yes","building_id":null,"link":null,"dist_m":null,"housenumber":"129","wheelchair":null,"tags":{"addr:city":"Târgu Mureș","addr:housenumber":"129","addr:street":"Bulevardul Pandurilor","entrance":"yes"}}},{"type":"Feature","geometry":{"type":"Point","coordinates":[24.5783858,46.5322348]},"properties":{"id":"n2085676859","label":"nr. 13","label_key":"addr:housenumber","entrance":"main","building_id":"w1362299491","link":"outline","dist_m":0.0,"housenumber":"13","wheelchair":null,"tags":{"addr:city":"Târgu Mureș","addr:housenumber":"13","addr:postcode":"540680","addr:street":"Strada Banat","door":"yes","entrance":"main"}}},{"type":"Feature","geometry":{"type":"Point","coordinates":[24.5815086,46.5337038]},"properties":{"id":"n2085676861","label":"nr. 131","label_key":"addr:housenumber","entrance":"yes","building_id":null,"link":null,"dist_m":null,"housenumber":"131","wheelchair":null,"tags":{"addr:city":"Târgu Mureș","addr:housenumber":"131","addr:street":"Bulevardul Pandurilor","entrance":"yes"}}},{"type":"Feature","geometry":{"type":"Point","coordinates":[24.5805228,46.5319832]},"properties":{"id":"n2085676867","label":"nr. 14","label_key":"addr:housenumber","entrance":"main","building_id":"w1362299484","link":"outline","dist_m":0.0,"housenumber":"14","wheelchair":null,"tags":{"addr:city":"Târgu Mureș","addr:housenumber":"14","addr:postcode":"540680","addr:street":"Strada Banat","door":"yes","entrance":"main"}}},{"type":"Feature","geometry":{"type":"Point","coordinates":[24.5789016,46.5322851]},"properties":{"id":"n2085676883","label":"nr. 15","label_key":"addr:housenumber","entrance":"main","building_id":"w1362299491","link":"outline","dist_m":0.0,"housenumber":"15","wheelchair":null,"tags":{"addr:city":"Târgu Mureș","addr:housenumber":"15","addr:postcode":"540680","addr:street":"Strada Banat","door":"yes","entrance":"main"}}},{"type":"Feature","geometry":{"type":"Point","coordinates":[24.5808531,46.5319517]},"properties":{"id":"n2085676891","label":"nr. 16","label_key":"addr:housenumber","entrance":"main","building_id":"w1362299484","link":"outline","dist_m":0.0,"housenumber":"16","wheelchair":null,"tags":{"addr:city":"Târgu Mureș","addr:housenumber":"16","addr:postcode":"540680","addr:street":"Strada Banat","door":"yes","entrance":"main"}}},{"type":"Feature","geometry":{"type":"Point","coordinates":[24.5812703,46.5320202]},"properties":{"id":"n2085676902","label":"nr. 18","label_key":"addr:housenumber","entrance":"main","building_id":"w1362299484","link":"outline","dist_m":0.0,"housenumber":"18","wheelchair":null,"tags":{"addr:city":"Târgu Mureș","addr:housenumber":"18","addr:postcode":"540680","addr:street":"Strada Banat","door":"yes","entrance":"main"}}},{"type":"Feature","geometry":{"type":"Point","coordinates":[24.5795002,46.5322773]},"properties":{"id":"n2085676907","label":"nr. 19","label_key":"addr:housenumber","entrance":"main","building_id":"w1362299492","link":"outline","dist_m":0.0,"housenumber":"19","wheelchair":null,"tags":{"addr:city":"Târgu Mureș","addr:housenumber":"19","addr:postcode":"540680","addr:street":"Strada Banat","door":"yes","entrance":"main"}}},{"type":"Feature","geometry":{"type":"Point","coordinates":[24.5785196,46.5318835]},"properties":{"id":"n2085676909","label":"nr. 2","label_key":"addr:housenumber","entrance":"main","building_id":"w1362299488","link":"outline","dist_m":0.0,"housenumber":"2","wheelchair":null,"tags":{"addr:city":"Târgu Mureș","addr:housenumber":"2","addr:postcode":"540680","addr:street":"Strada Banat","door":"yes","entrance":"main"}}},{"type":"Feature","geometry":{"type":"Point","coordinates":[24.5768962,46.5337408]},"properties":{"id":"n2085676910","label":"nr. 2","label_key":"addr:housenumber","entrance":"yes","building_id":null,"link":null,"dist_m":null,"housenumber":"2","wheelchair":null,"tags":{"addr:city":"Târgu Mureș","addr:housenumber":"2","addr:street":"Aleea Hațeg","entrance":"yes"}}},{"type":"Feature","geometry":{"type":"Point","coordinates":[24.5814975,46.5319414]},"properties":{"id":"n2085676918","label":"nr. 20","label_key":"addr:housenumber","entrance":"main","building_id":"w1362299483","link":"outline","dist_m":0.0,"housenumber":"20","wheelchair":null,"tags":{"addr:city":"Târgu Mureș","addr:housenumber":"20","addr:postcode":"540680","addr:street":"Strada Banat","door":"yes","entrance":"main"}}},{"type":"Feature","geometry":{"type":"Point","coordinates":[24.5797001,46.5322833]},"properties":{"id":"n2085676923","label":"nr. 21","label_key":"addr:housenumber","entrance":"main","building_id":"w1362299492","link":"outline","dist_m":0.0,"housenumber":"21","wheelchair":null,"tags":{"addr:city":"Târgu Mureș","addr:housenumber":"21","addr:postcode":"540680","addr:street":"Strada Banat","door":"yes","entrance":"main"}}},{"type":"Feature","geometry":{"type":"Point","coordinates":[24.5760617,46.531324]},"properties":{"id":"n2085676925","label":"nr. 22","label_key":"addr:housenumber","entrance":"yes","building_id":"w88028744","link":"outline","dist_m":0.0,"housenumber":"22","wheelchair":null,"tags":{"addr:city":"Târgu Mureș","addr:housenumber":"22","addr:street":"Strada Transilvania","entrance":"yes"}}},{"type":"Feature","geometry":{"type":"Point","coordinates":[24.5820376,46.5319711]},"properties":{"id":"n2085676926","label":"nr. 22","label_key":"addr:housenumber","entrance":"main","building_id":"w1362299483","link":"outline","dist_m":0.0,"housenumber":"22","wheelchair":null,"tags":{"addr:city":"Târgu Mureș","addr:housenumber":"22","addr:postcode":"540680","addr:street":"Strada Banat","door":"yes","entrance":"main"}}},{"type":"Feature","geometry":{"type":"Point","coordinates":[24.5764371,46.5314121]},"properties":{"id":"n2085676930","label":"nr. 24","label_key":"addr:housenumber","entrance":"yes","building_id":"w224666019","link":"outline","dist_m":0.0,"housenumber":"24","wheelchair":null,"tags":{"addr:city":"Târgu Mureș","addr:housenumber":"24","addr:street":"Strada Transilvania","entrance":"yes"}}},{"type":"Feature","geometry":{"type":"Point","coordinates":[24.5805037,46.5322749]},"properties":{"id":"n2085676931","label":"nr. 25","label_key":"addr:housenumber","entrance":"main","building_id":"w1362299494","link":"outline","dist_m":0.0,"housenumber":"25","wheelchair":null,"tags":{"addr:city":"Târgu Mureș","addr:housenumber":"25","addr:postcode":"540680","addr:street":"Strada Banat","door":"yes","entrance":"main"}}},{"type":"Feature","geometry":{"type":"Point","coordinates":[24.5768042,46.5313909]},"properties":{"id":"n2085676937","label":"nr. 26","label_key":"addr:housenumber","entrance":"yes","building_id":"w224666019","link":"outline","dist_m":0.0,"housenumber":"26","wheelchair":null,"tags":{"addr:city":"Târgu Mureș","addr:housenumber":"26","addr:street":"Strada Transilvania","entrance":"yes"}}},{"type":"Feature","geometry":{"type":"Point","coordinates":[24.5807387,46.5323029]},"properties":{"id":"n2085676939","label":"nr. 27","label_key":"addr:housenumber","entrance":"main","building_id":"w1362299494","link":"outline","dist_m":0.0,"housenumber":"27","wheelchair":null,"tags":{"addr:city":"Târgu Mureș","addr:housenumber":"27","addr:postcode":"540680","addr:street":"Strada Banat","door":"yes","entrance":"main"}}},{"type":"Feature","geometry":{"type":"Point","coordinates":[24.5772054,46.5314765]},"properties":{"id":"n2085676943","label":"nr. 28","label_key":"addr:housenumber","entrance":"yes","building_id":"w224666019","link":"outline","dist_m":0.0,"housenumber":"28","wheelchair":null,"tags":{"addr:city":"Târgu Mureș","addr:housenumber":"28","addr:street":"Strada Transilvania","entrance":"yes"}}},{"type":"Feature","geometry":{"type":"Point","coordinates":[24.5765424,46.53193]},"properties":{"id":"n2085676946","label":"nr. 29","label_key":"addr:housenumber","entrance":"yes","building_id":null,"link":null,"dist_m":null,"housenumber":"29","wheelchair":null,"tags":{"addr:city":"Târgu Mureș","addr:housenumber":"29","addr:street":"Strada Transilvania","entrance":"yes"}}},{"type":"Feature","geometry":{"type":"Point","coordinates":[24.5809265,46.5323103]},"properties":{"id":"n2085676949","label":"nr. 29","label_key":"addr:housenumber","entrance":"main","building_id":"w1362299494","link":"outline","dist_m":0.0,"housenumber":"29","wheelchair":null,"tags":{"addr:city":"Târgu Mureș","addr:housenumber":"29","addr:postcode":"540680","addr:street":"Strada Banat","door":"yes","entrance":"main"}}},{"type":"Feature","geometry":{"type":"Point","coordinates":[24.577306,46.5320461]},"properties":{"id":"n2085676950","label":"nr. 3","label_key":"addr:housenumber","entrance":"main","building_id":"w1362299489","link":"outline","dist_m":0.0,"housenumber":"3","wheelchair":null,"tags":{"addr:city":"Târgu Mureș","addr:housenumber":"3","addr:postcode":"540519","addr:street":"Strada Banat","door":"yes","entrance":"main"}}},{"type":"Feature","geometry":{"type":"Point","coordinates":[24.5765227,46.5322499]},"properties":{"id":"n2085676952","label":"nr. 3","label_key":"addr:housenumber","entrance":"yes","building_id":"w1362299489","link":"nearest","dist_m":33.1,"housenumber":"3","wheelchair":null,"tags":{"addr:city":"Târgu Mureș","addr:housenumber":"3","addr:street":"Strada Cernavodă","entrance":"yes"}}},{"type":"Feature","geometry":{"type":"Point","coordinates":[24.5774043,46.5312963]},"properties":{"id":"n2085676957","label":"nr. 30","label_key":"addr:housenumber","entrance":"yes","building_id":"w88028745","link":"outline","dist_m":0.0,"housenumber":"30","wheelchair":null,"tags":{"addr:city":"Târgu Mureș","addr:housenumber":"30","addr:street":"Strada Transilvania","entrance":"yes"}}},{"type":"Feature","geometry":{"type":"Point","coordinates":[24.5774395,46.5317147]},"properties":{"id":"n2085676963","label":"nr. 31","label_key":"addr:housenumber","entrance":"yes","building_id":"w88028705","link":"outline","dist_m":0.0,"housenumber":"31","wheelchair":null,"tags":{"addr:city":"Târgu Mureș","addr:housenumber":"31","addr:street":"Strada Transilvania","entrance":"yes"}}},{"type":"Feature","geometry":{"type":"Point","coordinates":[24.5815173,46.5322454]},"properties":{"id":"n2085676971","label":"nr. 31","label_key":"addr:housenumber","entrance":"main","building_id":"w1362299495","link":"outline","dist_m":0.0,"housenumber":"31","wheelchair":null,"tags":{"addr:city":"Târgu Mureș","addr:housenumber":"31","addr:postcode":"540680","addr:street":"Strada Banat","door":"yes","entrance":"main"}}},{"type":"Feature","geometry":{"type":"Point","coordinates":[24.5777708,46.5312716]},"properties":{"id":"n2085676978","label":"nr. 32","label_key":"addr:housenumber","entrance":"yes","building_id":"w88028745","link":"outline","dist_m":0.0,"housenumber":"32","wheelchair":null,"tags":{"addr:city":"Târgu Mureș","addr:housenumber":"32","addr:street":"Strada Transilvania","entrance":"yes"}}},{"type":"Feature","geometry":{"type":"Point","coordinates":[24.5779661,46.5317808]},"properties":{"id":"n2085676982","label":"nr. 33","label_key":"addr:housenumber","entrance":"yes","building_id":"w88028705","link":"outline","dist_m":0.0,"housenumber":"33","wheelchair":null,"tags":{"addr:city":"Târgu Mureș","addr:housenumber":"33","addr:street":"Strada Transilvania","entrance":"yes"}}},{"type":"Feature","geometry":{"type":"Point","coordinates":[24.5817459,46.5322543]},"properties":{"id":"n2085676987","label":"nr. 33","label_key":"addr:housenumber","entrance":"main","building_id":"w1362299495","link":"outline","dist_m":0.0,"housenumber":"33","wheelchair":null,"tags":{"addr:city":"Târgu Mureș","addr:housenumber":"33","addr:postcode":"540680","addr:street":"Strada Banat","door":"yes","entrance":"main"}}},{"type":"Feature","geometry":{"type":"Point","coordinates":[24.5781739,46.5313532]},"properties":{"id":"n2085676989","label":"nr. 34","label_key":"addr:housenumber","entrance":"yes","building_id":"w88028745","link":"outline","dist_m":0.0,"housenumber":"34","wheelchair":null,"tags":{"addr:city":"Târgu Mureș","addr:housenumber":"34","addr:street":"Strada Transilvania","entrance":"yes"}}},{"type":"Feature","geometry":{"type":"Point","coordinates":[24.5781555,46.5316055]},"properties":{"id":"n2085676994","label":"nr. 35","label_key":"addr:housenumber","entrance":"yes","building_id":"w88028573","link":"outline","dist_m":0.0,"housenumber":"35","wheelchair":null,"tags":{"addr:city":"Târgu Mureș","addr:housenumber":"35","addr:street":"Strada Transilvania","entrance":"yes"}}},{"type":"Feature","geometry":{"type":"Point","coordinates":[24.5819849,46.532259]},"properties":{"id":"n2085676999","label":"nr. 35","label_key":"addr:housenumber","entrance":"main","building_id":"w1362299495","link":"outline","dist_m":0.0,"housenumber":"35","wheelchair":null,"tags":{"addr:city":"Târgu Mureș","addr:housenumber":"35","addr:postcode":"540680","addr:street":"Strada Banat","door":"yes","entrance":"main"}}},{"type":"Feature","geometry":{"type":"Point","coordinates":[24.5783667,46.531196]},"properties":{"id":"n2085677001","label":"nr. 36","label_key":"addr:housenumber","entrance":"yes","building_id":"w224666020","link":"outline","dist_m":0.0,"housenumber":"36","wheelchair":null,"tags":{"addr:city":"Târgu Mureș","addr:housenumber":"36","addr:street":"Strada Transilvania","entrance":"yes"}}},{"type":"Feature","geometry":{"type":"Point","coordinates":[24.5785403,46.5315764]},"properties":{"id":"n2085677006","label":"nr. 37","label_key":"addr:housenumber","entrance":"yes","building_id":"w88028573","link":"outline","dist_m":0.0,"housenumber":"37","wheelchair":null,"tags":{"addr:city":"Târgu Mureș","addr:housenumber":"37","addr:street":"Strada Transilvania","entrance":"yes"}}},{"type":"Feature","geometry":{"type":"Point","coordinates":[24.5822569,46.5325696]},"properties":{"id":"n2085677009","label":"nr. 37","label_key":"addr:housenumber","entrance":"yes","building_id":"w1362299496","link":"outline","dist_m":0.0,"housenumber":"37","wheelchair":null,"tags":{"addr:city":"Târgu Mureș","addr:housenumber":"37","addr:postcode":"540680","addr:street":"Strada Banat","door":"yes","entrance":"yes"}}},{"type":"Feature","geometry":{"type":"Point","coordinates":[24.5787337,46.5311746]},"properties":{"id":"n2085677011","label":"nr. 38","label_key":"addr:housenumber","entrance":"yes","building_id":"w224666020","link":"outline","dist_m":0.0,"housenumber":"38","wheelchair":null,"tags":{"addr:city":"Târgu Mureș","addr:housenumber":"38","addr:street":"Strada Transilvania","entrance":"yes"}}},{"type":"Feature","geometry":{"type":"Point","coordinates":[24.5789323,46.531671]},"properties":{"id":"n2085677017","label":"nr. 39","label_key":"addr:housenumber","entrance":"yes","building_id":"w88028573","link":"outline","dist_m":0.0,"housenumber":"39","wheelchair":null,"tags":{"addr:city":"Târgu Mureș","addr:housenumber":"39","addr:street":"Strada Transilvania","entrance":"yes"}}},{"type":"Feature","geometry":{"type":"Point","coordinates":[24.5820239,46.5325548]},"properties":{"id":"n2085677022","label":"nr. 39","label_key":"addr:housenumber","entrance":"main","building_id":"w1362299496","link":"outline","dist_m":0.0,"housenumber":"39","wheelchair":null,"tags":{"addr:city":"Târgu Mureș","addr:housenumber":"39","addr:postcode":"540680","addr:street":"Strada Banat","door":"yes","entrance":"main"}}},{"type":"Feature","geometry":{"type":"Point","coordinates":[24.5788815,46.5318404]},"properties":{"id":"n2085677025","label":"nr. 4","label_key":"addr:housenumber","entrance":"main","building_id":"w1362299488","link":"outline","dist_m":0.0,"housenumber":"4","wheelchair":null,"tags":{"addr:city":"Târgu Mureș","addr:housenumber":"4","addr:postcode":"540680","addr:street":"Strada Banat","door":"yes","entrance":"main"}}},{"type":"Feature","geometry":{"type":"Point","coordinates":[24.5789594,46.533667]},"properties":{"id":"n2085677026","label":"nr. 4","label_key":"addr:housenumber","entrance":"yes","building_id":"w87983642","link":"outline","dist_m":0.0,"housenumber":"4","wheelchair":null,"tags":{"addr:city":"Târgu Mureș","addr:housenumber":"4","addr:street":"Strada Șelimbăr","entrance":"yes"}}},{"type":"Feature","geometry":{"type":"Point","coordinates":[24.5791351,46.5312599]},"properties":{"id":"n2085677037","label":"nr. 40","label_key":"addr:housenumber","entrance":"yes","building_id":"w224666020","link":"outline","dist_m":0.0,"housenumber":"40","wheelchair":null,"tags":{"addr:city":"Târgu Mureș","addr:housenumber":"40","addr:street":"Strada Transilvania","entrance":"yes"}}},{"type":"Feature","geometry":{"type":"Point","coordinates":[24.5791184,46.5315559]},"properties":{"id":"n2085677042","label":"nr. 41","label_key":"addr:housenumber","entrance":"yes","building_id":"w88028667","link":"outline","dist_m":0.0,"housenumber":"41","wheelchair":null,"tags":{"addr:city":"Târgu Mureș","addr:housenumber":"41","addr:street":"Strada Transilvania","entrance":"yes"}}},{"type":"Feature","geometry":{"type":"Point","coordinates":[24.5817958,46.5325404]},"properties":{"id":"n2085677044","label":"nr. 41","label_key":"addr:housenumber","entrance":"main","building_id":"w1362299496","link":"outline","dist_m":0.0,"housenumber":"41","wheelchair":null,"tags":{"addr:city":"Târgu Mureș","addr:housenumber":"41","addr:postcode":"540680","addr:street":"Strada Banat","door":"yes","entrance":"main"}}},{"type":"Feature","geometry":{"type":"Point","coordinates":[24.5798687,46.531245]},"properties":{"id":"n2085677046","label":"nr. 42","label_key":"addr:housenumber","entrance":"yes","building_id":"w88028652","link":"outline","dist_m":0.0,"housenumber":"42","wheelchair":null,"tags":{"addr:city":"Târgu Mureș","addr:housenumber":"42","addr:street":"Strada Transilvania","entrance":"yes"}}},{"type":"Feature","geometry":{"type":"Point","coordinates":[24.5795041,46.5315336]},"properties":{"id":"n2085677051","label":"nr. 43","label_key":"addr:housenumber","entrance":"yes","building_id":"w88028667","link":"outline","dist_m":0.0,"housenumber":"43","wheelchair":null,"tags":{"addr:city":"Târgu Mureș","addr:housenumber":"43","addr:street":"Strada Transilvania","entrance":"yes"}}},{"type":"Feature","geometry":{"type":"Point","coordinates":[24.5825425,46.5330138]},"properties":{"id":"n2085677053","label":"nr. 43","label_key":"addr:housenumber","entrance":"yes","building_id":null,"link":null,"dist_m":null,"housenumber":"43","wheelchair":null,"tags":{"addr:city":"Târgu Mureș","addr:housenumber":"43","addr:street":"Strada Banat","entrance":"yes"}}},{"type":"Feature","geometry":{"type":"Point","coordinates":[24.5802475,46.5312121]},"properties":{"id":"n2085677055","label":"nr. 44","label_key":"addr:housenumber","entrance":"yes","building_id":"w88028652","link":"outline","dist_m":0.0,"housenumber":"44","wheelchair":null,"tags":{"addr:city":"Târgu Mureș","addr:housenumber":"44","addr:street":"Strada Transilvania","entrance":"yes"}}},{"type":"Feature","geometry":{"type":"Point","coordinates":[24.5798926,46.5316349]},"properties":{"id":"n2085677058","label":"nr. 45","label_key":"addr:housenumber","entrance":"yes","building_id":"w88028667","link":"outline","dist_m":0.0,"housenumber":"45","wheelchair":null,"tags":{"addr:city":"Târgu Mureș","addr:housenumber":"45","addr:street":"Strada Transilvania","entrance":"yes"}}},{"type":"Feature","geometry":{"type":"Point","coordinates":[24.5823088,46.5329932]},"properties":{"id":"n2085677060","label":"nr. 45","label_key":"addr:housenumber","entrance":"yes","building_id":null,"link":null,"dist_m":null,"housenumber":"45","wheelchair":null,"tags":{"addr:city":"Târgu Mureș","addr:housenumber":"45","addr:street":"Strada Banat","entrance":"yes"}}},{"type":"Feature","geometry":{"type":"Point","coordinates":[24.5806323,46.5312864]},"properties":{"id":"n2085677062","label":"nr. 46","label_key":"addr:housenumber","entrance":"yes","building_id":"w88028652","link":"outline","dist_m":0.0,"housenumber":"46","wheelchair":null,"tags":{"addr:city":"Târgu Mureș","addr:housenumber":"46","addr:street":"Strada Transilvania","entrance":"yes"}}},{"type":"Feature","geometry":{"type":"Point","coordinates":[24.580095,46.5316054]},"properties":{"id":"n2085677070","label":"nr. 47","label_key":"addr:housenumber","entrance":"yes","building_id":"w88028700","link":"outline","dist_m":0.0,"housenumber":"47","wheelchair":null,"tags":{"addr:city":"Târgu Mureș","addr:housenumber":"47","addr:street":"Strada Transilvania","entrance":"yes"}}},{"type":"Feature","geometry":{"type":"Point","coordinates":[24.5808554,46.531292]},"properties":{"id":"n2085677073","label":"nr. 48","label_key":"addr:housenumber","entrance":"yes","building_id":"w224666018","link":"outline","dist_m":0.0,"housenumber":"48","wheelchair":null,"tags":{"addr:city":"Târgu Mureș","addr:housenumber":"48","addr:street":"Strada Transilvania","entrance":"yes"}}},{"type":"Feature","geometry":{"type":"Point","coordinates":[24.5804807,46.531583]},"properties":{"id":"n2085677074","label":"nr. 49","label_key":"addr:housenumber","entrance":"yes","building_id":"w88028700","link":"outline","dist_m":0.0,"housenumber":"49","wheelchair":null,"tags":{"addr:city":"Târgu Mureș","addr:housenumber":"49","addr:street":"Strada Transilvania","entrance":"yes"}}},{"type":"Feature","geometry":{"type":"Point","coordinates":[24.5760153,46.531866]},"properties":{"id":"n2085677076","label":"nr. 5","label_key":"addr:housenumber","entrance":"yes","building_id":null,"link":null,"dist_m":null,"housenumber":"5","wheelchair":null,"tags":{"addr:city":"Târgu Mureș","addr:housenumber":"5","addr:street":"Strada Cernavodă","entrance":"yes"}}},{"type":"Feature","geometry":{"type":"Point","coordinates":[24.5773163,46.5322319]},"properties":{"id":"n2085677079","label":"nr. 5","label_key":"addr:housenumber","entrance":"main","building_id":"w1362299490","link":"outline","dist_m":0.0,"housenumber":"5","wheelchair":null,"tags":{"addr:city":"Târgu Mureș","addr:housenumber":"5","addr:postcode":"540519","addr:street":"Strada Banat","door":"yes","entrance":"main"}}},{"type":"Feature","geometry":{"type":"Point","coordinates":[24.5812341,46.5312624]},"properties":{"id":"n2085677085","label":"nr. 50","label_key":"addr:housenumber","entrance":"yes","building_id":"w224666018","link":"outline","dist_m":0.0,"housenumber":"50","wheelchair":null,"tags":{"addr:city":"Târgu Mureș","addr:housenumber":"50","addr:street":"Strada Transilvania","entrance":"yes"}}},{"type":"Feature","geometry":{"type":"Point","coordinates":[24.5808692,46.5316843]},"properties":{"id":"n2085677088","label":"nr. 51","label_key":"addr:housenumber","entrance":"yes","building_id":"w88028700","link":"outline","dist_m":0.0,"housenumber":"51","wheelchair":null,"tags":{"addr:city":"Târgu Mureș","addr:housenumber":"51","addr:street":"Strada Transilvania","entrance":"yes"}}},{"type":"Feature","geometry":{"type":"Point","coordinates":[24.5816189,46.5313367]},"properties":{"id":"n2085677090","label":"nr. 52","label_key":"addr:housenumber","entrance":"yes","building_id":"w224666018","link":"outline","dist_m":0.0,"housenumber":"52","wheelchair":null,"tags":{"addr:city":"Târgu Mureș","addr:housenumber":"52","addr:street":"Strada Transilvania","entrance":"yes"}}},{"type":"Feature","geometry":{"type":"Point","coordinates":[24.5810906,46.5316613]},"properties":{"id":"n2085677093","label":"nr. 53","label_key":"addr:housenumber","entrance":"yes","building_id":"w224650804","link":"outline","dist_m":0.0,"housenumber":"53","wheelchair":null,"tags":{"addr:city":"Târgu Mureș","addr:housenumber":"53","addr:street":"Strada Transilvania","entrance":"yes"}}},{"type":"Feature","geometry":{"type":"Point","coordinates":[24.5819035,46.531341]},"properties":{"id":"n2085677095","label":"nr. 54","label_key":"addr:housenumber","entrance":"yes","building_id":"w224666017","link":"outline","dist_m":0.0,"housenumber":"54","wheelchair":null,"tags":{"addr:city":"Târgu Mureș","addr:housenumber":"54","addr:street":"Strada Transilvania","entrance":"yes"}}},{"type":"Feature","geometry":{"type":"Point","coordinates":[24.5816175,46.5317261]},"properties":{"id":"n2085677097","label":"nr. 55","label_key":"addr:housenumber","entrance":"yes","building_id":"w224650804","link":"outline","dist_m":0.0,"housenumber":"55","wheelchair":null,"tags":{"addr:city":"Târgu Mureș","addr:housenumber":"55","addr:street":"Strada Transilvania","entrance":"yes"}}},{"type":"Feature","geometry":{"type":"Point","coordinates":[24.5822819,46.5313089]},"properties":{"id":"n2085677099","label":"nr. 56","label_key":"addr:housenumber","entrance":"yes","building_id":"w224666017","link":"outline","dist_m":0.0,"housenumber":"56","wheelchair":null,"tags":{"addr:city":"Târgu Mureș","addr:housenumber":"56","addr:street":"Strada Transilvania","entrance":"yes"}}},{"type":"Feature","geometry":{"type":"Point","coordinates":[24.5818466,46.5316943]},"properties":{"id":"n2085677102","label":"nr. 57","label_key":"addr:housenumber","entrance":"yes","building_id":"w224650803","link":"outline","dist_m":0.0,"housenumber":"57","wheelchair":null,"tags":{"addr:city":"Târgu Mureș","addr:housenumber":"57","addr:street":"Strada Transilvania","entrance":"yes"}}},{"type":"Feature","geometry":{"type":"Point","coordinates":[24.5823724,46.5317631]},"properties":{"id":"n2085677106","label":"nr. 59","label_key":"addr:housenumber","entrance":"yes","building_id":"w224650803","link":"outline","dist_m":0.0,"housenumber":"59","wheelchair":null,"tags":{"addr:city":"Târgu Mureș","addr:housenumber":"59","addr:street":"Strada Transilvania","entrance":"yes"}}},{"type":"Feature","geometry":{"type":"Point","coordinates":[24.5792905,46.5319353]},"properties":{"id":"n2085677111","label":"nr. 6","label_key":"addr:housenumber","entrance":"main","building_id":"w1362299488","link":"outline","dist_m":0.0,"housenumber":"6","wheelchair":null,"tags":{"addr:city":"Târgu Mureș","addr:housenumber":"6","addr:postcode":"540680","addr:street":"Strada Banat","door":"yes","entrance":"main"}}},{"type":"Feature","geometry":{"type":"Point","coordinates":[24.5802982,46.5338056]},"properties":{"id":"n2085677120","label":"nr. 6","label_key":"addr:housenumber","entrance":"yes","building_id":"w87983797","link":"outline","dist_m":0.0,"housenumber":"6","wheelchair":null,"tags":{"addr:city":"Târgu Mureș","addr:housenumber":"6","addr:street":"Aleea Vrancea","entrance":"yes"}}},{"type":"Feature","geometry":{"type":"Point","coordinates":[24.5760657,46.5327093]},"properties":{"id":"n2085677122","label":"","label_key":null,"entrance":"yes","building_id":"w88028608","link":"outline","dist_m":0.0,"housenumber":null,"wheelchair":null,"tags":{"entrance":"yes"}}},{"type":"Feature","geometry":{"type":"Point","coordinates":[24.5765663,46.5327654]},"properties":{"id":"n2085677123","label":"nr. 64","label_key":"addr:housenumber","entrance":"yes","building_id":null,"link":null,"dist_m":null,"housenumber":"64","wheelchair":null,"tags":{"addr:city":"Târgu Mureș","addr:housenumber":"64","addr:street":"Bulevardul Pandurilor","entrance":"yes"}}},{"type":"Feature","geometry":{"type":"Point","coordinates":[24.5768032,46.5327725]},"properties":{"id":"n2085677126","label":"nr. 66","label_key":"addr:housenumber","entrance":"yes","building_id":null,"link":null,"dist_m":null,"housenumber":"66","wheelchair":null,"tags":{"addr:city":"Târgu Mureș","addr:housenumber":"66","addr:street":"Bulevardul Pandurilor","entrance":"yes"}}},{"type":"Feature","geometry":{"type":"Point","coordinates":[24.57704,46.5327796]},"properties":{"id":"n2085677129","label":"nr. 68","label_key":"addr:housenumber","entrance":"yes","building_id":null,"link":null,"dist_m":null,"housenumber":"68","wheelchair":null,"tags":{"addr:city":"Târgu Mureș","addr:housenumber":"68","addr:street":"Bulevardul Pandurilor","entrance":"yes"}}},{"type":"Feature","geometry":{"type":"Point","coordinates":[24.5778409,46.5322904]},"properties":{"id":"n2085677134","label":"nr. 7","label_key":"addr:housenumber","entrance":"main","building_id":"w1362299490","link":"outline","dist_m":0.0,"housenumber":"7","wheelchair":null,"tags":{"addr:city":"Târgu Mureș","addr:housenumber":"7","addr:postcode":"540519","addr:street":"Strada Banat","door":"yes","entrance":"main"}}},{"type":"Feature","geometry":{"type":"Point","coordinates":[24.5772769,46.5327867]},"properties":{"id":"n2085677139","label":"nr. 70","label_key":"addr:housenumber","entrance":"yes","building_id":null,"link":null,"dist_m":null,"housenumber":"70","wheelchair":null,"tags":{"addr:city":"Târgu Mureș","addr:housenumber":"70","addr:street":"Bulevardul Pandurilor","entrance":"yes"}}},{"type":"Feature","geometry":{"type":"Point","coordinates":[24.5775586,46.5327877]},"properties":{"id":"n2085677143","label":"","label_key":null,"entrance":"yes","building_id":"w88028749","link":"outline","dist_m":0.0,"housenumber":null,"wheelchair":null,"tags":{"entrance":"yes"}}},{"type":"Feature","geometry":{"type":"Point","coordinates":[24.5780439,46.5328356]},"properties":{"id":"n2085677148","label":"nr. 74","label_key":"addr:housenumber","entrance":"yes","building_id":null,"link":null,"dist_m":null,"housenumber":"74","wheelchair":null,"tags":{"addr:city":"Târgu Mureș","addr:housenumber":"74","addr:street":"Bulevardul Pandurilor","entrance":"yes"}}},{"type":"Feature","geometry":{"type":"Point","coordinates":[24.5782808,46.5328427]},"properties":{"id":"n2085677154","label":"nr. 76","label_key":"addr:housenumber","entrance":"yes","building_id":null,"link":null,"dist_m":null,"housenumber":"76","wheelchair":null,"tags":{"addr:city":"Târgu Mureș","addr:housenumber":"76","addr:street":"Bulevardul Pandurilor","entrance":"yes"}}},{"type":"Feature","geometry":{"type":"Point","coordinates":[24.5785176,46.5328498]},"properties":{"id":"n2085677164","label":"nr. 78","label_key":"addr:housenumber","entrance":"yes","building_id":null,"link":null,"dist_m":null,"housenumber":"78","wheelchair":null,"tags":{"addr:city":"Târgu Mureș","addr:housenumber":"78","addr:street":"Bulevardul Pandurilor","entrance":"yes"}}},{"type":"Feature","geometry":{"type":"Point","coordinates":[24.5795561,46.5319417]},"properties":{"id":"n2085677167","label":"nr. 8","label_key":"addr:housenumber","entrance":"main","building_id":"w1362299487","link":"outline","dist_m":0.0,"housenumber":"8","wheelchair":null,"tags":{"addr:city":"Târgu Mureș","addr:housenumber":"8","addr:postcode":"540680","addr:street":"Strada Banat","door":"yes","entrance":"main"}}},{"type":"Feature","geometry":{"type":"Point","coordinates":[24.5805362,46.5338431]},"properties":{"id":"n2085677172","label":"nr. 8","label_key":"addr:housenumber","entrance":"yes","building_id":"w87983797","link":"outline","dist_m":0.0,"housenumber":"8","wheelchair":null,"tags":{"addr:city":"Târgu Mureș","addr:housenumber":"8","addr:street":"Aleea Vrancea","entrance":"yes"}}},{"type":"Feature","geometry":{"type":"Point","coordinates":[24.5787545,46.5328569]},"properties":{"id":"n2085677180","label":"nr. 80","label_key":"addr:housenumber","entrance":"yes","building_id":null,"link":null,"dist_m":null,"housenumber":"80","wheelchair":null,"tags":{"addr:city":"Târgu Mureș","addr:housenumber":"80","addr:street":"Bulevardul Pandurilor","entrance":"yes"}}},{"type":"Feature","geometry":{"type":"Point","coordinates":[24.5790527,46.532869]},"properties":{"id":"n2085677185","label":"","label_key":null,"entrance":"yes","building_id":"w88028698","link":"outline","dist_m":0.0,"housenumber":null,"wheelchair":null,"tags":{"entrance":"yes"}}},{"type":"Feature","geometry":{"type":"Point","coordinates":[24.5795477,46.5328995]},"properties":{"id":"n2085677190","label":"nr. 84","label_key":"addr:housenumber","entrance":"yes","building_id":null,"link":null,"dist_m":null,"housenumber":"84","wheelchair":null,"tags":{"addr:city":"Târgu Mureș","addr:housenumber":"84","addr:street":"Bulevardul Pandurilor","entrance":"yes"}}},{"type":"Feature","geometry":{"type":"Point","coordinates":[24.5797846,46.5329066]},"properties":{"id":"n2085677195","label":"nr. 86","label_key":"addr:housenumber","entrance":"yes","building_id":null,"link":null,"dist_m":null,"housenumber":"86","wheelchair":null,"tags":{"addr:city":"Târgu Mureș","addr:housenumber":"86","addr:street":"Bulevardul Pandurilor","entrance":"yes"}}},{"type":"Feature","geometry":{"type":"Point","coordinates":[24.5800214,46.5329137]},"properties":{"id":"n2085677200","label":"nr. 88","label_key":"addr:housenumber","entrance":"yes","building_id":null,"link":null,"dist_m":null,"housenumber":"88","wheelchair":null,"tags":{"addr:city":"Târgu Mureș","addr:housenumber":"88","addr:street":"Bulevardul Pandurilor","entrance":"yes"}}},{"type":"Feature","geometry":{"type":"Point","coordinates":[24.5777515,46.5324892]},"properties":{"id":"n2085677214","label":"nr. 9","label_key":"addr:housenumber","entrance":"yes","building_id":null,"link":null,"dist_m":null,"housenumber":"9","wheelchair":null,"tags":{"addr:city":"Târgu Mureș","addr:housenumber":"9","addr:street":"Strada Banat","entrance":"yes"}}},{"type":"Feature","geometry":{"type":"Point","coordinates":[24.5802583,46.5329208]},"properties":{"id":"n2085677217","label":"nr. 90","label_key":"addr:housenumber","entrance":"yes","building_id":null,"link":null,"dist_m":null,"housenumber":"90","wheelchair":null,"tags":{"addr:city":"Târgu Mureș","addr:housenumber":"90","addr:street":"Bulevardul Pandurilor","entrance":"yes"}}},{"type":"Feature","geometry":{"type":"Point","coordinates":[24.5805407,46.532936]},"properties":{"id":"n2085677222","label":"","label_key":null,"entrance":"yes","building_id":"w88028603","link":"outline","dist_m":0.0,"housenumber":null,"wheelchair":null,"tags":{"entrance":"yes"}}},{"type":"Feature","geometry":{"type":"Point","coordinates":[24.5760906,46.5335736]},"properties":{"id":"n2085677225","label":"nr. 93","label_key":"addr:housenumber","entrance":"yes","building_id":null,"link":null,"dist_m":null,"housenumber":"93","wheelchair":null,"tags":{"addr:city":"Târgu Mureș","addr:housenumber":"93","addr:street":"Bulevardul Pandurilor","entrance":"yes"}}},{"type":"Feature","geometry":{"type":"Point","coordinates":[24.5763794,46.5335974]},"properties":{"id":"n2085677229","label":"nr. 95","label_key":"addr:housenumber","entrance":"yes","building_id":null,"link":null,"dist_m":null,"housenumber":"95","wheelchair":null,"tags":{"addr:city":"Târgu Mureș","addr:housenumber":"95","addr:street":"Bulevardul Pandurilor","entrance":"yes"}}},{"type":"Feature","geometry":{"type":"Point","coordinates":[24.5764342,46.5332308]},"properties":{"id":"n2085677233","label":"nr. 97","label_key":"addr:housenumber","entrance":"yes","building_id":null,"link":null,"dist_m":null,"housenumber":"97","wheelchair":null,"tags":{"addr:city":"Târgu Mureș","addr:housenumber":"97","addr:street":"Bulevardul Pandurilor","entrance":"yes"}}},{"type":"Feature","geometry":{"type":"Point","coordinates":[24.5768572,46.5332532]},"properties":{"id":"n2085677236","label":"nr. 99","label_key":"addr:housenumber","entrance":"yes","building_id":null,"link":null,"dist_m":null,"housenumber":"99","wheelchair":null,"tags":{"addr:city":"Târgu Mureș","addr:housenumber":"99","addr:street":"Bulevardul Pandurilor","entrance":"yes"}}},{"type":"Feature","geometry":{"type":"Point","coordinates":[24.5794676,46.5333673]},"properties":{"id":"n2225396445","label":"nr. 119","label_key":"addr:housenumber","entrance":"yes","building_id":"w87983746","link":"outline","dist_m":0.0,"housenumber":"119","wheelchair":null,"tags":{"addr:city":"Târgu Mureș","addr:housenumber":"119","addr:street":"Bulevardul Pandurilor","entrance":"yes"}}},{"type":"Feature","geometry":{"type":"Point","coordinates":[24.5824381,46.5337317]},"properties":{"id":"n2320115714","label":"nr. 106","label_key":"addr:housenumber","entrance":"yes","building_id":null,"link":null,"dist_m":null,"housenumber":"106","wheelchair":null,"tags":{"addr:city":"Târgu Mureș","addr:housenumber":"106","addr:street":"Bulevardul Pandurilor","entrance":"yes"}}},{"type":"Feature","geometry":{"type":"Point","coordinates":[24.5792427,46.5322373]},"properties":{"id":"n12612825079","label":"nr. 17","label_key":"addr:housenumber","entrance":"main","building_id":"w1362299492","link":"outline","dist_m":0.0,"housenumber":"17","wheelchair":null,"tags":{"addr:city":"Târgu Mureș","addr:housenumber":"17","addr:postcode":"540680","addr:street":"Strada Banat","door":"yes","entrance":"main"}}},{"type":"Feature","geometry":{"type":"Point","coordinates":[24.5873946,46.5333446]},"properties":{"id":"n986666818","label":"nr. 206","label_key":"addr:housenumber","entrance":"yes","building_id":"w88079672","link":"outline","dist_m":0.0,"housenumber":"206","wheelchair":null,"tags":{"addr:city":"Târgu Mureș","addr:housenumber":"206","addr:street":"Bulevardul 1 Decembrie 1918","entrance":"yes"}}},{"type":"Feature","geometry":{"type":"Point","coordinates":[24.5890293,46.5336865]},"properties":{"id":"n991555299","label":"nr. 46","label_key":"addr:housenumber","entrance":"yes","building_id":null,"link":null,"dist_m":null,"housenumber":"46","wheelchair":null,"tags":{"addr:city":"Târgu Mureș","addr:housenumber":"46","addr:street":"Strada Muncii","entrance":"yes"}}},{"type":"Feature","geometry":{"type":"Point","coordinates":[24.5886527,46.5332297]},"properties":{"id":"n1003977860","label":"nr. 253","label_key":"addr:housenumber","entrance":"yes","building_id":null,"link":null,"dist_m":null,"housenumber":"253","wheelchair":null,"tags":{"addr:city":"Târgu Mureș","addr:housenumber":"253","addr:street":"Bulevardul 1 Decembrie 1918","entrance":"yes"}}},{"type":"Feature","geometry":{"type":"Point","coordinates":[24.5881213,46.533477]},"properties":{"id":"n1003977865","label":"nr. 249","label_key":"addr:housenumber","entrance":"yes","building_id":null,"link":null,"dist_m":null,"housenumber":"249","wheelchair":null,"tags":{"addr:city":"Târgu Mureș","addr:housenumber":"249","addr:street":"Bulevardul 1 Decembrie 1918","entrance":"yes"}}},{"type":"Feature","geometry":{"type":"Point","coordinates":[24.587029,46.5337535]},"properties":{"id":"n1003977878","label":"nr. 243","label_key":"addr:housenumber","entrance":"yes","building_id":null,"link":null,"dist_m":null,"housenumber":"243","wheelchair":null,"tags":{"addr:city":"Târgu Mureș","addr:housenumber":"243","addr:street":"Bulevardul 1 Decembrie 1918","entrance":"yes"}}},{"type":"Feature","geometry":{"type":"Point","coordinates":[24.5876803,46.5335229]},"properties":{"id":"n1003977908","label":"nr. 247","label_key":"addr:housenumber","entrance":"yes","building_id":null,"link":null,"dist_m":null,"housenumber":"247","wheelchair":null,"tags":{"addr:city":"Târgu Mureș","addr:housenumber":"247","addr:street":"Bulevardul 1 Decembrie 1918","entrance":"yes"}}},{"type":"Feature","geometry":{"type":"Point","coordinates":[24.5884165,46.5335428]},"properties":{"id":"n1003977913","label":"nr. 251","label_key":"addr:housenumber","entrance":"yes","building_id":null,"link":null,"dist_m":null,"housenumber":"251","wheelchair":null,"tags":{"addr:city":"Târgu Mureș","addr:housenumber":"251","addr:street":"Bulevardul 1 Decembrie 1918","entrance":"yes"}}},{"type":"Feature","geometry":{"type":"Point","coordinates":[24.5841755,46.5337896]},"properties":{"id":"n1023589909","label":"nr. 9","label_key":"addr:housenumber","entrance":"yes","building_id":"w88079625","link":"outline","dist_m":0.0,"housenumber":"9","wheelchair":null,"tags":{"addr:city":"Târgu Mureș","addr:housenumber":"9","addr:street":"Strada Sârguinței","entrance":"yes"}}},{"type":"Feature","geometry":{"type":"Point","coordinates":[24.5873634,46.5336478]},"properties":{"id":"n1038097071","label":"nr. 245","label_key":"addr:housenumber","entrance":"yes","building_id":null,"link":null,"dist_m":null,"housenumber":"245","wheelchair":null,"tags":{"addr:city":"Târgu Mureș","addr:housenumber":"245","addr:street":"Bulevardul 1 Decembrie 1918","entrance":"yes"}}},{"type":"Feature","geometry":{"type":"Point","coordinates":[24.5888151,46.5337764]},"properties":{"id":"n1038097072","label":"nr. 44","label_key":"addr:housenumber","entrance":"yes","building_id":null,"link":null,"dist_m":null,"housenumber":"44","wheelchair":null,"tags":{"addr:city":"Târgu Mureș","addr:housenumber":"44","addr:street":"Strada Muncii","entrance":"yes"}}},{"type":"Feature","geometry":{"type":"Point","coordinates":[24.5834222,46.5310535]},"properties":{"id":"n1038542618","label":"","label_key":null,"entrance":"yes","building_id":null,"link":null,"dist_m":null,"housenumber":null,"wheelchair":null,"tags":{"entrance":"yes"}}},{"type":"Feature","geometry":{"type":"Point","coordinates":[24.5842191,46.5309236]},"properties":{"id":"n1038543467","label":"","label_key":null,"entrance":"yes","building_id":null,"link":null,"dist_m":null,"housenumber":null,"wheelchair":null,"tags":{"entrance":"yes"}}},{"type":"Feature","geometry":{"type":"Point","coordinates":[24.5883385,46.5327834]},"properties":{"id":"n1041364991","label":"nr. 212","label_key":"addr:housenumber","entrance":"yes","building_id":null,"link":null,"dist_m":null,"housenumber":"212","wheelchair":null,"tags":{"addr:city":"Târgu Mureș","addr:housenumber":"212","addr:postcode":"540509","addr:street":"Bulevardul 1 Decembrie 1918","entrance":"yes"}}},{"type":"Feature","geometry":{"type":"Point","coordinates":[24.5867438,46.5335836]},"properties":{"id":"n1041365012","label":"nr. 202","label_key":"addr:housenumber","entrance":"yes","building_id":"w88079672","link":"outline","dist_m":0.0,"housenumber":"202","wheelchair":null,"tags":{"addr:city":"Târgu Mureș","addr:housenumber":"202","addr:street":"Bulevardul 1 Decembrie 1918","entrance":"yes"}}},{"type":"Feature","geometry":{"type":"Point","coordinates":[24.5862664,46.5337524]},"properties":{"id":"n1041365033","label":"nr. 198","label_key":"addr:housenumber","entrance":"yes","building_id":null,"link":null,"dist_m":null,"housenumber":"198","wheelchair":null,"tags":{"addr:city":"Târgu Mureș","addr:housenumber":"198","addr:street":"Bulevardul 1 Decembrie 1918","entrance":"yes"}}},{"type":"Feature","geometry":{"type":"Point","coordinates":[24.5859676,46.5338053]},"properties":{"id":"n1041365073","label":"nr. 196","label_key":"addr:housenumber","entrance":"yes","building_id":null,"link":null,"dist_m":null,"housenumber":"196","wheelchair":null,"tags":{"addr:city":"Târgu Mureș","addr:housenumber":"196","addr:street":"Bulevardul 1 Decembrie 1918","entrance":"yes"}}},{"type":"Feature","geometry":{"type":"Point","coordinates":[24.5888252,46.5327242]},"properties":{"id":"n1041365077","label":"nr. 214","label_key":"addr:housenumber","entrance":"yes","building_id":null,"link":null,"dist_m":null,"housenumber":"214","wheelchair":null,"tags":{"addr:city":"Târgu Mureș","addr:housenumber":"214","addr:postcode":"540509","addr:street":"Bulevardul 1 Decembrie 1918","entrance":"yes"}}},{"type":"Feature","geometry":{"type":"Point","coordinates":[24.5880015,46.5329003]},"properties":{"id":"n1041365096","label":"nr. 210","label_key":"addr:housenumber","entrance":"yes","building_id":null,"link":null,"dist_m":null,"housenumber":"210","wheelchair":null,"tags":{"addr:city":"Târgu Mureș","addr:housenumber":"210","addr:postcode":"540509","addr:street":"Bulevardul 1 Decembrie 1918","entrance":"yes"}}},{"type":"Feature","geometry":{"type":"Point","coordinates":[24.5871055,46.5334021]},"properties":{"id":"n1041365112","label":"nr. 204","label_key":"addr:housenumber","entrance":"yes","building_id":"w88079672","link":"outline","dist_m":0.0,"housenumber":"204","wheelchair":null,"tags":{"addr:city":"Târgu Mureș","addr:housenumber":"204","addr:street":"Bulevardul 1 Decembrie 1918","entrance":"yes"}}},{"type":"Feature","geometry":{"type":"Point","coordinates":[24.5876706,46.5330157]},"properties":{"id":"n1041365123","label":"nr. 208","label_key":"addr:housenumber","entrance":"yes","building_id":null,"link":null,"dist_m":null,"housenumber":"208","wheelchair":null,"tags":{"addr:city":"Târgu Mureș","addr:housenumber":"208","addr:postcode":"540509","addr:street":"Bulevardul 1 Decembrie 1918","entrance":"yes"}}},{"type":"Feature","geometry":{"type":"Point","coordinates":[24.5872642,46.5329804]},"properties":{"id":"n1041365135","label":"nr. 39","label_key":"addr:housenumber","entrance":"yes","building_id":"w88079672","link":"outline","dist_m":0.0,"housenumber":"39","wheelchair":null,"tags":{"addr:city":"Târgu Mureș","addr:housenumber":"39","addr:postcode":"540509","addr:street":"Strada Sârguinței","entrance":"yes"}}},{"type":"Feature","geometry":{"type":"Point","coordinates":[24.5871972,46.53278]},"properties":{"id":"n1041365154","label":"nr. 37","label_key":"addr:housenumber","entrance":"yes","building_id":"w88079672","link":"outline","dist_m":0.0,"housenumber":"37","wheelchair":null,"tags":{"addr:city":"Târgu Mureș","addr:housenumber":"37","addr:street":"Strada Sârguinței","entrance":"yes"}}},{"type":"Feature","geometry":{"type":"Point","coordinates":[24.5868844,46.5325329]},"properties":{"id":"n1215863513","label":"nr. 35","label_key":"addr:housenumber","entrance":"yes","building_id":"w88079645","link":"outline","dist_m":0.0,"housenumber":"35","wheelchair":null,"tags":{"addr:city":"Târgu Mureș","addr:housenumber":"35","addr:street":"Strada Sârguinței","entrance":"yes"}}},{"type":"Feature","geometry":{"type":"Point","coordinates":[24.5862457,46.5326189]},"properties":{"id":"n1215863514","label":"nr. 31","label_key":"addr:housenumber","entrance":"yes","building_id":"w88079645","link":"outline","dist_m":0.0,"housenumber":"31","wheelchair":null,"tags":{"addr:city":"Târgu Mureș","addr:housenumber":"31","addr:street":"Strada Sârguinței","entrance":"yes"}}},{"type":"Feature","geometry":{"type":"Point","coordinates":[24.5864609,46.5325393]},"properties":{"id":"n1215863516","label":"nr. 33","label_key":"addr:housenumber","entrance":"yes","building_id":"w88079645","link":"outline","dist_m":0.0,"housenumber":"33","wheelchair":null,"tags":{"addr:city":"Târgu Mureș","addr:housenumber":"33","addr:street":"Strada Sârguinței","entrance":"yes"}}},{"type":"Feature","geometry":{"type":"Point","coordinates":[24.5834391,46.5311527]},"properties":{"id":"n2056024361","label":"","label_key":null,"entrance":"yes","building_id":null,"link":null,"dist_m":null,"housenumber":null,"wheelchair":null,"tags":{"entrance":"yes"}}},{"type":"Feature","geometry":{"type":"Point","coordinates":[24.5825565,46.5333767]},"properties":{"id":"n2085676829","label":"nr. 102","label_key":"addr:housenumber","entrance":"yes","building_id":null,"link":null,"dist_m":null,"housenumber":"102","wheelchair":null,"tags":{"addr:city":"Târgu Mureș","addr:housenumber":"102","addr:street":"Bulevardul Pandurilor","entrance":"yes"}}},{"type":"Feature","geometry":{"type":"Point","coordinates":[24.5827795,46.5335821]},"properties":{"id":"n2085676831","label":"nr. 104","label_key":"addr:housenumber","entrance":"yes","building_id":null,"link":null,"dist_m":null,"housenumber":"104","wheelchair":null,"tags":{"addr:city":"Târgu Mureș","addr:housenumber":"104","addr:street":"Bulevardul Pandurilor","entrance":"yes"}}},{"type":"Feature","geometry":{"type":"Point","coordinates":[24.5826677,46.5313808]},"properties":{"id":"n2085677104","label":"nr. 58","label_key":"addr:housenumber","entrance":"yes","building_id":"w224666017","link":"outline","dist_m":0.0,"housenumber":"58","wheelchair":null,"tags":{"addr:city":"Târgu Mureș","addr:housenumber":"58","addr:street":"Strada Transilvania","entrance":"yes"}}},{"type":"Feature","geometry":{"type":"Point","coordinates":[24.5889966,46.5306301]},"properties":{"id":"n2797141446","label":"","label_key":null,"entrance":"yes","building_id":"w1360993737","link":"outline","dist_m":0.0,"housenumber":null,"wheelchair":null,"tags":{"entrance":"yes"}}},{"type":"Feature","geometry":{"type":"Point","coordinates":[24.5887939,46.530709]},"properties":{"id":"n2797141453","label":"","label_key":null,"entrance":"yes","building_id":"w1360993737","link":"outline","dist_m":0.0,"housenumber":null,"wheelchair":null,"tags":{"entrance":"yes"}}},{"type":"Feature","geometry":{"type":"Point","coordinates":[24.5890753,46.5307255]},"properties":{"id":"n2797141454","label":"","label_key":null,"entrance":"main","building_id":"w1360993737","link":"outline","dist_m":0.0,"housenumber":null,"wheelchair":null,"tags":{"entrance":"main"}}},{"type":"Feature","geometry":{"type":"Point","coordinates":[24.5886198,46.5307768]},"properties":{"id":"n2797141464","label":"","label_key":null,"entrance":"yes","building_id":"w1360993737","link":"outline","dist_m":0.0,"housenumber":null,"wheelchair":null,"tags":{"entrance":"yes"}}},{"type":"Feature","geometry":{"type":"Point","coordinates":[24.5888628,46.5308081]},"properties":{"id":"n2797141465","label":"","label_key":null,"entrance":"main","building_id":"w1360993737","link":"outline","dist_m":0.0,"housenumber":null,"wheelchair":null,"tags":{"entrance":"main"}}},{"type":"Feature","geometry":{"type":"Point","coordinates":[24.588686,46.5308769]},"properties":{"id":"n2797162276","label":"","label_key":null,"entrance":"main","building_id":"w1360993737","link":"outline","dist_m":0.0,"housenumber":null,"wheelchair":null,"tags":{"entrance":"main"}}},{"type":"Feature","geometry":{"type":"Point","coordinates":[24.5891044,46.5309285]},"properties":{"id":"n2797162283","label":"","label_key":null,"entrance":"main","building_id":"w1360993737","link":"nearest","dist_m":20.7,"housenumber":null,"wheelchair":null,"tags":{"entrance":"main"}}},{"type":"Feature","geometry":{"type":"Point","coordinates":[24.5889344,46.5312901]},"properties":{"id":"n2797162338","label":"","label_key":null,"entrance":"main","building_id":"w1360993736","link":"outline","dist_m":0.0,"housenumber":null,"wheelchair":null,"tags":{"entrance":"main"}}},{"type":"Feature","geometry":{"type":"Point","coordinates":[24.5890125,46.5313867]},"properties":{"id":"n2797162355","label":"","label_key":null,"entrance":"yes","building_id":"w1360993736","link":"outline","dist_m":0.0,"housenumber":null,"wheelchair":null,"tags":{"entrance":"yes"}}},{"type":"Feature","geometry":{"type":"Point","coordinates":[24.5858427,46.5327439]},"properties":{"id":"n10542576308","label":"nr. 25","label_key":"addr:housenumber","entrance":"yes","building_id":"w88079608","link":"outline","dist_m":0.0,"housenumber":"25","wheelchair":null,"tags":{"addr:city":"Târgu Mureș","addr:housenumber":"25","addr:street":"Strada Sârguinței","entrance":"yes"}}},{"type":"Feature","geometry":{"type":"Point","coordinates":[24.5863387,46.5328904]},"properties":{"id":"n10542595209","label":"nr. 29","label_key":"addr:housenumber","entrance":"yes","building_id":"w88079645","link":"outline","dist_m":0.0,"housenumber":"29","wheelchair":null,"tags":{"addr:city":"Târgu Mureș","addr:housenumber":"29","addr:street":"Strada Sârguinței","entrance":"yes"}}},{"type":"Feature","geometry":{"type":"Point","coordinates":[24.5860245,46.5329964]},"properties":{"id":"n10542595210","label":"nr. 27","label_key":"addr:housenumber","entrance":"yes","building_id":"w88079608","link":"outline","dist_m":0.0,"housenumber":"27","wheelchair":null,"tags":{"addr:city":"Târgu Mureș","addr:housenumber":"27","addr:street":"Strada Sârguinței","entrance":"yes"}}},{"type":"Feature","geometry":{"type":"Point","coordinates":[24.5851232,46.5335198]},"properties":{"id":"n10542595211","label":"nr. 17","label_key":"addr:housenumber","entrance":"yes","building_id":"w88079660","link":"outline","dist_m":0.0,"housenumber":"17","wheelchair":null,"tags":{"addr:city":"Târgu Mureș","addr:housenumber":"17","addr:street":"Strada Sârguinței","entrance":"yes"}}},{"type":"Feature","geometry":{"type":"Point","coordinates":[24.585346,46.5334494]},"properties":{"id":"n10542595212","label":"nr. 19","label_key":"addr:housenumber","entrance":"yes","building_id":"w88079660","link":"outline","dist_m":0.0,"housenumber":"19","wheelchair":null,"tags":{"addr:city":"Târgu Mureș","addr:housenumber":"19","addr:street":"Strada Sârguinței","entrance":"yes"}}},{"type":"Feature","geometry":{"type":"Point","coordinates":[24.5855749,46.5333772]},"properties":{"id":"n10542595213","label":"nr. 21","label_key":"addr:housenumber","entrance":"yes","building_id":"w88079660","link":"outline","dist_m":0.0,"housenumber":"21","wheelchair":null,"tags":{"addr:city":"Târgu Mureș","addr:housenumber":"21","addr:street":"Strada Sârguinței","entrance":"yes"}}},{"type":"Feature","geometry":{"type":"Point","coordinates":[24.585833,46.5332956]},"properties":{"id":"n10542595214","label":"nr. 23","label_key":"addr:housenumber","entrance":"yes","building_id":"w88079660","link":"outline","dist_m":0.0,"housenumber":"23","wheelchair":null,"tags":{"addr:city":"Târgu Mureș","addr:housenumber":"23","addr:street":"Strada Sârguinței","entrance":"yes"}}},{"type":"Feature","geometry":{"type":"Point","coordinates":[24.5857758,46.5331998]},"properties":{"id":"n10542595215","label":"nr. 23","label_key":"addr:housenumber","entrance":"yes","building_id":"w88079660","link":"outline","dist_m":0.0,"housenumber":"23","wheelchair":null,"tags":{"addr:city":"Târgu Mureș","addr:housenumber":"23","addr:street":"Strada Sârguinței","entrance":"yes"}}},{"type":"Feature","geometry":{"type":"Point","coordinates":[24.5855173,46.5332814]},"properties":{"id":"n10542595216","label":"nr. 21","label_key":"addr:housenumber","entrance":"yes","building_id":"w88079660","link":"outline","dist_m":0.0,"housenumber":"21","wheelchair":null,"tags":{"addr:city":"Târgu Mureș","addr:housenumber":"21","addr:street":"Strada Sârguinței","entrance":"yes"}}},{"type":"Feature","geometry":{"type":"Point","coordinates":[24.5852931,46.5333522]},"properties":{"id":"n10542595217","label":"nr. 19","label_key":"addr:housenumber","entrance":"yes","building_id":"w88079660","link":"outline","dist_m":0.0,"housenumber":"19","wheelchair":null,"tags":{"addr:city":"Târgu Mureș","addr:housenumber":"19","addr:street":"Strada Sârguinței","entrance":"yes"}}},{"type":"Feature","geometry":{"type":"Point","coordinates":[24.5850641,46.5334245]},"properties":{"id":"n10542595218","label":"nr. 17","label_key":"addr:housenumber","entrance":"yes","building_id":"w88079660","link":"outline","dist_m":0.0,"housenumber":"17","wheelchair":null,"tags":{"addr:city":"Târgu Mureș","addr:housenumber":"17","addr:street":"Strada Sârguinței","entrance":"yes"}}},{"type":"Feature","geometry":{"type":"Point","coordinates":[24.5846509,46.5333743]},"properties":{"id":"n10542595219","label":"nr. 15","label_key":"addr:housenumber","entrance":"yes","building_id":"w88079703","link":"outline","dist_m":0.0,"housenumber":"15","wheelchair":null,"tags":{"addr:city":"Târgu Mureș","addr:housenumber":"15","addr:street":"Strada Sârguinței","entrance":"yes"}}},{"type":"Feature","geometry":{"type":"Point","coordinates":[24.5844601,46.5336048]},"properties":{"id":"n10542595220","label":"nr. 13","label_key":"addr:housenumber","entrance":"yes","building_id":"w88079703","link":"outline","dist_m":0.0,"housenumber":"13","wheelchair":null,"tags":{"addr:city":"Târgu Mureș","addr:housenumber":"13","addr:street":"Strada Sârguinței","entrance":"yes"}}},{"type":"Feature","geometry":{"type":"Point","coordinates":[24.5834441,46.5338453]},"properties":{"id":"n13456659460","label":"nr. 2","label_key":"addr:housenumber","entrance":"yes","building_id":"w89479873","link":"outline","dist_m":0.0,"housenumber":"2","wheelchair":null,"tags":{"addr:city":"Târgu Mureș","addr:housenumber":"2","addr:postcode":"540545","addr:street":"Strada Sârguinței","door":"yes","entrance":"yes"}}},{"type":"Feature","geometry":{"type":"Point","coordinates":[24.5836838,46.5337558]},"properties":{"id":"n13456659461","label":"nr. 4","label_key":"addr:housenumber","entrance":"yes","building_id":"w89479873","link":"outline","dist_m":0.0,"housenumber":"4","wheelchair":null,"tags":{"addr:city":"Târgu Mureș","addr:housenumber":"4","addr:postcode":"540545","addr:street":"Strada Sârguinței","door":"yes","entrance":"yes"}}},{"type":"Feature","geometry":{"type":"Point","coordinates":[24.5838886,46.5336644]},"properties":{"id":"n13456659462","label":"nr. 6","label_key":"addr:housenumber","entrance":"yes","building_id":"w89479873","link":"outline","dist_m":0.0,"housenumber":"6","wheelchair":null,"tags":{"addr:city":"Târgu Mureș","addr:housenumber":"6","addr:postcode":"540545","addr:street":"Strada Sârguinței","door":"yes","entrance":"yes"}}},{"type":"Feature","geometry":{"type":"Point","coordinates":[24.5840846,46.5335764]},"properties":{"id":"n13456659463","label":"nr. 8","label_key":"addr:housenumber","entrance":"yes","building_id":"w89479873","link":"outline","dist_m":0.0,"housenumber":"8","wheelchair":null,"tags":{"addr:city":"Târgu Mureș","addr:housenumber":"8","addr:postcode":"540545","addr:street":"Strada Sârguinței","door":"yes","entrance":"yes"}}},{"type":"Feature","geometry":{"type":"Point","coordinates":[24.5839187,46.5333308]},"properties":{"id":"n13456659464","label":"nr. 10","label_key":"addr:housenumber","entrance":"yes","building_id":"w89479873","link":"outline","dist_m":0.0,"housenumber":"10","wheelchair":null,"tags":{"addr:city":"Târgu Mureș","addr:housenumber":"10","addr:postcode":"540545","addr:street":"Strada Sârguinței","door":"yes","entrance":"yes"}}},{"type":"Feature","geometry":{"type":"Point","coordinates":[24.5842788,46.533262]},"properties":{"id":"n13456659466","label":"nr. 12","label_key":"addr:housenumber","entrance":"yes","building_id":"w89479869","link":"outline","dist_m":0.0,"housenumber":"12","wheelchair":null,"tags":{"addr:city":"Târgu Mureș","addr:housenumber":"12","addr:postcode":"540545","addr:street":"Strada Sârguinței","door":"yes","entrance":"yes"}}},{"type":"Feature","geometry":{"type":"Point","coordinates":[24.5844474,46.5331406]},"properties":{"id":"n13456659467","label":"nr. 14","label_key":"addr:housenumber","entrance":"yes","building_id":"w89479869","link":"outline","dist_m":0.0,"housenumber":"14","wheelchair":null,"tags":{"addr:city":"Târgu Mureș","addr:housenumber":"14","addr:postcode":"540545","addr:street":"Strada Sârguinței","entrance":"yes"}}},{"type":"Feature","geometry":{"type":"Point","coordinates":[24.5846291,46.5330172]},"properties":{"id":"n13456659468","label":"nr. 16","label_key":"addr:housenumber","entrance":"yes","building_id":"w89479869","link":"outline","dist_m":0.0,"housenumber":"16","wheelchair":null,"tags":{"addr:city":"Târgu Mureș","addr:housenumber":"16","addr:postcode":"540545","addr:street":"Strada Sârguinței","entrance":"yes"}}},{"type":"Feature","geometry":{"type":"Point","coordinates":[24.5849133,46.532795]},"properties":{"id":"n13456659469","label":"nr. 18","label_key":"addr:housenumber","entrance":"yes","building_id":"w89479900","link":"outline","dist_m":0.0,"housenumber":"18","wheelchair":null,"tags":{"addr:city":"Târgu Mureș","addr:housenumber":"18","addr:postcode":"540509","addr:street":"Strada Sârguinței","entrance":"yes"}}},{"type":"Feature","geometry":{"type":"Point","coordinates":[24.5854642,46.5326044]},"properties":{"id":"n13456659470","label":"nr. 20","label_key":"addr:housenumber","entrance":"yes","building_id":"w89479900","link":"outline","dist_m":0.0,"housenumber":"20","wheelchair":null,"tags":{"addr:city":"Târgu Mureș","addr:housenumber":"20","addr:postcode":"540509","addr:street":"Strada Sârguinței","entrance":"yes"}}},{"type":"Feature","geometry":{"type":"Point","coordinates":[24.5858342,46.5325611]},"properties":{"id":"n13456659471","label":"nr. 26","label_key":"addr:housenumber","entrance":"yes","building_id":"w89479876","link":"outline","dist_m":0.0,"housenumber":"26","wheelchair":null,"tags":{"addr:city":"Târgu Mureș","addr:housenumber":"26","addr:postcode":"540509","addr:street":"Strada Sârguinței","entrance":"yes"}}},{"type":"Feature","geometry":{"type":"Point","coordinates":[24.5861095,46.5323713]},"properties":{"id":"n13456659472","label":"nr. 28","label_key":"addr:housenumber","entrance":"yes","building_id":"w89479876","link":"outline","dist_m":0.0,"housenumber":"28","wheelchair":null,"tags":{"addr:city":"Târgu Mureș","addr:housenumber":"28","addr:postcode":"540509","addr:street":"Strada Sârguinței","entrance":"yes"}}},{"type":"Feature","geometry":{"type":"Point","coordinates":[24.5651505,46.538399]},"properties":{"id":"n1227209518","label":"","label_key":null,"entrance":"yes","building_id":"w31530850","link":"outline","dist_m":0.0,"housenumber":null,"wheelchair":null,"tags":{"entrance":"yes"}}},{"type":"Feature","geometry":{"type":"Point","coordinates":[24.5648988,46.5387057]},"properties":{"id":"n1227209532","label":"","label_key":null,"entrance":"yes","building_id":"w31530850","link":"nearest","dist_m":21.2,"housenumber":null,"wheelchair":null,"tags":{"entrance":"yes"}}},{"type":"Feature","geometry":{"type":"Point","coordinates":[24.5653635,46.5381455]},"properties":{"id":"n1227209552","label":"","label_key":null,"entrance":"yes","building_id":"w31530784","link":"outline","dist_m":0.0,"housenumber":null,"wheelchair":null,"tags":{"entrance":"yes"}}},{"type":"Feature","geometry":{"type":"Point","coordinates":[24.5642094,46.5388197]},"properties":{"id":"n1227209597","label":"","label_key":null,"entrance":"yes","building_id":"w36822735","link":"outline","dist_m":0.0,"housenumber":null,"wheelchair":null,"tags":{"entrance":"yes"}}},{"type":"Feature","geometry":{"type":"Point","coordinates":[24.5629349,46.5390203]},"properties":{"id":"n1227209665","label":"","label_key":null,"entrance":"yes","building_id":"w31530982","link":"outline","dist_m":0.0,"housenumber":null,"wheelchair":null,"tags":{"entrance":"yes"}}},{"type":"Feature","geometry":{"type":"Point","coordinates":[24.5639257,46.5386398]},"properties":{"id":"n1227209695","label":"","label_key":null,"entrance":"yes","building_id":"w31530955","link":"outline","dist_m":0.0,"housenumber":null,"wheelchair":null,"tags":{"entrance":"yes"}}},{"type":"Feature","geometry":{"type":"Point","coordinates":[24.5663755,46.5386717]},"properties":{"id":"n1227209702","label":"","label_key":null,"entrance":"yes","building_id":"w31531041","link":"nearest","dist_m":21.6,"housenumber":null,"wheelchair":null,"tags":{"entrance":"yes"}}},{"type":"Feature","geometry":{"type":"Point","coordinates":[24.5654779,46.5386888]},"properties":{"id":"n1227209708","label":"nr. 80B","label_key":"addr:housenumber","entrance":"yes","building_id":null,"link":null,"dist_m":null,"housenumber":"80B","wheelchair":null,"tags":{"addr:city":"Târgu Mureș","addr:housenumber":"80B","addr:postcode":"540003","addr:street":"Bulevardul 1 Decembrie 1918","entrance":"yes"}}},{"type":"Feature","geometry":{"type":"Point","coordinates":[24.5632174,46.5387241]},"properties":{"id":"n1227209727","label":"","label_key":"addr:housenumber","entrance":"yes","building_id":"w31531075","link":"outline","dist_m":0.0,"housenumber":"2A","wheelchair":null,"tags":{"addr:city":"Târgu Mureș","addr:housenumber":"2A","addr:postcode":"540011","addr:street":"Strada Bobâlna","entrance":"yes"},"redundant":true}},{"type":"Feature","geometry":{"type":"Point","coordinates":[24.5688216,46.5386625]},"properties":{"id":"n1227209773","label":"","label_key":null,"entrance":"yes","building_id":"w87967938","link":"outline","dist_m":0.0,"housenumber":null,"wheelchair":null,"tags":{"entrance":"yes"}}},{"type":"Feature","geometry":{"type":"Point","coordinates":[24.5650619,46.5381241]},"properties":{"id":"n1227209776","label":"","label_key":null,"entrance":"yes","building_id":"w86640820","link":"outline","dist_m":0.0,"housenumber":null,"wheelchair":null,"tags":{"entrance":"yes"}}},{"type":"Feature","geometry":{"type":"Point","coordinates":[24.5674634,46.5386658]},"properties":{"id":"n1227209782","label":"","label_key":null,"entrance":"yes","building_id":"w31530863","link":"outline","dist_m":0.0,"housenumber":null,"wheelchair":null,"tags":{"entrance":"yes"}}},{"type":"Feature","geometry":{"type":"Point","coordinates":[24.5684341,46.5386626]},"properties":{"id":"n1227209789","label":"","label_key":null,"entrance":"yes","building_id":"w87967920","link":"outline","dist_m":0.0,"housenumber":null,"wheelchair":null,"tags":{"entrance":"yes"}}},{"type":"Feature","geometry":{"type":"Point","coordinates":[24.5682164,46.538665]},"properties":{"id":"n1227209824","label":"","label_key":null,"entrance":"yes","building_id":"w87967920","link":"outline","dist_m":0.0,"housenumber":null,"wheelchair":null,"tags":{"entrance":"yes"}}},{"type":"Feature","geometry":{"type":"Point","coordinates":[24.5636349,46.5389172]},"properties":{"id":"n1227209826","label":"","label_key":null,"entrance":"yes","building_id":"w36822736","link":"outline","dist_m":0.0,"housenumber":null,"wheelchair":null,"tags":{"entrance":"yes"}}},{"type":"Feature","geometry":{"type":"Point","coordinates":[24.5647621,46.5381046]},"properties":{"id":"n1227209842","label":"","label_key":null,"entrance":"yes","building_id":"w31530789","link":"outline","dist_m":0.0,"housenumber":null,"wheelchair":null,"tags":{"entrance":"yes"}}},{"type":"Feature","geometry":{"type":"Point","coordinates":[24.5672457,46.5386684]},"properties":{"id":"n1227209851","label":"","label_key":null,"entrance":"yes","building_id":"w31530863","link":"outline","dist_m":0.0,"housenumber":null,"wheelchair":null,"tags":{"entrance":"yes"}}},{"type":"Feature","geometry":{"type":"Point","coordinates":[24.5657055,46.5386823]},"properties":{"id":"n1227209857","label":"nr. 80A","label_key":"addr:housenumber","entrance":"yes","building_id":null,"link":null,"dist_m":null,"housenumber":"80A","wheelchair":null,"tags":{"addr:city":"Târgu Mureș","addr:housenumber":"80A","addr:postcode":"540003","addr:street":"Bulevardul 1 Decembrie 1918","entrance":"yes"}}},{"type":"Feature","geometry":{"type":"Point","coordinates":[24.5644933,46.5385347]},"properties":{"id":"n1227209859","label":"","label_key":null,"entrance":"yes","building_id":"w31531030","link":"outline","dist_m":0.0,"housenumber":null,"wheelchair":null,"tags":{"entrance":"yes"}}},{"type":"Feature","geometry":{"type":"Point","coordinates":[24.5678247,46.5386638]},"properties":{"id":"n1227209873","label":"","label_key":null,"entrance":"yes","building_id":"w31531080","link":"outline","dist_m":0.0,"housenumber":null,"wheelchair":null,"tags":{"entrance":"yes"}}},{"type":"Feature","geometry":{"type":"Point","coordinates":[24.5665257,46.5339067]},"properties":{"id":"n1533224466","label":"nr. 17","label_key":"addr:housenumber","entrance":"yes","building_id":null,"link":null,"dist_m":null,"housenumber":"17","wheelchair":null,"tags":{"addr:city":"Târgu Mureș","addr:housenumber":"17","addr:street":"Bulevardul Pandurilor","entrance":"yes"}}},{"type":"Feature","geometry":{"type":"Point","coordinates":[24.5664052,46.5341845]},"properties":{"id":"n1533224503","label":"nr. 1d","label_key":"addr:housenumber","entrance":"yes","building_id":null,"link":null,"dist_m":null,"housenumber":"1d","wheelchair":null,"tags":{"addr:city":"Târgu Mureș","addr:housenumber":"1d","addr:street":"Bulevardul Pandurilor","entrance":"yes"}}},{"type":"Feature","geometry":{"type":"Point","coordinates":[24.5659961,46.5341238]},"properties":{"id":"n1533224521","label":"","label_key":null,"entrance":"yes","building_id":null,"link":null,"dist_m":null,"housenumber":null,"wheelchair":null,"tags":{"addr:street":"Bulevardul Pandurilor","entrance":"yes"}}},{"type":"Feature","geometry":{"type":"Point","coordinates":[24.5659777,46.5344077]},"properties":{"id":"n1533224530","label":"nr. 1b","label_key":"addr:housenumber","entrance":"yes","building_id":null,"link":null,"dist_m":null,"housenumber":"1b","wheelchair":null,"tags":{"addr:city":"Târgu Mureș","addr:housenumber":"1b","addr:street":"Bulevardul Pandurilor","entrance":"yes"}}},{"type":"Feature","geometry":{"type":"Point","coordinates":[24.5658963,46.5346678]},"properties":{"id":"n1533224535","label":"nr. 1a","label_key":"addr:housenumber","entrance":"yes","building_id":null,"link":null,"dist_m":null,"housenumber":"1a","wheelchair":null,"tags":{"addr:city":"Târgu Mureș","addr:housenumber":"1a","addr:street":"Bulevardul Pandurilor","entrance":"yes"}}},{"type":"Feature","geometry":{"type":"Point","coordinates":[24.5669719,46.5347067]},"properties":{"id":"n1533224569","label":"nr. 7","label_key":"addr:housenumber","entrance":"yes","building_id":null,"link":null,"dist_m":null,"housenumber":"7","wheelchair":null,"tags":{"addr:city":"Târgu Mureș","addr:housenumber":"7","addr:street":"Bulevardul Pandurilor","entrance":"yes"}}},{"type":"Feature","geometry":{"type":"Point","coordinates":[24.5668043,46.5344436]},"properties":{"id":"n1533224574","label":"nr. 5","label_key":"addr:housenumber","entrance":"yes","building_id":null,"link":null,"dist_m":null,"housenumber":"5","wheelchair":null,"tags":{"addr:city":"Târgu Mureș","addr:housenumber":"5","addr:street":"Bulevardul Pandurilor","entrance":"yes"}}},{"type":"Feature","geometry":{"type":"Point","coordinates":[24.5677974,46.5346004]},"properties":{"id":"n1533224595","label":"nr. 11","label_key":"addr:housenumber","entrance":"yes","building_id":null,"link":null,"dist_m":null,"housenumber":"11","wheelchair":null,"tags":{"addr:city":"Târgu Mureș","addr:housenumber":"11","addr:street":"Bulevardul Pandurilor","entrance":"yes"}}},{"type":"Feature","geometry":{"type":"Point","coordinates":[24.5674473,46.5347109]},"properties":{"id":"n1533224601","label":"nr. 9","label_key":"addr:housenumber","entrance":"yes","building_id":null,"link":null,"dist_m":null,"housenumber":"9","wheelchair":null,"tags":{"addr:city":"Târgu Mureș","addr:housenumber":"9","addr:street":"Bulevardul Pandurilor","entrance":"yes"}}},{"type":"Feature","geometry":{"type":"Point","coordinates":[24.5681697,46.5343927]},"properties":{"id":"n1533224626","label":"nr. 13","label_key":"addr:housenumber","entrance":"yes","building_id":null,"link":null,"dist_m":null,"housenumber":"13","wheelchair":null,"tags":{"addr:city":"Târgu Mureș","addr:housenumber":"13","addr:street":"Bulevardul Pandurilor","entrance":"yes"}}},{"type":"Feature","geometry":{"type":"Point","coordinates":[24.5679724,46.5341235]},"properties":{"id":"n1533224629","label":"nr. 15","label_key":"addr:housenumber","entrance":"yes","building_id":null,"link":null,"dist_m":null,"housenumber":"15","wheelchair":null,"tags":{"addr:city":"Târgu Mureș","addr:housenumber":"15","addr:street":"Bulevardul Pandurilor","entrance":"yes"}}},{"type":"Feature","geometry":{"type":"Point","coordinates":[24.5679635,46.5347185]},"properties":{"id":"n1533224666","label":"nr. 31","label_key":"addr:housenumber","entrance":"yes","building_id":null,"link":null,"dist_m":null,"housenumber":"31","wheelchair":null,"tags":{"addr:city":"Târgu Mureș","addr:housenumber":"31","addr:street":"Bulevardul Pandurilor","entrance":"yes"}}},{"type":"Feature","geometry":{"type":"Point","coordinates":[24.5683366,46.5346006]},"properties":{"id":"n1533224668","label":"nr. 33","label_key":"addr:housenumber","entrance":"yes","building_id":null,"link":null,"dist_m":null,"housenumber":"33","wheelchair":null,"tags":{"addr:city":"Târgu Mureș","addr:housenumber":"33","addr:street":"Bulevardul Pandurilor","entrance":"yes"}}},{"type":"Feature","geometry":{"type":"Point","coordinates":[24.5694394,46.5346115]},"properties":{"id":"n1533224690","label":"nr. 53","label_key":"addr:housenumber","entrance":"yes","building_id":null,"link":null,"dist_m":null,"housenumber":"53","wheelchair":null,"tags":{"addr:city":"Târgu Mureș","addr:housenumber":"53","addr:street":"Bulevardul Pandurilor","entrance":"yes"}}},{"type":"Feature","geometry":{"type":"Point","coordinates":[24.5690842,46.534722]},"properties":{"id":"n1533224692","label":"nr. 51","label_key":"addr:housenumber","entrance":"yes","building_id":null,"link":null,"dist_m":null,"housenumber":"51","wheelchair":null,"tags":{"addr:city":"Târgu Mureș","addr:housenumber":"51","addr:street":"Bulevardul Pandurilor","entrance":"yes"}}},{"type":"Feature","geometry":{"type":"Point","coordinates":[24.5689357,46.5346029]},"properties":{"id":"n1533224715","label":"nr. 37","label_key":"addr:housenumber","entrance":"yes","building_id":null,"link":null,"dist_m":null,"housenumber":"37","wheelchair":null,"tags":{"addr:city":"Târgu Mureș","addr:housenumber":"37","addr:street":"Bulevardul Pandurilor","entrance":"yes"}}},{"type":"Feature","geometry":{"type":"Point","coordinates":[24.56856,46.5347246]},"properties":{"id":"n1533224718","label":"nr. 35","label_key":"addr:housenumber","entrance":"yes","building_id":null,"link":null,"dist_m":null,"housenumber":"35","wheelchair":null,"tags":{"addr:city":"Târgu Mureș","addr:housenumber":"35","addr:street":"Bulevardul Pandurilor","entrance":"yes"}}},{"type":"Feature","geometry":{"type":"Point","coordinates":[24.569391,46.5341183]},"properties":{"id":"n1533224743","label":"nr. 47","label_key":"addr:housenumber","entrance":"yes","building_id":null,"link":null,"dist_m":null,"housenumber":"47","wheelchair":null,"tags":{"addr:city":"Târgu Mureș","addr:housenumber":"47","addr:street":"Bulevardul Pandurilor","entrance":"yes"}}},{"type":"Feature","geometry":{"type":"Point","coordinates":[24.5691476,46.5343791]},"properties":{"id":"n1533224757","label":"nr. 41","label_key":"addr:housenumber","entrance":"yes","building_id":null,"link":null,"dist_m":null,"housenumber":"41","wheelchair":null,"tags":{"addr:city":"Târgu Mureș","addr:housenumber":"41","addr:street":"Bulevardul Pandurilor","entrance":"yes"}}},{"type":"Feature","geometry":{"type":"Point","coordinates":[24.568942,46.5341149]},"properties":{"id":"n1533224764","label":"nr. 39","label_key":"addr:housenumber","entrance":"yes","building_id":null,"link":null,"dist_m":null,"housenumber":"39","wheelchair":null,"tags":{"addr:city":"Târgu Mureș","addr:housenumber":"39","addr:street":"Bulevardul Pandurilor","entrance":"yes"}}},{"type":"Feature","geometry":{"type":"Point","coordinates":[24.5685906,46.5344035]},"properties":{"id":"n1533224778","label":"nr. 29","label_key":"addr:housenumber","entrance":"yes","building_id":null,"link":null,"dist_m":null,"housenumber":"29","wheelchair":null,"tags":{"addr:city":"Târgu Mureș","addr:housenumber":"29","addr:street":"Bulevardul Pandurilor","entrance":"yes"}}},{"type":"Feature","geometry":{"type":"Point","coordinates":[24.5683967,46.5341342]},"properties":{"id":"n1533224782","label":"nr. 27","label_key":"addr:housenumber","entrance":"yes","building_id":null,"link":null,"dist_m":null,"housenumber":"27","wheelchair":null,"tags":{"addr:city":"Târgu Mureș","addr:housenumber":"27","addr:street":"Bulevardul Pandurilor","entrance":"yes"}}},{"type":"Feature","geometry":{"type":"Point","coordinates":[24.5650108,46.5347674]},"properties":{"id":"n1534695267","label":"nr. 2","label_key":"addr:housenumber","entrance":"yes","building_id":null,"link":null,"dist_m":null,"housenumber":"2","wheelchair":null,"tags":{"addr:city":"Târgu Mureș","addr:housenumber":"2","addr:street":"Bulevardul Pandurilor","entrance":"yes"}}},{"type":"Feature","geometry":{"type":"Point","coordinates":[24.5650322,46.534453]},"properties":{"id":"n1534695316","label":"nr. 4","label_key":"addr:housenumber","entrance":"yes","building_id":null,"link":null,"dist_m":null,"housenumber":"4","wheelchair":null,"tags":{"addr:city":"Târgu Mureș","addr:housenumber":"4","addr:street":"Bulevardul Pandurilor","entrance":"yes"}}},{"type":"Feature","geometry":{"type":"Point","coordinates":[24.5650697,46.534186]},"properties":{"id":"n1534695330","label":"nr. 6","label_key":"addr:housenumber","entrance":"yes","building_id":null,"link":null,"dist_m":null,"housenumber":"6","wheelchair":null,"tags":{"addr:city":"Târgu Mureș","addr:housenumber":"6","addr:street":"Bulevardul Pandurilor","entrance":"yes"}}},{"type":"Feature","geometry":{"type":"Point","coordinates":[24.5652207,46.5339012]},"properties":{"id":"n1534695335","label":"nr. 8","label_key":"addr:housenumber","entrance":"yes","building_id":null,"link":null,"dist_m":null,"housenumber":"8","wheelchair":null,"tags":{"addr:city":"Târgu Mureș","addr:housenumber":"8","addr:street":"Bulevardul Pandurilor","entrance":"yes"}}},{"type":"Feature","geometry":{"type":"Point","coordinates":[24.5644159,46.5391178]},"properties":{"id":"n1936658068","label":"","label_key":null,"entrance":"yes","building_id":"w88099359","link":"outline","dist_m":0.0,"housenumber":null,"wheelchair":null,"tags":{"entrance":"yes"}}},{"type":"Feature","geometry":{"type":"Point","coordinates":[24.5639418,46.5392886]},"properties":{"id":"n1936658070","label":"","label_key":null,"entrance":"yes","building_id":"w31530781","link":"outline","dist_m":0.0,"housenumber":null,"wheelchair":null,"tags":{"entrance":"yes"}}},{"type":"Feature","geometry":{"type":"Point","coordinates":[24.563574,46.5393304]},"properties":{"id":"n1936658071","label":"","label_key":null,"entrance":"yes","building_id":"w31531155","link":"outline","dist_m":0.0,"housenumber":null,"wheelchair":null,"tags":{"entrance":"yes"}}},{"type":"Feature","geometry":{"type":"Point","coordinates":[24.5629093,46.5393923]},"properties":{"id":"n1936658072","label":"","label_key":null,"entrance":"yes","building_id":"w31530813","link":"outline","dist_m":0.0,"housenumber":null,"wheelchair":null,"tags":{"entrance":"yes"}}},{"type":"Feature","geometry":{"type":"Point","coordinates":[24.5635379,46.5351515]},"properties":{"id":"n2085601602","label":"","label_key":null,"entrance":"yes","building_id":"w89475470","link":"outline","dist_m":0.0,"housenumber":null,"wheelchair":null,"tags":{"entrance":"yes"}}},{"type":"Feature","geometry":{"type":"Point","coordinates":[24.5637335,46.5350891]},"properties":{"id":"n2085601617","label":"","label_key":null,"entrance":"yes","building_id":"w89475488","link":"outline","dist_m":0.0,"housenumber":null,"wheelchair":null,"tags":{"entrance":"yes"}}},{"type":"Feature","geometry":{"type":"Point","coordinates":[24.5640339,46.5349114]},"properties":{"id":"n2085601648","label":"","label_key":null,"entrance":"yes","building_id":"w89475493","link":"outline","dist_m":0.0,"housenumber":null,"wheelchair":null,"tags":{"entrance":"yes"}}},{"type":"Feature","geometry":{"type":"Point","coordinates":[24.5630876,46.5344748]},"properties":{"id":"n2085601660","label":"nr. 16","label_key":"addr:housenumber","entrance":"yes","building_id":null,"link":null,"dist_m":null,"housenumber":"16","wheelchair":null,"tags":{"addr:city":"Târgu Mureș","addr:housenumber":"16","addr:street":"Strada Măgurei","entrance":"yes"}}},{"type":"Feature","geometry":{"type":"Point","coordinates":[24.5634977,46.5347743]},"properties":{"id":"n2085601679","label":"","label_key":null,"entrance":"yes","building_id":"w89475483","link":"outline","dist_m":0.0,"housenumber":null,"wheelchair":null,"tags":{"entrance":"yes"}}},{"type":"Feature","geometry":{"type":"Point","coordinates":[24.5632615,46.5343725]},"properties":{"id":"n2085601687","label":"nr. 18","label_key":"addr:housenumber","entrance":"yes","building_id":null,"link":null,"dist_m":null,"housenumber":"18","wheelchair":null,"tags":{"addr:city":"Târgu Mureș","addr:housenumber":"18","addr:street":"Strada Măgurei","entrance":"yes"}}},{"type":"Feature","geometry":{"type":"Point","coordinates":[24.5636158,46.5346175]},"properties":{"id":"n2085601691","label":"","label_key":null,"entrance":"yes","building_id":"w89475453","link":"outline","dist_m":0.0,"housenumber":null,"wheelchair":null,"tags":{"entrance":"yes"}}},{"type":"Feature","geometry":{"type":"Point","coordinates":[24.5634888,46.5342956]},"properties":{"id":"n2085601709","label":"nr. 20","label_key":"addr:housenumber","entrance":"yes","building_id":null,"link":null,"dist_m":null,"housenumber":"20","wheelchair":null,"tags":{"addr:city":"Târgu Mureș","addr:housenumber":"20","addr:street":"Strada Măgurei","entrance":"yes"}}},{"type":"Feature","geometry":{"type":"Point","coordinates":[24.5637323,46.534461]},"properties":{"id":"n2085601720","label":"","label_key":null,"entrance":"yes","building_id":"w89475451","link":"outline","dist_m":0.0,"housenumber":null,"wheelchair":null,"tags":{"entrance":"yes"}}},{"type":"Feature","geometry":{"type":"Point","coordinates":[24.563663,46.5341936]},"properties":{"id":"n2085601734","label":"nr. 22","label_key":"addr:housenumber","entrance":"yes","building_id":null,"link":null,"dist_m":null,"housenumber":"22","wheelchair":null,"tags":{"addr:city":"Târgu Mureș","addr:housenumber":"22","addr:street":"Strada Măgurei","entrance":"yes"}}},{"type":"Feature","geometry":{"type":"Point","coordinates":[24.5641822,46.5341167]},"properties":{"id":"n2085601743","label":"nr. 23","label_key":"addr:housenumber","entrance":"yes","building_id":null,"link":null,"dist_m":null,"housenumber":"23","wheelchair":null,"tags":{"addr:city":"Târgu Mureș","addr:housenumber":"23","addr:street":"Strada Măgurei","entrance":"yes"}}},{"type":"Feature","geometry":{"type":"Point","coordinates":[24.5638393,46.5340903]},"properties":{"id":"n2085601761","label":"nr. 24","label_key":"addr:housenumber","entrance":"yes","building_id":null,"link":null,"dist_m":null,"housenumber":"24","wheelchair":null,"tags":{"addr:city":"Târgu Mureș","addr:housenumber":"24","addr:street":"Strada Măgurei","entrance":"yes"}}},{"type":"Feature","geometry":{"type":"Point","coordinates":[24.5643586,46.534011]},"properties":{"id":"n2085601765","label":"nr. 25","label_key":"addr:housenumber","entrance":"yes","building_id":null,"link":null,"dist_m":null,"housenumber":"25","wheelchair":null,"tags":{"addr:city":"Târgu Mureș","addr:housenumber":"25","addr:street":"Strada Măgurei","entrance":"yes"}}},{"type":"Feature","geometry":{"type":"Point","coordinates":[24.5647264,46.5339056]},"properties":{"id":"n2085601787","label":"nr. 27","label_key":"addr:housenumber","entrance":"yes","building_id":null,"link":null,"dist_m":null,"housenumber":"27","wheelchair":null,"tags":{"addr:city":"Târgu Mureș","addr:housenumber":"27","addr:street":"Strada Măgurei","entrance":"yes"}}},{"type":"Feature","geometry":{"type":"Point","coordinates":[24.5629642,46.5348835]},"properties":{"id":"n2085602101","label":"","label_key":null,"entrance":"yes","building_id":"w88750676","link":"outline","dist_m":0.0,"housenumber":null,"wheelchair":null,"tags":{"entrance":"yes"}}},{"type":"Feature","geometry":{"type":"Point","coordinates":[24.5631761,46.5352519]},"properties":{"id":"n2085602175","label":"","label_key":null,"entrance":"yes","building_id":"w89475479","link":"outline","dist_m":0.0,"housenumber":null,"wheelchair":null,"tags":{"entrance":"yes"}}},{"type":"Feature","geometry":{"type":"Point","coordinates":[24.5680967,46.5380146]},"properties":{"id":"n2360492781","label":"","label_key":null,"entrance":"yes","building_id":"w1272375045","link":"nearest","dist_m":23.2,"housenumber":null,"wheelchair":null,"tags":{"entrance":"yes"}}},{"type":"Feature","geometry":{"type":"Point","coordinates":[24.565315,46.5364936]},"properties":{"id":"n2581133395","label":"","label_key":null,"entrance":"yes","building_id":"w88016085","link":"nearest","dist_m":31.9,"housenumber":null,"wheelchair":null,"tags":{"entrance":"yes"}}},{"type":"Feature","geometry":{"type":"Point","coordinates":[24.5647314,46.5366262]},"properties":{"id":"n2581133462","label":"","label_key":null,"entrance":"yes","building_id":"w88016077","link":"nearest","dist_m":11.5,"housenumber":null,"wheelchair":null,"tags":{"entrance":"yes"}}},{"type":"Feature","geometry":{"type":"Point","coordinates":[24.5650464,46.5366222]},"properties":{"id":"n2581133470","label":"","label_key":null,"entrance":"main","building_id":"w88016077","link":"nearest","dist_m":33.2,"housenumber":null,"wheelchair":null,"tags":{"entrance":"main"}}},{"type":"Feature","geometry":{"type":"Point","coordinates":[24.5650986,46.5371871]},"properties":{"id":"n6986497560","label":"nr. 5","label_key":"addr:housenumber","entrance":"yes","building_id":null,"link":null,"dist_m":null,"housenumber":"5","wheelchair":null,"tags":{"addr:city":"Târgu Mureș","addr:housenumber":"5","addr:postcode":"540005","addr:street":"Pasajul Panseluțelor","entrance":"yes"}}},{"type":"Feature","geometry":{"type":"Point","coordinates":[24.5689597,46.5392049]},"properties":{"id":"n8836082278","label":"","label_key":null,"entrance":"main","building_id":"w88180198","link":"nearest","dist_m":38.3,"housenumber":null,"wheelchair":"yes","tags":{"door":"double","entrance":"main"}}},{"type":"Feature","geometry":{"type":"Point","coordinates":[24.5714045,46.5385976]},"properties":{"id":"n973792608","label":"nr. 102","label_key":"addr:housenumber","entrance":"yes","building_id":"w87971722","link":"outline","dist_m":0.0,"housenumber":"102","wheelchair":null,"tags":{"addr:city":"Târgu Mureș","addr:housenumber":"102","addr:postcode":"540447","addr:street":"Bulevardul 1 Decembrie 1918","entrance":"yes"}}},{"type":"Feature","geometry":{"type":"Point","coordinates":[24.5709349,46.5385814]},"properties":{"id":"n986666831","label":"nr. 100","label_key":"addr:housenumber","entrance":"yes","building_id":"w87967876","link":"outline","dist_m":0.0,"housenumber":"100","wheelchair":null,"tags":{"addr:city":"Târgu Mureș","addr:housenumber":"100","addr:postcode":"540447","addr:street":"Bulevardul 1 Decembrie 1918","entrance":"yes"}}},{"type":"Feature","geometry":{"type":"Point","coordinates":[24.5759229,46.5357396]},"properties":{"id":"n1001107440","label":"nr. 7B","label_key":"addr:housenumber","entrance":"staircase","building_id":"w87975986","link":"outline","dist_m":0.0,"housenumber":"7B","wheelchair":null,"tags":{"addr:city":"Târgu Mureș","addr:housenumber":"7B","addr:postcode":"540522","addr:street":"Strada Moldovei","entrance":"staircase"}}},{"type":"Feature","geometry":{"type":"Point","coordinates":[24.575646,46.5356748]},"properties":{"id":"n1001107450","label":"nr. 7A","label_key":"addr:housenumber","entrance":"staircase","building_id":"w87975986","link":"outline","dist_m":0.0,"housenumber":"7A","wheelchair":null,"tags":{"addr:city":"Târgu Mureș","addr:housenumber":"7A","addr:postcode":"540522","addr:street":"Strada Moldovei","entrance":"staircase"}}},{"type":"Feature","geometry":{"type":"Point","coordinates":[24.5700683,46.5386251]},"properties":{"id":"n1042438335","label":"nr. 94","label_key":"addr:housenumber","entrance":"yes","building_id":"w87967876","link":"outline","dist_m":0.0,"housenumber":"94","wheelchair":null,"tags":{"addr:city":"Târgu Mureș","addr:housenumber":"94","addr:postcode":"540447","addr:street":"Bulevardul 1 Decembrie 1918","entrance":"yes"}}},{"type":"Feature","geometry":{"type":"Point","coordinates":[24.57035,46.5386237]},"properties":{"id":"n1042438337","label":"nr. 96","label_key":"addr:housenumber","entrance":"yes","building_id":"w87967876","link":"outline","dist_m":0.0,"housenumber":"96","wheelchair":null,"tags":{"addr:city":"Târgu Mureș","addr:housenumber":"96","addr:postcode":"540447","addr:street":"Bulevardul 1 Decembrie 1918","entrance":"yes"}}},{"type":"Feature","geometry":{"type":"Point","coordinates":[24.5706231,46.5386222]},"properties":{"id":"n1042438339","label":"nr. 98","label_key":"addr:housenumber","entrance":"yes","building_id":"w87967876","link":"outline","dist_m":0.0,"housenumber":"98","wheelchair":null,"tags":{"addr:city":"Târgu Mureș","addr:housenumber":"98","addr:postcode":"540447","addr:street":"Bulevardul 1 Decembrie 1918","entrance":"yes"}}},{"type":"Feature","geometry":{"type":"Point","coordinates":[24.5697755,46.5386266]},"properties":{"id":"n1042438343","label":"nr. 92","label_key":"addr:housenumber","entrance":"yes","building_id":"w87967876","link":"outline","dist_m":0.0,"housenumber":"92","wheelchair":null,"tags":{"addr:city":"Târgu Mureș","addr:housenumber":"92","addr:postcode":"540447","addr:street":"Bulevardul 1 Decembrie 1918","entrance":"yes","name:hu":"tatooo"}}},{"type":"Feature","geometry":{"type":"Point","coordinates":[24.5729501,46.5386464]},"properties":{"id":"n1213697378","label":"nr. 112","label_key":"addr:housenumber","entrance":"yes","building_id":"w87971722","link":"outline","dist_m":0.0,"housenumber":"112","wheelchair":null,"tags":{"addr:city":"Târgu Mureș","addr:housenumber":"112","addr:postcode":"540447","addr:street":"Bulevardul 1 Decembrie 1918","entrance":"yes"}}},{"type":"Feature","geometry":{"type":"Point","coordinates":[24.5733365,46.5386292]},"properties":{"id":"n1213697387","label":"nr. 114","label_key":"addr:housenumber","entrance":"yes","building_id":"w87971704","link":"outline","dist_m":0.0,"housenumber":"114","wheelchair":null,"tags":{"addr:city":"Târgu Mureș","addr:housenumber":"114","addr:postcode":"540447","addr:street":"Bulevardul 1 Decembrie 1918","entrance":"yes"}}},{"type":"Feature","geometry":{"type":"Point","coordinates":[24.5755457,46.5388061]},"properties":{"id":"n1213697415","label":"nr. 128","label_key":"addr:housenumber","entrance":"yes","building_id":"w87971699","link":"outline","dist_m":0.0,"housenumber":"128","wheelchair":null,"tags":{"addr:city":"Târgu Mureș","addr:housenumber":"128","addr:postcode":"540447","addr:street":"Bulevardul 1 Decembrie 1918","entrance":"yes"}}},{"type":"Feature","geometry":{"type":"Point","coordinates":[24.5752224,46.5387072]},"properties":{"id":"n1213697420","label":"nr. 126","label_key":"addr:housenumber","entrance":"yes","building_id":"w87971699","link":"outline","dist_m":0.0,"housenumber":"126","wheelchair":null,"tags":{"addr:city":"Târgu Mureș","addr:housenumber":"126","addr:postcode":"540447","addr:street":"Bulevardul 1 Decembrie 1918","entrance":"yes"}}},{"type":"Feature","geometry":{"type":"Point","coordinates":[24.5742406,46.5387374]},"properties":{"id":"n1213697423","label":"nr. 120","label_key":"addr:housenumber","entrance":"yes","building_id":"w87971704","link":"outline","dist_m":0.0,"housenumber":"120","wheelchair":null,"tags":{"addr:city":"Târgu Mureș","addr:housenumber":"120","addr:postcode":"540447","addr:street":"Bulevardul 1 Decembrie 1918","entrance":"yes"}}},{"type":"Feature","geometry":{"type":"Point","coordinates":[24.5723164,46.5386724]},"properties":{"id":"n1213697447","label":"nr. 108","label_key":"addr:housenumber","entrance":"yes","building_id":"w87971722","link":"outline","dist_m":0.0,"housenumber":"108","wheelchair":null,"tags":{"addr:city":"Târgu Mureș","addr:housenumber":"108","addr:postcode":"540447","addr:street":"Bulevardul 1 Decembrie 1918","entrance":"yes"}}},{"type":"Feature","geometry":{"type":"Point","coordinates":[24.5758236,46.5388345]},"properties":{"id":"n1213697495","label":"nr. 130","label_key":"addr:housenumber","entrance":"yes","building_id":"w87971699","link":"outline","dist_m":0.0,"housenumber":"130","wheelchair":null,"tags":{"addr:city":"Târgu Mureș","addr:housenumber":"130","addr:postcode":"540447","addr:street":"Bulevardul 1 Decembrie 1918","entrance":"yes"}}},{"type":"Feature","geometry":{"type":"Point","coordinates":[24.5745326,46.5387459]},"properties":{"id":"n1213697540","label":"nr. 122","label_key":"addr:housenumber","entrance":"yes","building_id":"w87971704","link":"outline","dist_m":0.0,"housenumber":"122","wheelchair":null,"tags":{"addr:city":"Târgu Mureș","addr:housenumber":"122","addr:postcode":"540447","addr:street":"Bulevardul 1 Decembrie 1918","entrance":"yes"}}},{"type":"Feature","geometry":{"type":"Point","coordinates":[24.5726064,46.5386821]},"properties":{"id":"n1213697548","label":"nr. 110","label_key":"addr:housenumber","entrance":"yes","building_id":"w87971722","link":"outline","dist_m":0.0,"housenumber":"110","wheelchair":null,"tags":{"addr:city":"Târgu Mureș","addr:housenumber":"110","addr:postcode":"540447","addr:street":"Bulevardul 1 Decembrie 1918","entrance":"yes"}}},{"type":"Feature","geometry":{"type":"Point","coordinates":[24.5736538,46.5387204]},"properties":{"id":"n1213697601","label":"nr. 116","label_key":"addr:housenumber","entrance":"yes","building_id":"w87971704","link":"outline","dist_m":0.0,"housenumber":"116","wheelchair":null,"tags":{"addr:city":"Târgu Mureș","addr:housenumber":"116","addr:postcode":"540447","addr:street":"Bulevardul 1 Decembrie 1918","entrance":"yes"}}},{"type":"Feature","geometry":{"type":"Point","coordinates":[24.5717212,46.5386526]},"properties":{"id":"n1213697618","label":"nr. 104","label_key":"addr:housenumber","entrance":"yes","building_id":"w87971722","link":"outline","dist_m":0.0,"housenumber":"104","wheelchair":null,"tags":{"addr:city":"Târgu Mureș","addr:housenumber":"104","addr:postcode":"540447","addr:street":"Bulevardul 1 Decembrie 1918","entrance":"yes"}}},{"type":"Feature","geometry":{"type":"Point","coordinates":[24.5748554,46.538716]},"properties":{"id":"n1213697676","label":"nr. 124","label_key":"addr:housenumber","entrance":"yes","building_id":"w87971704","link":"outline","dist_m":0.0,"housenumber":"124","wheelchair":null,"tags":{"addr:city":"Târgu Mureș","addr:housenumber":"124","addr:postcode":"540447","addr:street":"Bulevardul 1 Decembrie 1918","entrance":"yes"}}},{"type":"Feature","geometry":{"type":"Point","coordinates":[24.573944,46.5387288]},"properties":{"id":"n1213697715","label":"nr. 118","label_key":"addr:housenumber","entrance":"yes","building_id":"w87971704","link":"outline","dist_m":0.0,"housenumber":"118","wheelchair":null,"tags":{"addr:city":"Târgu Mureș","addr:housenumber":"118","addr:postcode":"540447","addr:street":"Bulevardul 1 Decembrie 1918","entrance":"yes"}}},{"type":"Feature","geometry":{"type":"Point","coordinates":[24.5720058,46.5386621]},"properties":{"id":"n1213697719","label":"nr. 106","label_key":"addr:housenumber","entrance":"yes","building_id":"w87971722","link":"outline","dist_m":0.0,"housenumber":"106","wheelchair":null,"tags":{"addr:city":"Târgu Mureș","addr:housenumber":"106","addr:postcode":"540447","addr:street":"Bulevardul 1 Decembrie 1918","entrance":"yes"}}},{"type":"Feature","geometry":{"type":"Point","coordinates":[24.575868,46.538001]},"properties":{"id":"n1227209527","label":"nr. 8A","label_key":"addr:housenumber","entrance":"yes","building_id":"w87971724","link":"outline","dist_m":0.0,"housenumber":"8A","wheelchair":null,"tags":{"addr:city":"Târgu Mureș","addr:housenumber":"8A","addr:postcode":"540447","addr:street":"Strada Brașovului","entrance":"yes"}}},{"type":"Feature","geometry":{"type":"Point","coordinates":[24.5752961,46.5384687]},"properties":{"id":"n1227209529","label":"nr. 7B","label_key":"addr:housenumber","entrance":"main","building_id":"r1306972","link":"inside","dist_m":0.0,"housenumber":"7B","wheelchair":null,"tags":{"addr:city":"Târgu Mureș","addr:housenumber":"7B","addr:street":"Strada Brașovului","door":"yes","entrance":"main"}}},{"type":"Feature","geometry":{"type":"Point","coordinates":[24.5714936,46.5390707]},"properties":{"id":"n1227209561","label":"","label_key":null,"entrance":"yes","building_id":"w88180184","link":"outline","dist_m":0.0,"housenumber":null,"wheelchair":null,"tags":{"entrance":"yes"}}},{"type":"Feature","geometry":{"type":"Point","coordinates":[24.57429,46.5382464]},"properties":{"id":"n1227209574","label":"nr. 5A","label_key":"addr:housenumber","entrance":"main","building_id":"w87971718","link":"outline","dist_m":0.0,"housenumber":"5A","wheelchair":null,"tags":{"addr:city":"Târgu Mureș","addr:housenumber":"5A","addr:postcode":"540447","addr:street":"Strada Brașovului","door":"yes","entrance":"main"}}},{"type":"Feature","geometry":{"type":"Point","coordinates":[24.5744604,46.5384398]},"properties":{"id":"n1227209627","label":"nr. 5B","label_key":"addr:housenumber","entrance":"main","building_id":"w87971718","link":"outline","dist_m":0.0,"housenumber":"5B","wheelchair":null,"tags":{"addr:city":"Târgu Mureș","addr:housenumber":"5B","addr:postcode":"540447","addr:street":"Strada Brașovului","door":"yes","entrance":"main"}}},{"type":"Feature","geometry":{"type":"Point","coordinates":[24.5751258,46.5382753]},"properties":{"id":"n1227209654","label":"nr. 7A","label_key":"addr:housenumber","entrance":"main","building_id":"r1306972","link":"inside","dist_m":0.0,"housenumber":"7A","wheelchair":null,"tags":{"addr:city":"Târgu Mureș","addr:housenumber":"7A","addr:postcode":"540447","addr:street":"Strada Brașovului","door":"yes","entrance":"main"}}},{"type":"Feature","geometry":{"type":"Point","coordinates":[24.5755302,46.5379178]},"properties":{"id":"n1227209679","label":"nr. 8B","label_key":"addr:housenumber","entrance":"yes","building_id":"w87971724","link":"outline","dist_m":0.0,"housenumber":"8B","wheelchair":null,"tags":{"addr:city":"Târgu Mureș","addr:housenumber":"8B","addr:postcode":"540447","addr:street":"Strada Brașovului","entrance":"yes"}}},{"type":"Feature","geometry":{"type":"Point","coordinates":[24.5747859,46.5378552]},"properties":{"id":"n1227209720","label":"nr. 6B","label_key":"addr:housenumber","entrance":"yes","building_id":"w87971719","link":"outline","dist_m":0.0,"housenumber":"6B","wheelchair":null,"tags":{"addr:city":"Târgu Mureș","addr:housenumber":"6B","addr:postcode":"540447","addr:street":"Strada Brașovului","entrance":"yes"}}},{"type":"Feature","geometry":{"type":"Point","coordinates":[24.5746003,46.5375954]},"properties":{"id":"n1227209724","label":"","label_key":"addr:housenumber","entrance":"staircase","building_id":"w87971720","link":"outline","dist_m":0.0,"housenumber":"4","wheelchair":"no","tags":{"addr:housenumber":"4","addr:street":"Strada Brașovului","entrance":"staircase"},"redundant":true}},{"type":"Feature","geometry":{"type":"Point","coordinates":[24.5733478,46.5383816]},"properties":{"id":"n1227209741","label":"nr. 3B","label_key":"addr:housenumber","entrance":"yes","building_id":"w87971728","link":"outline","dist_m":0.0,"housenumber":"3B","wheelchair":null,"tags":{"addr:city":"Târgu Mureș","addr:housenumber":"3B","addr:street":"Strada Brașovului","entrance":"yes"}}},{"type":"Feature","geometry":{"type":"Point","coordinates":[24.5731773,46.5381881]},"properties":{"id":"n1227209743","label":"nr. 3A","label_key":"addr:housenumber","entrance":"yes","building_id":"w87971728","link":"outline","dist_m":0.0,"housenumber":"3A","wheelchair":null,"tags":{"addr:city":"Târgu Mureș","addr:housenumber":"3A","addr:street":"Strada Brașovului","entrance":"yes"}}},{"type":"Feature","geometry":{"type":"Point","coordinates":[24.5751366,46.5379415]},"properties":{"id":"n1227209775","label":"nr. 6A","label_key":"addr:housenumber","entrance":"yes","building_id":"w87971719","link":"outline","dist_m":0.0,"housenumber":"6A","wheelchair":null,"tags":{"addr:city":"Târgu Mureș","addr:housenumber":"6A","addr:postcode":"540447","addr:street":"Strada Brașovului","entrance":"yes"}}},{"type":"Feature","geometry":{"type":"Point","coordinates":[24.5695983,46.534383]},"properties":{"id":"n1533224739","label":"nr. 49","label_key":"addr:housenumber","entrance":"yes","building_id":null,"link":null,"dist_m":null,"housenumber":"49","wheelchair":null,"tags":{"addr:city":"Târgu Mureș","addr:housenumber":"49","addr:street":"Bulevardul Pandurilor","entrance":"yes"}}},{"type":"Feature","geometry":{"type":"Point","coordinates":[24.570373,46.534421]},"properties":{"id":"n1789948476","label":"","label_key":null,"entrance":"yes","building_id":"w23131924","link":"outline","dist_m":0.0,"housenumber":null,"wheelchair":null,"tags":{"entrance":"yes"}}},{"type":"Feature","geometry":{"type":"Point","coordinates":[24.5710531,46.5344161]},"properties":{"id":"n1789948492","label":"","label_key":null,"entrance":"yes","building_id":"w1066644470","link":"outline","dist_m":0.0,"housenumber":null,"wheelchair":null,"tags":{"entrance":"yes"}}},{"type":"Feature","geometry":{"type":"Point","coordinates":[24.5706819,46.5344454]},"properties":{"id":"n1789948502","label":"","label_key":null,"entrance":"yes","building_id":"w23131922","link":"outline","dist_m":0.0,"housenumber":null,"wheelchair":null,"tags":{"entrance":"yes"}}},{"type":"Feature","geometry":{"type":"Point","coordinates":[24.5742675,46.5347567]},"properties":{"id":"n1935375120","label":"","label_key":"addr:housenumber","entrance":"staircase","building_id":"w87983612","link":"outline","dist_m":0.0,"housenumber":"2","wheelchair":null,"tags":{"addr:city":"Târgu Mureș","addr:housenumber":"2","addr:postcode":"540493","addr:street":"Strada Moldovei","entrance":"staircase"},"redundant":true}},{"type":"Feature","geometry":{"type":"Point","coordinates":[24.5740724,46.5350622]},"properties":{"id":"n1935375122","label":"nr. 3A","label_key":"addr:housenumber","entrance":"staircase","building_id":"w87976036","link":"outline","dist_m":0.0,"housenumber":"3A","wheelchair":null,"tags":{"addr:city":"Târgu Mureș","addr:housenumber":"3A","addr:postcode":"540493","addr:street":"Strada Moldovei","entrance":"staircase"}}},{"type":"Feature","geometry":{"type":"Point","coordinates":[24.5743511,46.5351261]},"properties":{"id":"n1935375124","label":"nr. 3B","label_key":"addr:housenumber","entrance":"staircase","building_id":"w87976036","link":"outline","dist_m":0.0,"housenumber":"3B","wheelchair":null,"tags":{"addr:city":"Târgu Mureș","addr:housenumber":"3B","addr:postcode":"540493","addr:street":"Strada Moldovei","entrance":"staircase"}}},{"type":"Feature","geometry":{"type":"Point","coordinates":[24.5746061,46.5352373]},"properties":{"id":"n1935375128","label":"nr. 5A","label_key":"addr:housenumber","entrance":"staircase","building_id":"w87976036","link":"outline","dist_m":0.0,"housenumber":"5A","wheelchair":null,"tags":{"addr:city":"Târgu Mureș","addr:housenumber":"5A","addr:postcode":"540493","addr:street":"Strada Moldovei","entrance":"staircase"}}},{"type":"Feature","geometry":{"type":"Point","coordinates":[24.5748834,46.5353008]},"properties":{"id":"n1935375130","label":"nr. 5B","label_key":"addr:housenumber","entrance":"staircase","building_id":"w87976036","link":"outline","dist_m":0.0,"housenumber":"5B","wheelchair":null,"tags":{"addr:city":"Târgu Mureș","addr:housenumber":"5B","addr:postcode":"540493","addr:street":"Strada Moldovei","entrance":"staircase"}}},{"type":"Feature","geometry":{"type":"Point","coordinates":[24.5732578,46.5344801]},"properties":{"id":"n2085676826","label":"","label_key":null,"entrance":"yes","building_id":"w167612307","link":"outline","dist_m":0.0,"housenumber":null,"wheelchair":null,"tags":{"entrance":"yes"}}},{"type":"Feature","geometry":{"type":"Point","coordinates":[24.5729842,46.5344084]},"properties":{"id":"n2085676852","label":"","label_key":null,"entrance":"yes","building_id":"w87983737","link":"outline","dist_m":0.0,"housenumber":null,"wheelchair":null,"tags":{"entrance":"yes"}}},{"type":"Feature","geometry":{"type":"Point","coordinates":[24.5738076,46.5339696]},"properties":{"id":"n2085676915","label":"nr. 2","label_key":"addr:housenumber","entrance":"yes","building_id":null,"link":null,"dist_m":null,"housenumber":"2","wheelchair":null,"tags":{"addr:city":"Târgu Mureș","addr:housenumber":"2","addr:street":"Aleea Covasna","entrance":"yes"}}},{"type":"Feature","geometry":{"type":"Point","coordinates":[24.5735646,46.5339813]},"properties":{"id":"n2085677034","label":"nr. 4","label_key":"addr:housenumber","entrance":"yes","building_id":null,"link":null,"dist_m":null,"housenumber":"4","wheelchair":null,"tags":{"addr:city":"Târgu Mureș","addr:housenumber":"4","addr:street":"Aleea Covasna","entrance":"yes"}}},{"type":"Feature","geometry":{"type":"Point","coordinates":[24.5750494,46.5343478]},"properties":{"id":"n2085677075","label":"","label_key":"addr:housenumber","entrance":"staircase","building_id":"w87983783","link":"outline","dist_m":0.0,"housenumber":"4A","wheelchair":null,"tags":{"addr:city":"Târgu Mureș","addr:housenumber":"4A","addr:postcode":"540493","addr:street":"Strada Moldovei","entrance":"staircase"},"redundant":true}},{"type":"Feature","geometry":{"type":"Point","coordinates":[24.5748551,46.5338796]},"properties":{"id":"n2085677137","label":"nr. 7","label_key":"addr:housenumber","entrance":"yes","building_id":null,"link":null,"dist_m":null,"housenumber":"7","wheelchair":null,"tags":{"addr:city":"Târgu Mureș","addr:housenumber":"7","addr:street":"Aleea Covasna","entrance":"yes"}}},{"type":"Feature","geometry":{"type":"Point","coordinates":[24.5729984,46.5342493]},"properties":{"id":"n2085677174","label":"nr. 8","label_key":"addr:housenumber","entrance":"yes","building_id":null,"link":null,"dist_m":null,"housenumber":"8","wheelchair":null,"tags":{"addr:city":"Târgu Mureș","addr:housenumber":"8","addr:street":"Aleea Covasna","entrance":"yes"}}},{"type":"Feature","geometry":{"type":"Point","coordinates":[24.57311,46.5338953]},"properties":{"id":"n2085677216","label":"nr. 6","label_key":"addr:housenumber","entrance":"yes","building_id":null,"link":null,"dist_m":null,"housenumber":"6","wheelchair":null,"tags":{"addr:city":"Târgu Mureș","addr:housenumber":"6","addr:street":"Aleea Covasna","entrance":"yes"}}},{"type":"Feature","geometry":{"type":"Point","coordinates":[24.5747203,46.5346296]},"properties":{"id":"n2320116049","label":"","label_key":"addr:housenumber","entrance":"staircase","building_id":"w87976133","link":"outline","dist_m":0.0,"housenumber":"4","wheelchair":null,"tags":{"addr:city":"Târgu Mureș","addr:housenumber":"4","addr:postcode":"540493","addr:street":"Strada Moldovei","entrance":"staircase"},"redundant":true}},{"type":"Feature","geometry":{"type":"Point","coordinates":[24.5751338,46.5348862]},"properties":{"id":"n2320116069","label":"","label_key":"addr:housenumber","entrance":"staircase","building_id":"w87975969","link":"outline","dist_m":0.0,"housenumber":"6","wheelchair":null,"tags":{"addr:city":"Târgu Mureș","addr:housenumber":"6","addr:postcode":"540493","addr:street":"Strada Moldovei","entrance":"staircase"},"redundant":true}},{"type":"Feature","geometry":{"type":"Point","coordinates":[24.5755339,46.5351633]},"properties":{"id":"n2320116074","label":"","label_key":"addr:housenumber","entrance":"staircase","building_id":"w87975963","link":"outline","dist_m":0.0,"housenumber":"8","wheelchair":null,"tags":{"addr:city":"Târgu Mureș","addr:housenumber":"8","addr:postcode":"540519","addr:street":"Strada Moldovei","entrance":"staircase"},"redundant":true}},{"type":"Feature","geometry":{"type":"Point","coordinates":[24.575756,46.5345668]},"properties":{"id":"n2578516827","label":"","label_key":null,"entrance":"yes","building_id":"w87983756","link":"inside","dist_m":0.0,"housenumber":null,"wheelchair":null,"tags":{"entrance":"yes"}}},{"type":"Feature","geometry":{"type":"Point","coordinates":[24.5738609,46.5373093]},"properties":{"id":"n2694300465","label":"","label_key":null,"entrance":"yes","building_id":"w1444770223","link":"nearest","dist_m":36.4,"housenumber":null,"wheelchair":null,"tags":{"entrance":"yes"}}},{"type":"Feature","geometry":{"type":"Point","coordinates":[24.5729976,46.5371979]},"properties":{"id":"n2722994001","label":"nr. 40","label_key":"addr:housenumber","entrance":"staircase","building_id":"w87971710","link":"outline","dist_m":0.0,"housenumber":"40","wheelchair":null,"tags":{"addr:city":"Târgu Mureș","addr:housenumber":"40","addr:postcode":"540497","addr:street":"Strada Vulturilor","entrance":"staircase"}}},{"type":"Feature","geometry":{"type":"Point","coordinates":[24.5729573,46.5373341]},"properties":{"id":"n2722994003","label":"nr. 36","label_key":"addr:housenumber","entrance":"staircase","building_id":"w87971708","link":"outline","dist_m":0.0,"housenumber":"36","wheelchair":null,"tags":{"addr:city":"Târgu Mureș","addr:housenumber":"36","addr:postcode":"540497","addr:street":"Strada Vulturilor","entrance":"staircase"}}},{"type":"Feature","geometry":{"type":"Point","coordinates":[24.5726862,46.5373048]},"properties":{"id":"n2722994004","label":"nr. 34","label_key":"addr:housenumber","entrance":"staircase","building_id":"w87971708","link":"outline","dist_m":0.0,"housenumber":"34","wheelchair":null,"tags":{"addr:city":"Târgu Mureș","addr:housenumber":"34","addr:postcode":"540497","addr:street":"Strada Vulturilor","entrance":"staircase"}}},{"type":"Feature","geometry":{"type":"Point","coordinates":[24.5727194,46.5371651]},"properties":{"id":"n2722994007","label":"nr. 38","label_key":"addr:housenumber","entrance":"staircase","building_id":"w87971710","link":"outline","dist_m":0.0,"housenumber":"38","wheelchair":null,"tags":{"addr:city":"Târgu Mureș","addr:housenumber":"38","addr:postcode":"540497","addr:street":"Strada Vulturilor","entrance":"staircase"}}},{"type":"Feature","geometry":{"type":"Point","coordinates":[24.5729235,46.5375618]},"properties":{"id":"n2722994008","label":"nr. 32","label_key":"addr:housenumber","entrance":"staircase","building_id":"w87971726","link":"outline","dist_m":0.0,"housenumber":"32","wheelchair":null,"tags":{"addr:city":"Târgu Mureș","addr:housenumber":"32","addr:postcode":"540497","addr:street":"Strada Vulturilor","entrance":"staircase"}}},{"type":"Feature","geometry":{"type":"Point","coordinates":[24.5726286,46.5375298]},"properties":{"id":"n2722994011","label":"nr. 30","label_key":"addr:housenumber","entrance":"staircase","building_id":"w87971726","link":"outline","dist_m":0.0,"housenumber":"30","wheelchair":null,"tags":{"addr:city":"Târgu Mureș","addr:housenumber":"30","addr:postcode":"540497","addr:street":"Strada Vulturilor","entrance":"staircase"}}},{"type":"Feature","geometry":{"type":"Point","coordinates":[24.5731721,46.5373272]},"properties":{"id":"n2723318366","label":"","label_key":null,"entrance":"yes","building_id":"w87971708","link":"nearest","dist_m":5.3,"housenumber":null,"wheelchair":null,"tags":{"entrance":"yes"}}},{"type":"Feature","geometry":{"type":"Point","coordinates":[24.5740256,46.5351568]},"properties":{"id":"n2769255844","label":"","label_key":null,"entrance":"staircase","building_id":"w87976036","link":"outline","dist_m":0.0,"housenumber":null,"wheelchair":null,"tags":{"entrance":"staircase"}}},{"type":"Feature","geometry":{"type":"Point","coordinates":[24.5743029,46.5352204]},"properties":{"id":"n2769255847","label":"","label_key":null,"entrance":"staircase","building_id":"w87976036","link":"outline","dist_m":0.0,"housenumber":null,"wheelchair":null,"tags":{"entrance":"staircase"}}},{"type":"Feature","geometry":{"type":"Point","coordinates":[24.5745579,46.5353316]},"properties":{"id":"n2769255853","label":"","label_key":null,"entrance":"staircase","building_id":"w87976036","link":"outline","dist_m":0.0,"housenumber":null,"wheelchair":null,"tags":{"entrance":"staircase"}}},{"type":"Feature","geometry":{"type":"Point","coordinates":[24.5748367,46.5353955]},"properties":{"id":"n2769255859","label":"","label_key":null,"entrance":"staircase","building_id":"w87976036","link":"outline","dist_m":0.0,"housenumber":null,"wheelchair":null,"tags":{"entrance":"staircase"}}},{"type":"Feature","geometry":{"type":"Point","coordinates":[24.5750393,46.5358105]},"properties":{"id":"n9657787183","label":"","label_key":"addr:housenumber","entrance":"staircase","building_id":"w87989444","link":"outline","dist_m":0.0,"housenumber":"13","wheelchair":null,"tags":{"addr:city":"Târgu Mureș","addr:housenumber":"13","addr:postcode":"540495","addr:street":"Strada Năvodari","entrance":"staircase"},"redundant":true}},{"type":"Feature","geometry":{"type":"Point","coordinates":[24.573049,46.5364316]},"properties":{"id":"n9660252381","label":"","label_key":"addr:housenumber","entrance":"main","building_id":"w1444770214","link":"nearest","dist_m":48.4,"housenumber":"122","wheelchair":null,"tags":{"addr:city":"Târgu Mureș","addr:housenumber":"122","addr:postcode":"540521","addr:street":"Strada Tudor Vladimirescu","entrance":"main"},"redundant":true}},{"type":"Feature","geometry":{"type":"Point","coordinates":[24.5717562,46.5345323]},"properties":{"id":"n9794437726","label":"","label_key":null,"entrance":"yes","building_id":"w23131923","link":"outline","dist_m":0.0,"housenumber":null,"wheelchair":null,"tags":{"entrance":"yes"}}},{"type":"Feature","geometry":{"type":"Point","coordinates":[24.5714253,46.5345078]},"properties":{"id":"n9794437731","label":"","label_key":null,"entrance":"yes","building_id":"w1066644471","link":"outline","dist_m":0.0,"housenumber":null,"wheelchair":null,"tags":{"entrance":"yes"}}},{"type":"Feature","geometry":{"type":"Point","coordinates":[24.5715932,46.5345204]},"properties":{"id":"n9794437732","label":"","label_key":null,"entrance":"yes","building_id":"w1066644469","link":"outline","dist_m":0.0,"housenumber":null,"wheelchair":null,"tags":{"entrance":"yes"}}},{"type":"Feature","geometry":{"type":"Point","coordinates":[24.5745271,46.5376872]},"properties":{"id":"n12640106054","label":"","label_key":null,"entrance":"yes","building_id":"w87971720","link":"outline","dist_m":0.0,"housenumber":null,"wheelchair":"yes","tags":{"door":"yes","entrance":"yes"}}},{"type":"Feature","geometry":{"type":"Point","coordinates":[24.5745018,46.5375302]},"properties":{"id":"n12640106065","label":"","label_key":null,"entrance":"yes","building_id":"w87971720","link":"outline","dist_m":0.0,"housenumber":null,"wheelchair":"no","tags":{"door":"yes","entrance":"yes","level":"0"}}},{"type":"Feature","geometry":{"type":"Point","coordinates":[24.5725353,46.5381061]},"properties":{"id":"n12685224386","label":"","label_key":"addr:housenumber","entrance":"yes","building_id":"w87971712","link":"outline","dist_m":0.0,"housenumber":"1","wheelchair":null,"tags":{"addr:city":"Târgu Mureș","addr:housenumber":"1","addr:postcode":"540447","addr:street":"Strada Brașovului","entrance":"yes"},"redundant":true}},{"type":"Feature","geometry":{"type":"Point","coordinates":[24.5684308,46.5467956]},"properties":{"id":"n965280057","label":"","label_key":null,"entrance":"yes","building_id":null,"link":null,"dist_m":null,"housenumber":null,"wheelchair":null,"tags":{"entrance":"yes"}}},{"type":"Feature","geometry":{"type":"Point","coordinates":[24.5684164,46.5466972]},"properties":{"id":"n965280077","label":"","label_key":null,"entrance":"yes","building_id":null,"link":null,"dist_m":null,"housenumber":null,"wheelchair":null,"tags":{"entrance":"yes"}}},{"type":"Feature","geometry":{"type":"Point","coordinates":[24.5684087,46.5465797]},"properties":{"id":"n965280082","label":"","label_key":null,"entrance":"main","building_id":null,"link":null,"dist_m":null,"housenumber":null,"wheelchair":null,"tags":{"entrance":"main"}}},{"type":"Feature","geometry":{"type":"Point","coordinates":[24.5631543,46.5459803]},"properties":{"id":"n966524947","label":"","label_key":null,"entrance":"main","building_id":"w32736379","link":"nearest","dist_m":45.4,"housenumber":null,"wheelchair":null,"tags":{"entrance":"main"}}},{"type":"Feature","geometry":{"type":"Point","coordinates":[24.5638565,46.5459044]},"properties":{"id":"n966525326","label":"","label_key":null,"entrance":"yes","building_id":"w31530637","link":"nearest","dist_m":10.1,"housenumber":null,"wheelchair":null,"tags":{"entrance":"yes"}}},{"type":"Feature","geometry":{"type":"Point","coordinates":[24.5644172,46.542028]},"properties":{"id":"n1831832053","label":"","label_key":null,"entrance":"yes","building_id":"r2297456","link":"inside","dist_m":0.0,"housenumber":null,"wheelchair":null,"tags":{"entrance":"yes"}}},{"type":"Feature","geometry":{"type":"Point","coordinates":[24.5639491,46.5434877]},"properties":{"id":"n1831832068","label":"","label_key":null,"entrance":"main","building_id":"w31531045","link":"nearest","dist_m":36.9,"housenumber":null,"wheelchair":null,"tags":{"entrance":"main"}}},{"type":"Feature","geometry":{"type":"Point","coordinates":[24.5637934,46.5438166]},"properties":{"id":"n1831832069","label":"","label_key":null,"entrance":"yes","building_id":"w1465819923","link":"nearest","dist_m":43.4,"housenumber":null,"wheelchair":null,"tags":{"entrance":"yes"}}},{"type":"Feature","geometry":{"type":"Point","coordinates":[24.5639406,46.5438772]},"properties":{"id":"n1831832070","label":"","label_key":null,"entrance":"yes","building_id":"w1465819923","link":"nearest","dist_m":37.7,"housenumber":null,"wheelchair":null,"tags":{"entrance":"yes"}}},{"type":"Feature","geometry":{"type":"Point","coordinates":[24.5634692,46.5467567]},"properties":{"id":"n1846083154","label":"","label_key":null,"entrance":"yes","building_id":"w31530951","link":"outline","dist_m":0.0,"housenumber":null,"wheelchair":null,"tags":{"entrance":"yes"}}},{"type":"Feature","geometry":{"type":"Point","coordinates":[24.5680971,46.5458003]},"properties":{"id":"n2484346380","label":"","label_key":null,"entrance":"yes","building_id":null,"link":null,"dist_m":null,"housenumber":null,"wheelchair":null,"tags":{"entrance":"yes"}}},{"type":"Feature","geometry":{"type":"Point","coordinates":[24.5687452,46.5458788]},"properties":{"id":"n2484346439","label":"","label_key":null,"entrance":"yes","building_id":null,"link":null,"dist_m":null,"housenumber":null,"wheelchair":null,"tags":{"entrance":"yes"}}},{"type":"Feature","geometry":{"type":"Point","coordinates":[24.5687944,46.546022]},"properties":{"id":"n2484346480","label":"","label_key":null,"entrance":"yes","building_id":null,"link":null,"dist_m":null,"housenumber":null,"wheelchair":null,"tags":{"entrance":"yes"}}},{"type":"Feature","geometry":{"type":"Point","coordinates":[24.568271,46.5460929]},"properties":{"id":"n2484346484","label":"","label_key":null,"entrance":"yes","building_id":null,"link":null,"dist_m":null,"housenumber":null,"wheelchair":null,"tags":{"entrance":"yes"}}},{"type":"Feature","geometry":{"type":"Point","coordinates":[24.5683144,46.5461066]},"properties":{"id":"n2484346551","label":"","label_key":null,"entrance":"main","building_id":null,"link":null,"dist_m":null,"housenumber":null,"wheelchair":null,"tags":{"entrance":"main"}}},{"type":"Feature","geometry":{"type":"Point","coordinates":[24.5683577,46.5461204]},"properties":{"id":"n2484346555","label":"","label_key":null,"entrance":"yes","building_id":null,"link":null,"dist_m":null,"housenumber":null,"wheelchair":null,"tags":{"entrance":"yes"}}},{"type":"Feature","geometry":{"type":"Point","coordinates":[24.5660069,46.5464864]},"properties":{"id":"n2502074755","label":"","label_key":null,"entrance":"main","building_id":null,"link":null,"dist_m":null,"housenumber":null,"wheelchair":null,"tags":{"entrance":"main"}}},{"type":"Feature","geometry":{"type":"Point","coordinates":[24.566262,46.5466159]},"properties":{"id":"n2502074803","label":"","label_key":null,"entrance":"yes","building_id":null,"link":null,"dist_m":null,"housenumber":null,"wheelchair":null,"tags":{"entrance":"yes"}}},{"type":"Feature","geometry":{"type":"Point","coordinates":[24.5665261,46.5467327]},"properties":{"id":"n2502074887","label":"","label_key":null,"entrance":"yes","building_id":null,"link":null,"dist_m":null,"housenumber":null,"wheelchair":null,"tags":{"entrance":"yes"}}},{"type":"Feature","geometry":{"type":"Point","coordinates":[24.5666136,46.5467728]},"properties":{"id":"n2502074889","label":"","label_key":null,"entrance":"yes","building_id":null,"link":null,"dist_m":null,"housenumber":null,"wheelchair":null,"tags":{"entrance":"yes"}}},{"type":"Feature","geometry":{"type":"Point","coordinates":[24.5692858,46.5454363]},"properties":{"id":"n2526473568","label":"","label_key":null,"entrance":"yes","building_id":"w88180766","link":"outline","dist_m":0.0,"housenumber":null,"wheelchair":null,"tags":{"entrance":"yes"}}},{"type":"Feature","geometry":{"type":"Point","coordinates":[24.5682875,46.5457333]},"properties":{"id":"n2563141336","label":"","label_key":null,"entrance":"yes","building_id":null,"link":null,"dist_m":null,"housenumber":null,"wheelchair":null,"tags":{"entrance":"yes"}}},{"type":"Feature","geometry":{"type":"Point","coordinates":[24.5658184,46.5422906]},"properties":{"id":"n5180689973","label":"","label_key":null,"entrance":"yes","building_id":null,"link":null,"dist_m":null,"housenumber":null,"wheelchair":null,"tags":{"entrance":"yes"}}},{"type":"Feature","geometry":{"type":"Point","coordinates":[24.5724187,46.5439309]},"properties":{"id":"n2518676270","label":"","label_key":null,"entrance":"yes","building_id":null,"link":null,"dist_m":null,"housenumber":null,"wheelchair":null,"tags":{"entrance":"yes"}}},{"type":"Feature","geometry":{"type":"Point","coordinates":[24.571277,46.5445829]},"properties":{"id":"n2518676319","label":"","label_key":null,"entrance":"yes","building_id":null,"link":null,"dist_m":null,"housenumber":null,"wheelchair":null,"tags":{"entrance":"yes"}}},{"type":"Feature","geometry":{"type":"Point","coordinates":[24.5708398,46.5448913]},"properties":{"id":"n2518676378","label":"","label_key":null,"entrance":"yes","building_id":null,"link":null,"dist_m":null,"housenumber":null,"wheelchair":null,"tags":{"entrance":"yes"}}},{"type":"Feature","geometry":{"type":"Point","coordinates":[24.5713937,46.5426652]},"properties":{"id":"n8944400335","label":"","label_key":null,"entrance":"home","building_id":"w88180758","link":"outline","dist_m":0.0,"housenumber":null,"wheelchair":null,"tags":{"door":"yes","entrance":"home"}}},{"type":"Feature","geometry":{"type":"Point","coordinates":[24.5717662,46.5432495]},"properties":{"id":"n11815297121","label":"","label_key":null,"entrance":"yes","building_id":"w1272389552","link":"outline","dist_m":0.0,"housenumber":null,"wheelchair":null,"tags":{"door":"yes","entrance":"yes","level":"0"}}},{"type":"Feature","geometry":{"type":"Point","coordinates":[24.5713718,46.5429637]},"properties":{"id":"n11815297149","label":"","label_key":null,"entrance":"yes","building_id":"w1272389558","link":"outline","dist_m":0.0,"housenumber":null,"wheelchair":null,"tags":{"door":"yes","entrance":"yes","level":"0"}}},{"type":"Feature","geometry":{"type":"Point","coordinates":[24.570814,46.5427104]},"properties":{"id":"n11815297151","label":"","label_key":null,"entrance":"yes","building_id":"w1272389559","link":"outline","dist_m":0.0,"housenumber":null,"wheelchair":null,"tags":{"door":"yes","entrance":"yes"}}},{"type":"Feature","geometry":{"type":"Point","coordinates":[24.5809923,46.5361351]},"properties":{"id":"n973792603","label":"nr. 162","label_key":"addr:housenumber","entrance":"staircase","building_id":"w87975983","link":"outline","dist_m":0.0,"housenumber":"162","wheelchair":null,"tags":{"addr:city":"Târgu Mureș","addr:housenumber":"162","addr:postcode":"540525","addr:street":"Bulevardul 1 Decembrie 1918","entrance":"staircase"}}},{"type":"Feature","geometry":{"type":"Point","coordinates":[24.5775392,46.5389239]},"properties":{"id":"n973792606","label":"nr. 142","label_key":"addr:housenumber","entrance":"yes","building_id":"w87971725","link":"outline","dist_m":0.0,"housenumber":"142","wheelchair":null,"tags":{"addr:city":"Târgu Mureș","addr:housenumber":"142","addr:postcode":"540447","addr:street":"Bulevardul 1 Decembrie 1918","entrance":"yes"}}},{"type":"Feature","geometry":{"type":"Point","coordinates":[24.5790028,46.5381249]},"properties":{"id":"n973792613","label":"nr. 144","label_key":"addr:housenumber","entrance":"yes","building_id":null,"link":null,"dist_m":null,"housenumber":"144","wheelchair":null,"tags":{"addr:city":"Târgu Mureș","addr:housenumber":"144","addr:postcode":"540525","addr:street":"Bulevardul 1 Decembrie 1918","entrance":"yes"}}},{"type":"Feature","geometry":{"type":"Point","coordinates":[24.5799837,46.5357752]},"properties":{"id":"n1001107434","label":"nr. 15B","label_key":"addr:housenumber","entrance":"staircase","building_id":"w87976126","link":"outline","dist_m":0.0,"housenumber":"15B","wheelchair":null,"tags":{"addr:city":"Târgu Mureș","addr:housenumber":"15B","addr:postcode":"540542","addr:street":"Strada Moldovei","entrance":"staircase"}}},{"type":"Feature","geometry":{"type":"Point","coordinates":[24.5765053,46.5358312]},"properties":{"id":"n1001107435","label":"nr. 9B","label_key":"addr:housenumber","entrance":"staircase","building_id":"w87975986","link":"outline","dist_m":0.0,"housenumber":"9B","wheelchair":null,"tags":{"addr:city":"Târgu Mureș","addr:housenumber":"9B","addr:postcode":"540522","addr:street":"Strada Moldovei","entrance":"staircase"}}},{"type":"Feature","geometry":{"type":"Point","coordinates":[24.5770919,46.5359208]},"properties":{"id":"n1001107436","label":"nr. 11B","label_key":"addr:housenumber","entrance":"staircase","building_id":"w87975986","link":"outline","dist_m":0.0,"housenumber":"11B","wheelchair":null,"tags":{"addr:city":"Târgu Mureș","addr:housenumber":"11B","addr:postcode":"540522","addr:street":"Strada Moldovei","entrance":"staircase"}}},{"type":"Feature","geometry":{"type":"Point","coordinates":[24.5805634,46.5358838]},"properties":{"id":"n1001107439","label":"nr. 17B","label_key":"addr:housenumber","entrance":"staircase","building_id":"w87976126","link":"outline","dist_m":0.0,"housenumber":"17B","wheelchair":null,"tags":{"addr:city":"Târgu Mureș","addr:housenumber":"17B","addr:postcode":"540542","addr:street":"Strada Moldovei","entrance":"staircase"}}},{"type":"Feature","geometry":{"type":"Point","coordinates":[24.5768092,46.5358546]},"properties":{"id":"n1001107441","label":"nr. 11A","label_key":"addr:housenumber","entrance":"staircase","building_id":"w87975986","link":"outline","dist_m":0.0,"housenumber":"11A","wheelchair":null,"tags":{"addr:city":"Târgu Mureș","addr:housenumber":"11A","addr:postcode":"540522","addr:street":"Strada Moldovei","entrance":"staircase"}}},{"type":"Feature","geometry":{"type":"Point","coordinates":[24.5790811,46.5355761]},"properties":{"id":"n1001107443","label":"nr. 13A","label_key":"addr:housenumber","entrance":"staircase","building_id":"w87976126","link":"outline","dist_m":0.0,"housenumber":"13A","wheelchair":null,"tags":{"addr:city":"Târgu Mureș","addr:housenumber":"13A","addr:postcode":"540542","addr:street":"Strada Moldovei","entrance":"staircase"}}},{"type":"Feature","geometry":{"type":"Point","coordinates":[24.58023,46.5357934]},"properties":{"id":"n1001107445","label":"nr. 17A","label_key":"addr:housenumber","entrance":"staircase","building_id":"w87976126","link":"outline","dist_m":0.0,"housenumber":"17A","wheelchair":null,"tags":{"addr:city":"Târgu Mureș","addr:housenumber":"17A","addr:postcode":"540542","addr:street":"Strada Moldovei","entrance":"staircase"}}},{"type":"Feature","geometry":{"type":"Point","coordinates":[24.5794077,46.5356646]},"properties":{"id":"n1001107446","label":"nr. 13B","label_key":"addr:housenumber","entrance":"staircase","building_id":"w87976126","link":"outline","dist_m":0.0,"housenumber":"13B","wheelchair":null,"tags":{"addr:city":"Târgu Mureș","addr:housenumber":"13B","addr:postcode":"540542","addr:street":"Strada Moldovei","entrance":"staircase"}}},{"type":"Feature","geometry":{"type":"Point","coordinates":[24.5782624,46.5347886]},"properties":{"id":"n1001107448","label":"","label_key":"addr:housenumber","entrance":"staircase","building_id":"w87976054","link":"outline","dist_m":0.0,"housenumber":"22","wheelchair":null,"tags":{"addr:city":"Târgu Mureș","addr:housenumber":"22","addr:postcode":"540519","addr:street":"Strada Moldovei","entrance":"staircase"},"redundant":true}},{"type":"Feature","geometry":{"type":"Point","coordinates":[24.5796503,46.5356848]},"properties":{"id":"n1001107449","label":"nr. 15A","label_key":"addr:housenumber","entrance":"staircase","building_id":"w87976126","link":"outline","dist_m":0.0,"housenumber":"15A","wheelchair":null,"tags":{"addr:city":"Târgu Mureș","addr:housenumber":"15A","addr:postcode":"540542","addr:street":"Strada Moldovei","entrance":"staircase"}}},{"type":"Feature","geometry":{"type":"Point","coordinates":[24.5777017,46.5347067]},"properties":{"id":"n1001107452","label":"","label_key":"addr:housenumber","entrance":"staircase","building_id":"w87976095","link":"outline","dist_m":0.0,"housenumber":"20A","wheelchair":null,"tags":{"addr:city":"Târgu Mureș","addr:housenumber":"20A","addr:postcode":"540519","addr:street":"Strada Moldovei","entrance":"staircase"},"redundant":true}},{"type":"Feature","geometry":{"type":"Point","coordinates":[24.5762226,46.535765]},"properties":{"id":"n1001107454","label":"nr. 9A","label_key":"addr:housenumber","entrance":"staircase","building_id":"w87975986","link":"outline","dist_m":0.0,"housenumber":"9A","wheelchair":null,"tags":{"addr:city":"Târgu Mureș","addr:housenumber":"9A","addr:postcode":"540522","addr:street":"Strada Moldovei","entrance":"staircase"}}},{"type":"Feature","geometry":{"type":"Point","coordinates":[24.5824837,46.539212]},"properties":{"id":"n1023401707","label":"nr. 12","label_key":"addr:housenumber","entrance":"yes","building_id":"w88056558","link":"outline","dist_m":0.0,"housenumber":"12","wheelchair":null,"tags":{"addr:city":"Târgu Mureș","addr:housenumber":"12","addr:street":"Strada Prieteniei","entrance":"yes"}}},{"type":"Feature","geometry":{"type":"Point","coordinates":[24.5814624,46.535717]},"properties":{"id":"n1123311081","label":"","label_key":"addr:housenumber","entrance":"yes","building_id":"w87975975","link":"outline","dist_m":0.0,"housenumber":"11","wheelchair":null,"tags":{"addr:city":"Târgu Mureș","addr:housenumber":"11","addr:postcode":"540541","addr:street":"Strada Bucinului","entrance":"yes"},"redundant":true}},{"type":"Feature","geometry":{"type":"Point","coordinates":[24.5819065,46.5355364]},"properties":{"id":"n1123312239","label":"","label_key":"addr:housenumber","entrance":"yes","building_id":"w87976156","link":"outline","dist_m":0.0,"housenumber":"13","wheelchair":null,"tags":{"addr:city":"Târgu Mureș","addr:housenumber":"13","addr:postcode":"540541","addr:street":"Strada Bucinului","entrance":"yes"},"redundant":true}},{"type":"Feature","geometry":{"type":"Point","coordinates":[24.582388,46.5353795]},"properties":{"id":"n1123312812","label":"","label_key":"addr:housenumber","entrance":"yes","building_id":"w87976044","link":"outline","dist_m":0.0,"housenumber":"15","wheelchair":null,"tags":{"addr:city":"Târgu Mureș","addr:housenumber":"15","addr:postcode":"540541","addr:street":"Strada Bucinului","entrance":"yes"},"redundant":true}},{"type":"Feature","geometry":{"type":"Point","coordinates":[24.5794403,46.5377444]},"properties":{"id":"n1211800222","label":"nr. 148","label_key":"addr:housenumber","entrance":"yes","building_id":null,"link":null,"dist_m":null,"housenumber":"148","wheelchair":null,"tags":{"addr:city":"Târgu Mureș","addr:housenumber":"148","addr:postcode":"540525","addr:street":"Bulevardul 1 Decembrie 1918","entrance":"yes"}}},{"type":"Feature","geometry":{"type":"Point","coordinates":[24.5802812,46.5371249]},"properties":{"id":"n1211800228","label":"nr. 154","label_key":"addr:housenumber","entrance":"staircase","building_id":"w87976078","link":"outline","dist_m":0.0,"housenumber":"154","wheelchair":null,"tags":{"addr:city":"Târgu Mureș","addr:housenumber":"154","addr:postcode":"540525","addr:street":"Bulevardul 1 Decembrie 1918","entrance":"staircase"}}},{"type":"Feature","geometry":{"type":"Point","coordinates":[24.5807075,46.5367404]},"properties":{"id":"n1211800230","label":"nr. 158","label_key":"addr:housenumber","entrance":"staircase","building_id":"w87976078","link":"outline","dist_m":0.0,"housenumber":"158","wheelchair":null,"tags":{"addr:city":"Târgu Mureș","addr:housenumber":"158","addr:postcode":"540525","addr:street":"Bulevardul 1 Decembrie 1918","entrance":"staircase"}}},{"type":"Feature","geometry":{"type":"Point","coordinates":[24.5808702,46.5363616]},"properties":{"id":"n1211800241","label":"nr. 160","label_key":"addr:housenumber","entrance":"staircase","building_id":"w87975983","link":"outline","dist_m":0.0,"housenumber":"160","wheelchair":null,"tags":{"addr:city":"Târgu Mureș","addr:housenumber":"160","addr:postcode":"540525","addr:street":"Bulevardul 1 Decembrie 1918","entrance":"staircase"}}},{"type":"Feature","geometry":{"type":"Point","coordinates":[24.5792375,46.5379439]},"properties":{"id":"n1211800246","label":"nr. 146","label_key":"addr:housenumber","entrance":"yes","building_id":null,"link":null,"dist_m":null,"housenumber":"146","wheelchair":null,"tags":{"addr:city":"Târgu Mureș","addr:housenumber":"146","addr:postcode":"540525","addr:street":"Bulevardul 1 Decembrie 1918","entrance":"yes"}}},{"type":"Feature","geometry":{"type":"Point","coordinates":[24.5796719,46.5375629]},"properties":{"id":"n1211800249","label":"nr. 150","label_key":"addr:housenumber","entrance":"yes","building_id":null,"link":null,"dist_m":null,"housenumber":"150","wheelchair":null,"tags":{"addr:city":"Târgu Mureș","addr:housenumber":"150","addr:postcode":"540525","addr:street":"Bulevardul 1 Decembrie 1918","entrance":"yes"}}},{"type":"Feature","geometry":{"type":"Point","coordinates":[24.5800529,46.537308]},"properties":{"id":"n1211800253","label":"nr. 152","label_key":"addr:housenumber","entrance":"staircase","building_id":"w87976078","link":"outline","dist_m":0.0,"housenumber":"152","wheelchair":null,"tags":{"addr:city":"Târgu Mureș","addr:housenumber":"152","addr:postcode":"540525","addr:street":"Bulevardul 1 Decembrie 1918","entrance":"staircase"}}},{"type":"Feature","geometry":{"type":"Point","coordinates":[24.580479,46.5369237]},"properties":{"id":"n1211800256","label":"nr. 156","label_key":"addr:housenumber","entrance":"staircase","building_id":"w87976078","link":"outline","dist_m":0.0,"housenumber":"156","wheelchair":null,"tags":{"addr:city":"Târgu Mureș","addr:housenumber":"156","addr:postcode":"540525","addr:street":"Bulevardul 1 Decembrie 1918","entrance":"staircase"}}},{"type":"Feature","geometry":{"type":"Point","coordinates":[24.5771957,46.538955]},"properties":{"id":"n1213697396","label":"nr. 140","label_key":"addr:housenumber","entrance":"yes","building_id":"w87971725","link":"outline","dist_m":0.0,"housenumber":"140","wheelchair":null,"tags":{"addr:city":"Târgu Mureș","addr:housenumber":"140","addr:postcode":"540447","addr:street":"Bulevardul 1 Decembrie 1918","entrance":"yes"}}},{"type":"Feature","geometry":{"type":"Point","coordinates":[24.5764858,46.5388612]},"properties":{"id":"n1213697454","label":"nr. 134","label_key":"addr:housenumber","entrance":"yes","building_id":"w87971699","link":"outline","dist_m":0.0,"housenumber":"134","wheelchair":null,"tags":{"addr:city":"Târgu Mureș","addr:housenumber":"134","addr:postcode":"540447","addr:street":"Bulevardul 1 Decembrie 1918","entrance":"yes"}}},{"type":"Feature","geometry":{"type":"Point","coordinates":[24.5768542,46.538904]},"properties":{"id":"n1213697515","label":"nr. 138","label_key":"addr:housenumber","entrance":"yes","building_id":"w87971725","link":"outline","dist_m":0.0,"housenumber":"138","wheelchair":null,"tags":{"addr:city":"Târgu Mureș","addr:housenumber":"138","addr:postcode":"540447","addr:street":"Bulevardul 1 Decembrie 1918","entrance":"yes"}}},{"type":"Feature","geometry":{"type":"Point","coordinates":[24.576127,46.5388655]},"properties":{"id":"n1213697607","label":"nr. 132","label_key":"addr:housenumber","entrance":"yes","building_id":"w87971699","link":"outline","dist_m":0.0,"housenumber":"132","wheelchair":null,"tags":{"addr:city":"Târgu Mureș","addr:housenumber":"132","addr:postcode":"540447","addr:street":"Bulevardul 1 Decembrie 1918","entrance":"yes"}}},{"type":"Feature","geometry":{"type":"Point","coordinates":[24.5804252,46.5374949]},"properties":{"id":"n1217651561","label":"nr. 189","label_key":"addr:housenumber","entrance":"yes","building_id":null,"link":null,"dist_m":null,"housenumber":"189","wheelchair":null,"tags":{"addr:city":"Târgu Mureș","addr:housenumber":"189","addr:street":"Bulevardul 1 Decembrie 1918","entrance":"yes"}}},{"type":"Feature","geometry":{"type":"Point","coordinates":[24.5799032,46.5378982]},"properties":{"id":"n1217651564","label":"nr. 185","label_key":"addr:housenumber","entrance":"yes","building_id":null,"link":null,"dist_m":null,"housenumber":"185","wheelchair":null,"tags":{"addr:city":"Târgu Mureș","addr:housenumber":"185","addr:street":"Bulevardul 1 Decembrie 1918","entrance":"yes"}}},{"type":"Feature","geometry":{"type":"Point","coordinates":[24.5801242,46.5377488]},"properties":{"id":"n1217651567","label":"nr. 187","label_key":"addr:housenumber","entrance":"yes","building_id":null,"link":null,"dist_m":null,"housenumber":"187","wheelchair":null,"tags":{"addr:city":"Târgu Mureș","addr:housenumber":"187","addr:street":"Bulevardul 1 Decembrie 1918","entrance":"yes"}}},{"type":"Feature","geometry":{"type":"Point","coordinates":[24.5807802,46.5373562]},"properties":{"id":"n1217651568","label":"nr. 191","label_key":"addr:housenumber","entrance":"yes","building_id":null,"link":null,"dist_m":null,"housenumber":"191","wheelchair":null,"tags":{"addr:city":"Târgu Mureș","addr:housenumber":"191","addr:street":"Bulevardul 1 Decembrie 1918","entrance":"yes"}}},{"type":"Feature","geometry":{"type":"Point","coordinates":[24.5766113,46.5380655]},"properties":{"id":"n1227209514","label":"nr. 10A","label_key":"addr:housenumber","entrance":"main","building_id":"w87971721","link":"outline","dist_m":0.0,"housenumber":"10A","wheelchair":null,"tags":{"addr:city":"Târgu Mureș","addr:housenumber":"10A","addr:postcode":"540447","addr:street":"Strada Brașovului","door":"yes","entrance":"main"}}},{"type":"Feature","geometry":{"type":"Point","coordinates":[24.582184,46.5361379]},"properties":{"id":"n1227209538","label":"nr. 211","label_key":"addr:housenumber","entrance":"yes","building_id":null,"link":null,"dist_m":null,"housenumber":"211","wheelchair":null,"tags":{"addr:city":"Târgu Mureș","addr:housenumber":"211","addr:street":"Bulevardul 1 Decembrie 1918","entrance":"yes"}}},{"type":"Feature","geometry":{"type":"Point","coordinates":[24.577818,46.5385666]},"properties":{"id":"n1227209563","label":"","label_key":"addr:housenumber","entrance":"yes","building_id":"w87971697","link":"outline","dist_m":0.0,"housenumber":"13","wheelchair":null,"tags":{"addr:city":"Târgu Mureș","addr:housenumber":"13","addr:postcode":"540447","addr:street":"Strada Brașovului","entrance":"yes"},"redundant":true}},{"type":"Feature","geometry":{"type":"Point","coordinates":[24.5814558,46.5366869]},"properties":{"id":"n1227209643","label":"nr. 201","label_key":"addr:housenumber","entrance":"yes","building_id":null,"link":null,"dist_m":null,"housenumber":"201","wheelchair":null,"tags":{"addr:city":"Târgu Mureș","addr:housenumber":"201","addr:street":"Bulevardul 1 Decembrie 1918","entrance":"yes"}}},{"type":"Feature","geometry":{"type":"Point","coordinates":[24.5772107,46.5383664]},"properties":{"id":"n1227209651","label":"nr. 11A","label_key":"addr:housenumber","entrance":"main","building_id":"w1369724964","link":"outline","dist_m":0.0,"housenumber":"11A","wheelchair":null,"tags":{"addr:city":"Târgu Mureș","addr:housenumber":"11A","addr:postcode":"540447","addr:street":"Strada Brașovului","door":"yes","entrance":"main"}}},{"type":"Feature","geometry":{"type":"Point","coordinates":[24.5819633,46.5367023]},"properties":{"id":"n1227209658","label":"nr. 205","label_key":"addr:housenumber","entrance":"yes","building_id":null,"link":null,"dist_m":null,"housenumber":"205","wheelchair":null,"tags":{"addr:city":"Târgu Mureș","addr:housenumber":"205","addr:street":"Bulevardul 1 Decembrie 1918","entrance":"yes"}}},{"type":"Feature","geometry":{"type":"Point","coordinates":[24.5761715,46.5383012]},"properties":{"id":"n1227209662","label":"nr. 9A","label_key":"addr:housenumber","entrance":"main","building_id":"r1306971","link":"inside","dist_m":0.0,"housenumber":"9A","wheelchair":null,"tags":{"addr:city":"Târgu Mureș","addr:housenumber":"9A","addr:postcode":"540447","addr:street":"Strada Brașovului","door":"yes","entrance":"main"}}},{"type":"Feature","geometry":{"type":"Point","coordinates":[24.5811626,46.5369436]},"properties":{"id":"n1227209696","label":"nr. 199","label_key":"addr:housenumber","entrance":"yes","building_id":null,"link":null,"dist_m":null,"housenumber":"199","wheelchair":null,"tags":{"addr:city":"Târgu Mureș","addr:housenumber":"199","addr:street":"Bulevardul 1 Decembrie 1918","entrance":"yes"}}},{"type":"Feature","geometry":{"type":"Point","coordinates":[24.5822205,46.5365792]},"properties":{"id":"n1227209709","label":"nr. 207","label_key":"addr:housenumber","entrance":"yes","building_id":null,"link":null,"dist_m":null,"housenumber":"207","wheelchair":null,"tags":{"addr:city":"Târgu Mureș","addr:housenumber":"207","addr:street":"Bulevardul 1 Decembrie 1918","entrance":"yes"}}},{"type":"Feature","geometry":{"type":"Point","coordinates":[24.5824557,46.5359071]},"properties":{"id":"n1227209765","label":"nr. 213","label_key":"addr:housenumber","entrance":"yes","building_id":null,"link":null,"dist_m":null,"housenumber":"213","wheelchair":null,"tags":{"addr:city":"Târgu Mureș","addr:housenumber":"213","addr:street":"Bulevardul 1 Decembrie 1918","entrance":"yes"}}},{"type":"Feature","geometry":{"type":"Point","coordinates":[24.5819657,46.5362845]},"properties":{"id":"n1227209772","label":"nr. 209","label_key":"addr:housenumber","entrance":"yes","building_id":null,"link":null,"dist_m":null,"housenumber":"209","wheelchair":null,"tags":{"addr:city":"Târgu Mureș","addr:housenumber":"209","addr:street":"Bulevardul 1 Decembrie 1918","entrance":"yes"}}},{"type":"Feature","geometry":{"type":"Point","coordinates":[24.5809384,46.5370895]},"properties":{"id":"n1227209781","label":"nr. 197","label_key":"addr:housenumber","entrance":"yes","building_id":null,"link":null,"dist_m":null,"housenumber":"197","wheelchair":null,"tags":{"addr:city":"Târgu Mureș","addr:housenumber":"197","addr:street":"Bulevardul 1 Decembrie 1918","entrance":"yes"}}},{"type":"Feature","geometry":{"type":"Point","coordinates":[24.5762794,46.5379837]},"properties":{"id":"n1227209804","label":"nr. 10B","label_key":"addr:housenumber","entrance":"main","building_id":"w87971721","link":"outline","dist_m":0.0,"housenumber":"10B","wheelchair":null,"tags":{"addr:city":"Târgu Mureș","addr:housenumber":"10B","addr:postcode":"540447","addr:street":"Strada Brașovului","door":"yes","entrance":"main"}}},{"type":"Feature","geometry":{"type":"Point","coordinates":[24.5810342,46.5374702]},"properties":{"id":"n1227209821","label":"nr. 193","label_key":"addr:housenumber","entrance":"yes","building_id":null,"link":null,"dist_m":null,"housenumber":"193","wheelchair":null,"tags":{"addr:city":"Târgu Mureș","addr:housenumber":"193","addr:street":"Bulevardul 1 Decembrie 1918","entrance":"yes"}}},{"type":"Feature","geometry":{"type":"Point","coordinates":[24.5818108,46.5365484]},"properties":{"id":"n1227209839","label":"nr. 203","label_key":"addr:housenumber","entrance":"yes","building_id":null,"link":null,"dist_m":null,"housenumber":"203","wheelchair":null,"tags":{"addr:city":"Târgu Mureș","addr:housenumber":"203","addr:street":"Bulevardul 1 Decembrie 1918","entrance":"yes"}}},{"type":"Feature","geometry":{"type":"Point","coordinates":[24.5784356,46.5384316]},"properties":{"id":"n1227209880","label":"","label_key":"addr:housenumber","entrance":"main","building_id":"w87971707","link":"outline","dist_m":0.0,"housenumber":"12","wheelchair":null,"tags":{"addr:city":"Târgu Mureș","addr:housenumber":"12","addr:postcode":"540528","addr:street":"Strada Brașovului","door":"yes","entrance":"main"},"redundant":true}},{"type":"Feature","geometry":{"type":"Point","coordinates":[24.5790033,46.5347675]},"properties":{"id":"n1349266389","label":"","label_key":"addr:housenumber","entrance":"staircase","building_id":"w87976084","link":"outline","dist_m":0.0,"housenumber":"24","wheelchair":null,"tags":{"addr:city":"Târgu Mureș","addr:housenumber":"24","addr:postcode":"540519","addr:street":"Strada Moldovei","entrance":"staircase"},"redundant":true}},{"type":"Feature","geometry":{"type":"Point","coordinates":[24.5794675,46.5350028]},"properties":{"id":"n1349266391","label":"","label_key":"addr:housenumber","entrance":"staircase","building_id":"w87976028","link":"outline","dist_m":0.0,"housenumber":"26","wheelchair":null,"tags":{"addr:city":"Târgu Mureș","addr:housenumber":"26","addr:postcode":"540519","addr:street":"Strada Moldovei","entrance":"staircase"},"redundant":true}},{"type":"Feature","geometry":{"type":"Point","coordinates":[24.5799147,46.5352655]},"properties":{"id":"n1349266393","label":"nr. 28","label_key":"addr:housenumber","entrance":"staircase","building_id":null,"link":null,"dist_m":null,"housenumber":"28","wheelchair":null,"tags":{"addr:city":"Târgu Mureș","addr:housenumber":"28","addr:postcode":"540519","addr:street":"Strada Moldovei","entrance":"staircase"}}},{"type":"Feature","geometry":{"type":"Point","coordinates":[24.5772537,46.5348629]},"properties":{"id":"n1366803599","label":"","label_key":"addr:housenumber","entrance":"staircase","building_id":"w87976105","link":"outline","dist_m":0.0,"housenumber":"18A","wheelchair":null,"tags":{"addr:city":"Târgu Mureș","addr:housenumber":"18A","addr:postcode":"540519","addr:street":"Strada Moldovei","entrance":"staircase"},"redundant":true}},{"type":"Feature","geometry":{"type":"Point","coordinates":[24.5768097,46.5349492]},"properties":{"id":"n1366803601","label":"","label_key":"addr:housenumber","entrance":"staircase","building_id":"w87976151","link":"outline","dist_m":0.0,"housenumber":"14A","wheelchair":null,"tags":{"addr:city":"Târgu Mureș","addr:housenumber":"14A","addr:postcode":"540519","addr:street":"Strada Moldovei","entrance":"staircase"},"redundant":true}},{"type":"Feature","geometry":{"type":"Point","coordinates":[24.5763619,46.5350405]},"properties":{"id":"n1366803603","label":"","label_key":"addr:housenumber","entrance":"staircase","building_id":"w87976089","link":"outline","dist_m":0.0,"housenumber":"10A","wheelchair":null,"tags":{"addr:city":"Târgu Mureș","addr:housenumber":"10A","addr:postcode":"540519","addr:street":"Strada Moldovei","entrance":"staircase"},"redundant":true}},{"type":"Feature","geometry":{"type":"Point","coordinates":[24.5760124,46.5352562]},"properties":{"id":"n1366803608","label":"","label_key":"addr:housenumber","entrance":"staircase","building_id":"w87976007","link":"outline","dist_m":0.0,"housenumber":"10","wheelchair":null,"tags":{"addr:city":"Târgu Mureș","addr:housenumber":"10","addr:postcode":"540519","addr:street":"Strada Moldovei","entrance":"staircase"},"redundant":true}},{"type":"Feature","geometry":{"type":"Point","coordinates":[24.5769414,46.5353347]},"properties":{"id":"n1366803612","label":"","label_key":"addr:housenumber","entrance":"staircase","building_id":"w87976020","link":"outline","dist_m":0.0,"housenumber":"14","wheelchair":null,"tags":{"addr:city":"Târgu Mureș","addr:housenumber":"14","addr:postcode":"540519","addr:street":"Strada Moldovei","entrance":"staircase"},"redundant":true}},{"type":"Feature","geometry":{"type":"Point","coordinates":[24.5764943,46.5354452]},"properties":{"id":"n1366803616","label":"","label_key":"addr:housenumber","entrance":"staircase","building_id":"w87976060","link":"outline","dist_m":0.0,"housenumber":"12","wheelchair":null,"tags":{"addr:city":"Târgu Mureș","addr:housenumber":"12","addr:postcode":"540519","addr:street":"Strada Moldovei","entrance":"staircase"},"redundant":true}},{"type":"Feature","geometry":{"type":"Point","coordinates":[24.5772712,46.5355839]},"properties":{"id":"n1366803620","label":"","label_key":"addr:housenumber","entrance":"staircase","building_id":"w87976065","link":"outline","dist_m":0.0,"housenumber":"16","wheelchair":null,"tags":{"addr:city":"Târgu Mureș","addr:housenumber":"16","addr:postcode":"540519","addr:street":"Strada Moldovei","entrance":"staircase"},"redundant":true}},{"type":"Feature","geometry":{"type":"Point","coordinates":[24.581035,46.5339939]},"properties":{"id":"n2085676824","label":"","label_key":"addr:housenumber","entrance":"yes","building_id":"w87983628","link":"outline","dist_m":0.0,"housenumber":"10","wheelchair":null,"tags":{"addr:city":"Târgu Mureș","addr:housenumber":"10","addr:street":"Aleea Vrancea","entrance":"yes"},"redundant":true}},{"type":"Feature","geometry":{"type":"Point","coordinates":[24.577435,46.5340607]},"properties":{"id":"n2085676825","label":"nr. 10","label_key":"addr:housenumber","entrance":"yes","building_id":null,"link":null,"dist_m":null,"housenumber":"10","wheelchair":null,"tags":{"addr:city":"Târgu Mureș","addr:housenumber":"10","addr:street":"Aleea Hațeg","entrance":"yes"}}},{"type":"Feature","geometry":{"type":"Point","coordinates":[24.5776744,46.53405]},"properties":{"id":"n2085676850","label":"nr. 12","label_key":"addr:housenumber","entrance":"yes","building_id":null,"link":null,"dist_m":null,"housenumber":"12","wheelchair":null,"tags":{"addr:city":"Târgu Mureș","addr:housenumber":"12","addr:street":"Aleea Hațeg","entrance":"yes"}}},{"type":"Feature","geometry":{"type":"Point","coordinates":[24.581381,46.5341759]},"properties":{"id":"n2085676851","label":"","label_key":"addr:housenumber","entrance":"yes","building_id":"w87983618","link":"outline","dist_m":0.0,"housenumber":"12","wheelchair":null,"tags":{"addr:city":"Târgu Mureș","addr:housenumber":"12","addr:street":"Aleea Vrancea","entrance":"yes"},"redundant":true}},{"type":"Feature","geometry":{"type":"Point","coordinates":[24.5811792,46.5338915]},"properties":{"id":"n2085676862","label":"nr. 133","label_key":"addr:housenumber","entrance":"yes","building_id":null,"link":null,"dist_m":null,"housenumber":"133","wheelchair":null,"tags":{"addr:city":"Târgu Mureș","addr:housenumber":"133","addr:street":"Bulevardul Pandurilor","entrance":"yes"}}},{"type":"Feature","geometry":{"type":"Point","coordinates":[24.5819697,46.5340008]},"properties":{"id":"n2085676863","label":"nr. 135","label_key":"addr:housenumber","entrance":"yes","building_id":null,"link":null,"dist_m":null,"housenumber":"135","wheelchair":null,"tags":{"addr:city":"Târgu Mureș","addr:housenumber":"135","addr:street":"Bulevardul Pandurilor","entrance":"yes"}}},{"type":"Feature","geometry":{"type":"Point","coordinates":[24.581571,46.5341179]},"properties":{"id":"n2085676864","label":"nr. 137","label_key":"addr:housenumber","entrance":"yes","building_id":null,"link":null,"dist_m":null,"housenumber":"137","wheelchair":null,"tags":{"addr:city":"Târgu Mureș","addr:housenumber":"137","addr:street":"Bulevardul Pandurilor","entrance":"yes"}}},{"type":"Feature","geometry":{"type":"Point","coordinates":[24.5823185,46.5343351]},"properties":{"id":"n2085676865","label":"nr. 139","label_key":"addr:housenumber","entrance":"yes","building_id":null,"link":null,"dist_m":null,"housenumber":"139","wheelchair":null,"tags":{"addr:city":"Târgu Mureș","addr:housenumber":"139","addr:street":"Bulevardul Pandurilor","entrance":"yes"}}},{"type":"Feature","geometry":{"type":"Point","coordinates":[24.5780526,46.5338901]},"properties":{"id":"n2085676871","label":"nr. 14","label_key":"addr:housenumber","entrance":"yes","building_id":null,"link":null,"dist_m":null,"housenumber":"14","wheelchair":null,"tags":{"addr:city":"Târgu Mureș","addr:housenumber":"14","addr:street":"Aleea Hațeg","entrance":"yes"}}},{"type":"Feature","geometry":{"type":"Point","coordinates":[24.5817002,46.5344398]},"properties":{"id":"n2085676876","label":"","label_key":"addr:housenumber","entrance":"yes","building_id":"w87983776","link":"outline","dist_m":0.0,"housenumber":"14","wheelchair":null,"tags":{"addr:city":"Târgu Mureș","addr:housenumber":"14","addr:street":"Aleea Vrancea","entrance":"yes"},"redundant":true}},{"type":"Feature","geometry":{"type":"Point","coordinates":[24.581916,46.5344096]},"properties":{"id":"n2085676879","label":"nr. 141","label_key":"addr:housenumber","entrance":"yes","building_id":null,"link":null,"dist_m":null,"housenumber":"141","wheelchair":null,"tags":{"addr:city":"Târgu Mureș","addr:housenumber":"141","addr:street":"Bulevardul Pandurilor","entrance":"yes"}}},{"type":"Feature","geometry":{"type":"Point","coordinates":[24.578292,46.5338794]},"properties":{"id":"n2085676897","label":"nr. 16","label_key":"addr:housenumber","entrance":"yes","building_id":null,"link":null,"dist_m":null,"housenumber":"16","wheelchair":null,"tags":{"addr:city":"Târgu Mureș","addr:housenumber":"16","addr:street":"Aleea Hațeg","entrance":"yes"}}},{"type":"Feature","geometry":{"type":"Point","coordinates":[24.5789555,46.5338654]},"properties":{"id":"n2085676912","label":"nr. 2","label_key":"addr:housenumber","entrance":"yes","building_id":"w87983642","link":"outline","dist_m":0.0,"housenumber":"2","wheelchair":null,"tags":{"addr:city":"Târgu Mureș","addr:housenumber":"2","addr:street":"Strada Șelimbăr","entrance":"yes"}}},{"type":"Feature","geometry":{"type":"Point","coordinates":[24.5794135,46.5338649]},"properties":{"id":"n2085676914","label":"nr. 2","label_key":"addr:housenumber","entrance":"yes","building_id":"w87983677","link":"outline","dist_m":0.0,"housenumber":"2","wheelchair":null,"tags":{"addr:city":"Târgu Mureș","addr:housenumber":"2","addr:street":"Aleea Vrancea","entrance":"yes"}}},{"type":"Feature","geometry":{"type":"Point","coordinates":[24.5769096,46.5339056]},"properties":{"id":"n2085677030","label":"nr. 4","label_key":"addr:housenumber","entrance":"yes","building_id":null,"link":null,"dist_m":null,"housenumber":"4","wheelchair":null,"tags":{"addr:city":"Târgu Mureș","addr:housenumber":"4","addr:street":"Aleea Hațeg","entrance":"yes"}}},{"type":"Feature","geometry":{"type":"Point","coordinates":[24.5797814,46.5338603]},"properties":{"id":"n2085677032","label":"nr. 4","label_key":"addr:housenumber","entrance":"yes","building_id":"w87983677","link":"outline","dist_m":0.0,"housenumber":"4","wheelchair":null,"tags":{"addr:city":"Târgu Mureș","addr:housenumber":"4","addr:street":"Aleea Vrancea","entrance":"yes"}}},{"type":"Feature","geometry":{"type":"Point","coordinates":[24.5768203,46.5342411]},"properties":{"id":"n2085677121","label":"nr. 6","label_key":"addr:housenumber","entrance":"yes","building_id":null,"link":null,"dist_m":null,"housenumber":"6","wheelchair":null,"tags":{"addr:city":"Târgu Mureș","addr:housenumber":"6","addr:street":"Aleea Hațeg","entrance":"yes"}}},{"type":"Feature","geometry":{"type":"Point","coordinates":[24.5770599,46.5342328]},"properties":{"id":"n2085677178","label":"nr. 8","label_key":"addr:housenumber","entrance":"yes","building_id":null,"link":null,"dist_m":null,"housenumber":"8","wheelchair":null,"tags":{"addr:city":"Târgu Mureș","addr:housenumber":"8","addr:street":"Aleea Hațeg","entrance":"yes"}}},{"type":"Feature","geometry":{"type":"Point","coordinates":[24.5823414,46.5349497]},"properties":{"id":"n2334688333","label":"","label_key":"addr:housenumber","entrance":"yes","building_id":"w87975998","link":"outline","dist_m":0.0,"housenumber":"16","wheelchair":null,"tags":{"addr:city":"Târgu Mureș","addr:housenumber":"16","addr:postcode":"540541","addr:street":"Strada Bucinului","entrance":"yes"},"redundant":true}},{"type":"Feature","geometry":{"type":"Point","coordinates":[24.5818265,46.5351115]},"properties":{"id":"n2334688336","label":"","label_key":"addr:housenumber","entrance":"yes","building_id":"w87976119","link":"outline","dist_m":0.0,"housenumber":"14","wheelchair":null,"tags":{"addr:city":"Târgu Mureș","addr:housenumber":"14","addr:postcode":"540541","addr:street":"Strada Bucinului","entrance":"yes"},"redundant":true}},{"type":"Feature","geometry":{"type":"Point","coordinates":[24.5813852,46.5353014]},"properties":{"id":"n2334688340","label":"","label_key":"addr:housenumber","entrance":"yes","building_id":"w87975967","link":"outline","dist_m":0.0,"housenumber":"12","wheelchair":null,"tags":{"addr:city":"Târgu Mureș","addr:housenumber":"12","addr:postcode":"540541","addr:street":"Strada Bucinului","entrance":"yes"},"redundant":true}},{"type":"Feature","geometry":{"type":"Point","coordinates":[24.580895,46.5354748]},"properties":{"id":"n2334688348","label":"","label_key":"addr:housenumber","entrance":"yes","building_id":"w87975964","link":"outline","dist_m":0.0,"housenumber":"10","wheelchair":null,"tags":{"addr:city":"Târgu Mureș","addr:housenumber":"10","addr:postcode":"540541","addr:street":"Strada Bucinului","entrance":"yes"},"redundant":true}},{"type":"Feature","geometry":{"type":"Point","coordinates":[24.5781361,46.5351196]},"properties":{"id":"n2373987838","label":"","label_key":null,"entrance":"yes","building_id":"w228730077","link":"nearest","dist_m":25.4,"housenumber":null,"wheelchair":null,"tags":{"entrance":"yes"}}},{"type":"Feature","geometry":{"type":"Point","coordinates":[24.5779253,46.535266]},"properties":{"id":"n2373987868","label":"","label_key":null,"entrance":"yes","building_id":"w228730077","link":"nearest","dist_m":16.0,"housenumber":null,"wheelchair":null,"tags":{"entrance":"yes"}}},{"type":"Feature","geometry":{"type":"Point","coordinates":[24.577897,46.5353166]},"properties":{"id":"n2373987888","label":"","label_key":null,"entrance":"yes","building_id":"w228730077","link":"nearest","dist_m":18.9,"housenumber":null,"wheelchair":null,"tags":{"entrance":"yes"}}},{"type":"Feature","geometry":{"type":"Point","coordinates":[24.577787,46.5355095]},"properties":{"id":"n2373987897","label":"","label_key":null,"entrance":"yes","building_id":"w228730077","link":"nearest","dist_m":21.7,"housenumber":null,"wheelchair":null,"tags":{"entrance":"yes"}}},{"type":"Feature","geometry":{"type":"Point","coordinates":[24.5791526,46.5343176]},"properties":{"id":"n2420104642","label":"","label_key":"addr:housenumber","entrance":"staircase","building_id":"w233661917","link":"outline","dist_m":0.0,"housenumber":"24A","wheelchair":null,"tags":{"addr:city":"Târgu Mureș","addr:housenumber":"24A","addr:postcode":"540519","addr:street":"Strada Moldovei","entrance":"staircase"},"redundant":true}},{"type":"Feature","geometry":{"type":"Point","coordinates":[24.5798453,46.5348535]},"properties":{"id":"n2420104670","label":"nr. 28A","label_key":"addr:housenumber","entrance":"staircase","building_id":"w87975996","link":"outline","dist_m":0.0,"housenumber":"28A","wheelchair":null,"tags":{"addr:city":"Târgu Mureș","addr:housenumber":"28A","addr:postcode":"540519","addr:street":"Strada Moldovei","entrance":"staircase"}}},{"type":"Feature","geometry":{"type":"Point","coordinates":[24.5785765,46.5344913]},"properties":{"id":"n2420120133","label":"","label_key":"addr:housenumber","entrance":"staircase","building_id":"w87976111","link":"outline","dist_m":0.0,"housenumber":"22A","wheelchair":null,"tags":{"addr:city":"Târgu Mureș","addr:housenumber":"22A","addr:postcode":"540519","addr:street":"Strada Moldovei","entrance":"staircase"},"redundant":true}},{"type":"Feature","geometry":{"type":"Point","coordinates":[24.5803186,46.5347123]},"properties":{"id":"n2580271783","label":"","label_key":null,"entrance":"yes","building_id":"w87975996","link":"nearest","dist_m":25.8,"housenumber":null,"wheelchair":null,"tags":{"entrance":"yes"}}},{"type":"Feature","geometry":{"type":"Point","coordinates":[24.5802939,46.5349752]},"properties":{"id":"n2580271837","label":"","label_key":null,"entrance":"yes","building_id":"w87975996","link":"nearest","dist_m":30.5,"housenumber":null,"wheelchair":null,"tags":{"entrance":"yes"}}},{"type":"Feature","geometry":{"type":"Point","coordinates":[24.5805573,46.5350941]},"properties":{"id":"n2580271922","label":"nr. 30","label_key":"addr:housenumber","entrance":"main","building_id":null,"link":null,"dist_m":null,"housenumber":"30","wheelchair":null,"tags":{"addr:city":"Târgu Mureș","addr:housenumber":"30","addr:postcode":"540519","addr:street":"Strada Moldovei","entrance":"main"}}},{"type":"Feature","geometry":{"type":"Point","coordinates":[24.5808846,46.5350921]},"properties":{"id":"n2580271943","label":"","label_key":null,"entrance":"yes","building_id":"w87975964","link":"nearest","dist_m":28.9,"housenumber":null,"wheelchair":null,"tags":{"entrance":"yes"}}},{"type":"Feature","geometry":{"type":"Point","coordinates":[24.5798662,46.5396852]},"properties":{"id":"n2689078620","label":"","label_key":null,"entrance":"yes","building_id":null,"link":null,"dist_m":null,"housenumber":null,"wheelchair":null,"tags":{"entrance":"yes"}}},{"type":"Feature","geometry":{"type":"Point","coordinates":[24.5801058,46.5397155]},"properties":{"id":"n2689078626","label":"","label_key":null,"entrance":"yes","building_id":null,"link":null,"dist_m":null,"housenumber":null,"wheelchair":null,"tags":{"entrance":"yes"}}},{"type":"Feature","geometry":{"type":"Point","coordinates":[24.5803493,46.5397483]},"properties":{"id":"n2689078639","label":"","label_key":null,"entrance":"yes","building_id":null,"link":null,"dist_m":null,"housenumber":null,"wheelchair":null,"tags":{"entrance":"yes"}}},{"type":"Feature","geometry":{"type":"Point","coordinates":[24.5808036,46.5397708]},"properties":{"id":"n2689078648","label":"","label_key":null,"entrance":"main","building_id":null,"link":null,"dist_m":null,"housenumber":null,"wheelchair":null,"tags":{"entrance":"main"}}},{"type":"Feature","geometry":{"type":"Point","coordinates":[24.5798676,46.5397808]},"properties":{"id":"n2689078650","label":"nr. 13","label_key":"addr:housenumber","entrance":"main","building_id":null,"link":null,"dist_m":null,"housenumber":"13","wheelchair":null,"tags":{"addr:city":"Târgu Mureș","addr:housenumber":"13","addr:street":"Strada Gloriei","entrance":"main"}}},{"type":"Feature","geometry":{"type":"Point","coordinates":[24.581043,46.5397992]},"properties":{"id":"n2689078656","label":"","label_key":null,"entrance":"main","building_id":null,"link":null,"dist_m":null,"housenumber":null,"wheelchair":null,"tags":{"entrance":"main"}}},{"type":"Feature","geometry":{"type":"Point","coordinates":[24.5801071,46.5398126]},"properties":{"id":"n2689078659","label":"nr. 11","label_key":"addr:housenumber","entrance":"main","building_id":null,"link":null,"dist_m":null,"housenumber":"11","wheelchair":null,"tags":{"addr:city":"Târgu Mureș","addr:housenumber":"11","addr:street":"Strada Gloriei","entrance":"main"}}},{"type":"Feature","geometry":{"type":"Point","coordinates":[24.5812805,46.5398348]},"properties":{"id":"n2689078662","label":"","label_key":null,"entrance":"main","building_id":"w238868136","link":"nearest","dist_m":41.6,"housenumber":null,"wheelchair":null,"tags":{"entrance":"main"}}},{"type":"Feature","geometry":{"type":"Point","coordinates":[24.5803506,46.5398447]},"properties":{"id":"n2689078665","label":"nr. 9","label_key":"addr:housenumber","entrance":"main","building_id":null,"link":null,"dist_m":null,"housenumber":"9","wheelchair":null,"tags":{"addr:city":"Târgu Mureș","addr:housenumber":"9","addr:street":"Strada Gloriei","entrance":"main"}}},{"type":"Feature","geometry":{"type":"Point","coordinates":[24.5815189,46.539865]},"properties":{"id":"n2689078671","label":"","label_key":null,"entrance":"main","building_id":"w238868136","link":"nearest","dist_m":30.0,"housenumber":null,"wheelchair":null,"tags":{"entrance":"main"}}},{"type":"Feature","geometry":{"type":"Point","coordinates":[24.5808044,46.5398654]},"properties":{"id":"n2689078672","label":"nr. 7","label_key":"addr:housenumber","entrance":"yes","building_id":null,"link":null,"dist_m":null,"housenumber":"7","wheelchair":null,"tags":{"addr:city":"Târgu Mureș","addr:housenumber":"7","addr:street":"Strada Gloriei","entrance":"yes"}}},{"type":"Feature","geometry":{"type":"Point","coordinates":[24.5793926,46.5398811]},"properties":{"id":"n2689078677","label":"nr. 12","label_key":"addr:housenumber","entrance":"main","building_id":null,"link":null,"dist_m":null,"housenumber":"12","wheelchair":null,"tags":{"addr:city":"Târgu Mureș","addr:housenumber":"12","addr:street":"Strada Gloriei","entrance":"main"}}},{"type":"Feature","geometry":{"type":"Point","coordinates":[24.5810439,46.5398939]},"properties":{"id":"n2689078679","label":"nr. 5","label_key":"addr:housenumber","entrance":"yes","building_id":null,"link":null,"dist_m":null,"housenumber":"5","wheelchair":null,"tags":{"addr:city":"Târgu Mureș","addr:housenumber":"5","addr:street":"Strada Gloriei","entrance":"yes"}}},{"type":"Feature","geometry":{"type":"Point","coordinates":[24.5796352,46.5399151]},"properties":{"id":"n2689078687","label":"nr. 10","label_key":"addr:housenumber","entrance":"main","building_id":null,"link":null,"dist_m":null,"housenumber":"10","wheelchair":null,"tags":{"addr:city":"Târgu Mureș","addr:housenumber":"10","addr:street":"Strada Gloriei","entrance":"main"}}},{"type":"Feature","geometry":{"type":"Point","coordinates":[24.5812813,46.5399269]},"properties":{"id":"n2689078689","label":"nr. 3","label_key":"addr:housenumber","entrance":"yes","building_id":null,"link":null,"dist_m":null,"housenumber":"3","wheelchair":null,"tags":{"addr:city":"Târgu Mureș","addr:housenumber":"3","addr:street":"Strada Gloriei","entrance":"yes"}}},{"type":"Feature","geometry":{"type":"Point","coordinates":[24.5798792,46.5399462]},"properties":{"id":"n2689078692","label":"nr. 8","label_key":"addr:housenumber","entrance":"main","building_id":null,"link":null,"dist_m":null,"housenumber":"8","wheelchair":null,"tags":{"addr:city":"Târgu Mureș","addr:housenumber":"8","addr:street":"Strada Gloriei","entrance":"main"}}},{"type":"Feature","geometry":{"type":"Point","coordinates":[24.5815198,46.5399618]},"properties":{"id":"n2689078701","label":"nr. 1","label_key":"addr:housenumber","entrance":"yes","building_id":null,"link":null,"dist_m":null,"housenumber":"1","wheelchair":null,"tags":{"addr:city":"Târgu Mureș","addr:housenumber":"1","addr:street":"Strada Gloriei","entrance":"yes"}}},{"type":"Feature","geometry":{"type":"Point","coordinates":[24.5803384,46.5399658]},"properties":{"id":"n2689078703","label":"nr. 6","label_key":"addr:housenumber","entrance":"main","building_id":null,"link":null,"dist_m":null,"housenumber":"6","wheelchair":null,"tags":{"addr:city":"Târgu Mureș","addr:housenumber":"6","addr:street":"Strada Gloriei","entrance":"main"}}},{"type":"Feature","geometry":{"type":"Point","coordinates":[24.5793956,46.5399824]},"properties":{"id":"n2689078706","label":"","label_key":null,"entrance":"yes","building_id":"w884337065","link":"nearest","dist_m":32.2,"housenumber":null,"wheelchair":null,"tags":{"entrance":"yes"}}},{"type":"Feature","geometry":{"type":"Point","coordinates":[24.5805757,46.5399973]},"properties":{"id":"n2689078711","label":"nr. 4","label_key":"addr:housenumber","entrance":"main","building_id":null,"link":null,"dist_m":null,"housenumber":"4","wheelchair":null,"tags":{"addr:city":"Târgu Mureș","addr:housenumber":"4","addr:street":"Strada Gloriei","entrance":"main"}}},{"type":"Feature","geometry":{"type":"Point","coordinates":[24.5796381,46.5400122]},"properties":{"id":"n2689078720","label":"","label_key":null,"entrance":"yes","building_id":null,"link":null,"dist_m":null,"housenumber":null,"wheelchair":null,"tags":{"entrance":"yes"}}},{"type":"Feature","geometry":{"type":"Point","coordinates":[24.5808195,46.5400297]},"properties":{"id":"n2689078723","label":"nr. 2","label_key":"addr:housenumber","entrance":"main","building_id":null,"link":null,"dist_m":null,"housenumber":"2","wheelchair":null,"tags":{"addr:city":"Târgu Mureș","addr:housenumber":"2","addr:street":"Strada Gloriei","entrance":"main"}}},{"type":"Feature","geometry":{"type":"Point","coordinates":[24.579882,46.5400392]},"properties":{"id":"n2689078727","label":"","label_key":null,"entrance":"yes","building_id":null,"link":null,"dist_m":null,"housenumber":null,"wheelchair":null,"tags":{"entrance":"yes"}}},{"type":"Feature","geometry":{"type":"Point","coordinates":[24.5803351,46.5400635]},"properties":{"id":"n2689078734","label":"","label_key":null,"entrance":"yes","building_id":null,"link":null,"dist_m":null,"housenumber":null,"wheelchair":null,"tags":{"entrance":"yes"}}},{"type":"Feature","geometry":{"type":"Point","coordinates":[24.5791356,46.5400492]},"properties":{"id":"n2689078746","label":"nr. 14","label_key":"addr:housenumber","entrance":"main","building_id":null,"link":null,"dist_m":null,"housenumber":"14","wheelchair":null,"tags":{"addr:city":"Târgu Mureș","addr:housenumber":"14","addr:street":"Strada Gloriei","entrance":"main"}}},{"type":"Feature","geometry":{"type":"Point","coordinates":[24.5805778,46.5400945]},"properties":{"id":"n2689078748","label":"","label_key":null,"entrance":"yes","building_id":null,"link":null,"dist_m":null,"housenumber":null,"wheelchair":null,"tags":{"entrance":"yes"}}},{"type":"Feature","geometry":{"type":"Point","coordinates":[24.5808215,46.5401227]},"properties":{"id":"n2689078754","label":"","label_key":null,"entrance":"yes","building_id":null,"link":null,"dist_m":null,"housenumber":null,"wheelchair":null,"tags":{"entrance":"yes"}}},{"type":"Feature","geometry":{"type":"Point","coordinates":[24.5813244,46.5403433]},"properties":{"id":"n2689078798","label":"nr. 81","label_key":"addr:housenumber","entrance":"main","building_id":null,"link":null,"dist_m":null,"housenumber":"81","wheelchair":null,"tags":{"addr:city":"Târgu Mureș","addr:housenumber":"81","addr:street":"Strada Cutezanței","entrance":"main"}}},{"type":"Feature","geometry":{"type":"Point","coordinates":[24.5775815,46.5377563]},"properties":{"id":"n3788607810","label":"nr. 170A","label_key":"addr:housenumber","entrance":"staircase","building_id":"w87976146","link":"outline","dist_m":0.0,"housenumber":"170A","wheelchair":null,"tags":{"addr:city":"Târgu Mureș","addr:housenumber":"170A","addr:postcode":"540536","addr:street":"Strada Tudor Vladimirescu","entrance":"staircase"}}},{"type":"Feature","geometry":{"type":"Point","coordinates":[24.5778564,46.5378284]},"properties":{"id":"n3788607811","label":"nr. 170B","label_key":"addr:housenumber","entrance":"staircase","building_id":"w87976146","link":"outline","dist_m":0.0,"housenumber":"170B","wheelchair":null,"tags":{"addr:city":"Târgu Mureș","addr:housenumber":"170B","addr:postcode":"540536","addr:street":"Strada Tudor Vladimirescu","entrance":"staircase"}}},{"type":"Feature","geometry":{"type":"Point","coordinates":[24.578117,46.5378967]},"properties":{"id":"n3788607812","label":"nr. 170C","label_key":"addr:housenumber","entrance":"staircase","building_id":"w87976146","link":"outline","dist_m":0.0,"housenumber":"170C","wheelchair":null,"tags":{"addr:city":"Târgu Mureș","addr:housenumber":"170C","addr:postcode":"540536","addr:street":"Strada Tudor Vladimirescu","entrance":"staircase"}}},{"type":"Feature","geometry":{"type":"Point","coordinates":[24.5783473,46.537957]},"properties":{"id":"n3788607813","label":"nr. 170D","label_key":"addr:housenumber","entrance":"staircase","building_id":"w87976146","link":"outline","dist_m":0.0,"housenumber":"170D","wheelchair":null,"tags":{"addr:city":"Târgu Mureș","addr:housenumber":"170D","addr:postcode":"540536","addr:street":"Strada Tudor Vladimirescu","entrance":"staircase"}}},{"type":"Feature","geometry":{"type":"Point","coordinates":[24.5778451,46.5374122]},"properties":{"id":"n3788607814","label":"nr. 1A","label_key":"addr:housenumber","entrance":"staircase","building_id":"w87976068","link":"outline","dist_m":0.0,"housenumber":"1A","wheelchair":null,"tags":{"addr:city":"Târgu Mureș","addr:housenumber":"1A","addr:postcode":"540527","addr:street":"Strada Busuiocului","entrance":"staircase"}}},{"type":"Feature","geometry":{"type":"Point","coordinates":[24.5775961,46.5374915]},"properties":{"id":"n3788607815","label":"nr. 1B","label_key":"addr:housenumber","entrance":"staircase","building_id":"w87976068","link":"outline","dist_m":0.0,"housenumber":"1B","wheelchair":null,"tags":{"addr:city":"Târgu Mureș","addr:housenumber":"1B","addr:postcode":"540527","addr:street":"Strada Busuiocului","entrance":"staircase"}}},{"type":"Feature","geometry":{"type":"Point","coordinates":[24.5784986,46.5375634]},"properties":{"id":"n3788607816","label":"nr. 2A","label_key":"addr:housenumber","entrance":"staircase","building_id":"w87976100","link":"outline","dist_m":0.0,"housenumber":"2A","wheelchair":null,"tags":{"addr:city":"Târgu Mureș","addr:housenumber":"2A","addr:postcode":"540526","addr:street":"Strada Bucinului","entrance":"staircase"}}},{"type":"Feature","geometry":{"type":"Point","coordinates":[24.5773327,46.5369621]},"properties":{"id":"n3788607817","label":"nr. 2A","label_key":"addr:housenumber","entrance":"staircase","building_id":"w87976017","link":"outline","dist_m":0.0,"housenumber":"2A","wheelchair":null,"tags":{"addr:city":"Târgu Mureș","addr:housenumber":"2A","addr:postcode":"540535","addr:street":"Strada Busuiocului","entrance":"staircase"}}},{"type":"Feature","geometry":{"type":"Point","coordinates":[24.578606,46.5377398]},"properties":{"id":"n3788607818","label":"nr. 2B","label_key":"addr:housenumber","entrance":"staircase","building_id":"w87976100","link":"outline","dist_m":0.0,"housenumber":"2B","wheelchair":null,"tags":{"addr:city":"Târgu Mureș","addr:housenumber":"2B","addr:postcode":"540526","addr:street":"Strada Bucinului","entrance":"staircase"}}},{"type":"Feature","geometry":{"type":"Point","coordinates":[24.57722,46.5371737]},"properties":{"id":"n3788607819","label":"nr. 2B","label_key":"addr:housenumber","entrance":"staircase","building_id":"w87976017","link":"outline","dist_m":0.0,"housenumber":"2B","wheelchair":null,"tags":{"addr:city":"Târgu Mureș","addr:housenumber":"2B","addr:postcode":"540535","addr:street":"Strada Busuiocului","entrance":"staircase"}}},{"type":"Feature","geometry":{"type":"Point","coordinates":[24.5770938,46.5374093]},"properties":{"id":"n3788607820","label":"nr. 2C","label_key":"addr:housenumber","entrance":"staircase","building_id":"w87976017","link":"outline","dist_m":0.0,"housenumber":"2C","wheelchair":null,"tags":{"addr:city":"Târgu Mureș","addr:housenumber":"2C","addr:postcode":"540535","addr:street":"Strada Busuiocului","entrance":"staircase"}}},{"type":"Feature","geometry":{"type":"Point","coordinates":[24.576983,46.5376182]},"properties":{"id":"n3788607821","label":"nr. 2D","label_key":"addr:housenumber","entrance":"staircase","building_id":"w87976017","link":"outline","dist_m":0.0,"housenumber":"2D","wheelchair":null,"tags":{"addr:city":"Târgu Mureș","addr:housenumber":"2D","addr:postcode":"540535","addr:street":"Strada Busuiocului","entrance":"staircase"}}},{"type":"Feature","geometry":{"type":"Point","coordinates":[24.5780476,46.5368687]},"properties":{"id":"n3788607822","label":"nr. 3A","label_key":"addr:housenumber","entrance":"staircase","building_id":"w87976075","link":"outline","dist_m":0.0,"housenumber":"3A","wheelchair":null,"tags":{"addr:city":"Târgu Mureș","addr:housenumber":"3A","addr:postcode":"540527","addr:street":"Strada Busuiocului","entrance":"staircase"}}},{"type":"Feature","geometry":{"type":"Point","coordinates":[24.5781461,46.5370426]},"properties":{"id":"n3788607823","label":"nr. 3B","label_key":"addr:housenumber","entrance":"staircase","building_id":"w87976075","link":"outline","dist_m":0.0,"housenumber":"3B","wheelchair":null,"tags":{"addr:city":"Târgu Mureș","addr:housenumber":"3B","addr:postcode":"540527","addr:street":"Strada Busuiocului","entrance":"staircase"}}},{"type":"Feature","geometry":{"type":"Point","coordinates":[24.579178,46.537298]},"properties":{"id":"n3788607824","label":"nr. 4A","label_key":"addr:housenumber","entrance":"staircase","building_id":"w87975974","link":"outline","dist_m":0.0,"housenumber":"4A","wheelchair":null,"tags":{"addr:city":"Târgu Mureș","addr:housenumber":"4A","addr:postcode":"540526","addr:street":"Strada Bucinului","entrance":"staircase"}}},{"type":"Feature","geometry":{"type":"Point","coordinates":[24.5776816,46.5361352]},"properties":{"id":"n3788607825","label":"nr. 4A","label_key":"addr:housenumber","entrance":"staircase","building_id":"w87975985","link":"outline","dist_m":0.0,"housenumber":"4A","wheelchair":null,"tags":{"addr:city":"Târgu Mureș","addr:housenumber":"4A","addr:postcode":"540535","addr:street":"Strada Busuiocului","entrance":"staircase"}}},{"type":"Feature","geometry":{"type":"Point","coordinates":[24.5789299,46.5373776]},"properties":{"id":"n3788607826","label":"nr. 4B","label_key":"addr:housenumber","entrance":"staircase","building_id":"w87975974","link":"outline","dist_m":0.0,"housenumber":"4B","wheelchair":null,"tags":{"addr:city":"Târgu Mureș","addr:housenumber":"4B","addr:postcode":"540526","addr:street":"Strada Bucinului","entrance":"staircase"}}},{"type":"Feature","geometry":{"type":"Point","coordinates":[24.5775705,46.5363522]},"properties":{"id":"n3788607827","label":"nr. 4B","label_key":"addr:housenumber","entrance":"staircase","building_id":"w87975985","link":"outline","dist_m":0.0,"housenumber":"4B","wheelchair":null,"tags":{"addr:city":"Târgu Mureș","addr:housenumber":"4B","addr:postcode":"540535","addr:street":"Strada Busuiocului","entrance":"staircase"}}},{"type":"Feature","geometry":{"type":"Point","coordinates":[24.5774526,46.5365823]},"properties":{"id":"n3788607828","label":"nr. 4C","label_key":"addr:housenumber","entrance":"staircase","building_id":"w87975985","link":"outline","dist_m":0.0,"housenumber":"4C","wheelchair":null,"tags":{"addr:city":"Târgu Mureș","addr:housenumber":"4C","addr:postcode":"540535","addr:street":"Strada Busuiocului","entrance":"staircase"}}},{"type":"Feature","geometry":{"type":"Point","coordinates":[24.5789972,46.5366035]},"properties":{"id":"n3788607829","label":"nr. 5A","label_key":"addr:housenumber","entrance":"staircase","building_id":"w87976051","link":"outline","dist_m":0.0,"housenumber":"5A","wheelchair":null,"tags":{"addr:city":"Târgu Mureș","addr:housenumber":"5A","addr:postcode":"540527","addr:street":"Strada Busuiocului","entrance":"staircase"}}},{"type":"Feature","geometry":{"type":"Point","coordinates":[24.5787435,46.5366816]},"properties":{"id":"n3788607830","label":"nr. 5B","label_key":"addr:housenumber","entrance":"staircase","building_id":"w87976051","link":"outline","dist_m":0.0,"housenumber":"5B","wheelchair":null,"tags":{"addr:city":"Târgu Mureș","addr:housenumber":"5B","addr:postcode":"540527","addr:street":"Strada Busuiocului","entrance":"staircase"}}},{"type":"Feature","geometry":{"type":"Point","coordinates":[24.5794307,46.5368311]},"properties":{"id":"n3788607831","label":"nr. 6A","label_key":"addr:housenumber","entrance":"staircase","building_id":"w87975980","link":"outline","dist_m":0.0,"housenumber":"6A","wheelchair":null,"tags":{"addr:city":"Târgu Mureș","addr:housenumber":"6A","addr:postcode":"540526","addr:street":"Strada Bucinului","entrance":"staircase"}}},{"type":"Feature","geometry":{"type":"Point","coordinates":[24.579544,46.5370093]},"properties":{"id":"n3788607832","label":"nr. 6B","label_key":"addr:housenumber","entrance":"staircase","building_id":"w87975980","link":"outline","dist_m":0.0,"housenumber":"6B","wheelchair":null,"tags":{"addr:city":"Târgu Mureș","addr:housenumber":"6B","addr:postcode":"540526","addr:street":"Strada Bucinului","entrance":"staircase"}}},{"type":"Feature","geometry":{"type":"Point","coordinates":[24.5781324,46.5364048]},"properties":{"id":"n3788607833","label":"nr. 7A","label_key":"addr:housenumber","entrance":"staircase","building_id":"w87975989","link":"outline","dist_m":0.0,"housenumber":"7A","wheelchair":null,"tags":{"addr:city":"Târgu Mureș","addr:housenumber":"7A","addr:postcode":"540533","addr:street":"Strada Busuiocului","entrance":"staircase"}}},{"type":"Feature","geometry":{"type":"Point","coordinates":[24.5783898,46.5363276]},"properties":{"id":"n3788607834","label":"nr. 7B","label_key":"addr:housenumber","entrance":"staircase","building_id":"w87975989","link":"outline","dist_m":0.0,"housenumber":"7B","wheelchair":null,"tags":{"addr:city":"Târgu Mureș","addr:housenumber":"7B","addr:postcode":"540533","addr:street":"Strada Busuiocului","entrance":"staircase"}}},{"type":"Feature","geometry":{"type":"Point","coordinates":[24.5801083,46.5365685]},"properties":{"id":"n3788607835","label":"nr. 8A","label_key":"addr:housenumber","entrance":"staircase","building_id":"w87976116","link":"outline","dist_m":0.0,"housenumber":"8A","wheelchair":null,"tags":{"addr:city":"Târgu Mureș","addr:housenumber":"8A","addr:postcode":"540526","addr:street":"Strada Bucinului","entrance":"staircase"}}},{"type":"Feature","geometry":{"type":"Point","coordinates":[24.5798606,46.5366482]},"properties":{"id":"n3788607836","label":"nr. 8B","label_key":"addr:housenumber","entrance":"staircase","building_id":"w87976116","link":"outline","dist_m":0.0,"housenumber":"8B","wheelchair":null,"tags":{"addr:city":"Târgu Mureș","addr:housenumber":"8B","addr:postcode":"540526","addr:street":"Strada Bucinului","entrance":"staircase"}}},{"type":"Feature","geometry":{"type":"Point","coordinates":[24.5786307,46.5357193]},"properties":{"id":"n3788607837","label":"nr. 9A","label_key":"addr:housenumber","entrance":"staircase","building_id":"w87976145","link":"outline","dist_m":0.0,"housenumber":"9A","wheelchair":null,"tags":{"addr:city":"Târgu Mureș","addr:housenumber":"9A","addr:postcode":"540533","addr:street":"Strada Busuiocului","entrance":"staircase"}}},{"type":"Feature","geometry":{"type":"Point","coordinates":[24.5787473,46.5358963]},"properties":{"id":"n3788607838","label":"nr. 9B","label_key":"addr:housenumber","entrance":"staircase","building_id":"w87976145","link":"outline","dist_m":0.0,"housenumber":"9B","wheelchair":null,"tags":{"addr:city":"Târgu Mureș","addr:housenumber":"9B","addr:postcode":"540533","addr:street":"Strada Busuiocului","entrance":"staircase"}}},{"type":"Feature","geometry":{"type":"Point","coordinates":[24.5777644,46.5351315]},"properties":{"id":"n4904722560","label":"","label_key":"addr:housenumber","entrance":"main","building_id":"w228730077","link":"inside","dist_m":0.0,"housenumber":"18","wheelchair":null,"tags":{"addr:city":"Târgu Mureș","addr:housenumber":"18","addr:postcode":"540519","addr:street":"Strada Moldovei","entrance":"main"},"redundant":true}},{"type":"Feature","geometry":{"type":"Point","coordinates":[24.5777254,46.535143]},"properties":{"id":"n4909384608","label":"","label_key":null,"entrance":"yes","building_id":"w228730077","link":"inside","dist_m":0.0,"housenumber":null,"wheelchair":null,"tags":{"entrance":"yes"}}},{"type":"Feature","geometry":{"type":"Point","coordinates":[24.5824219,46.5388208]},"properties":{"id":"n4945720155","label":"nr. 11","label_key":"addr:housenumber","entrance":"yes","building_id":"w88056406","link":"outline","dist_m":0.0,"housenumber":"11","wheelchair":null,"tags":{"addr:city":"Târgu Mureș","addr:housenumber":"11","addr:street":"Strada Prieteniei","entrance":"yes"}}},{"type":"Feature","geometry":{"type":"Point","coordinates":[24.5821716,46.5388162]},"properties":{"id":"n4945720156","label":"nr. 13","label_key":"addr:housenumber","entrance":"yes","building_id":"w88056406","link":"outline","dist_m":0.0,"housenumber":"13","wheelchair":null,"tags":{"addr:city":"Târgu Mureș","addr:housenumber":"13","addr:street":"Strada Prieteniei","entrance":"yes"}}},{"type":"Feature","geometry":{"type":"Point","coordinates":[24.5818914,46.5387923]},"properties":{"id":"n4945720157","label":"nr. 15","label_key":"addr:housenumber","entrance":"yes","building_id":"w88056406","link":"outline","dist_m":0.0,"housenumber":"15","wheelchair":null,"tags":{"addr:city":"Târgu Mureș","addr:housenumber":"15","addr:street":"Strada Prieteniei","entrance":"yes"}}},{"type":"Feature","geometry":{"type":"Point","coordinates":[24.5813169,46.5387857]},"properties":{"id":"n4945720158","label":"nr. 17","label_key":"addr:housenumber","entrance":"yes","building_id":"w88056462","link":"outline","dist_m":0.0,"housenumber":"17","wheelchair":null,"tags":{"addr:city":"Târgu Mureș","addr:housenumber":"17","addr:street":"Strada Prieteniei","entrance":"yes"}}},{"type":"Feature","geometry":{"type":"Point","coordinates":[24.5811078,46.5387803]},"properties":{"id":"n4945720159","label":"nr. 19","label_key":"addr:housenumber","entrance":"yes","building_id":"w88056462","link":"outline","dist_m":0.0,"housenumber":"19","wheelchair":null,"tags":{"addr:city":"Târgu Mureș","addr:housenumber":"19","addr:street":"Strada Prieteniei","entrance":"yes"}}},{"type":"Feature","geometry":{"type":"Point","coordinates":[24.5808112,46.5387933]},"properties":{"id":"n4945720160","label":"nr. 21","label_key":"addr:housenumber","entrance":"yes","building_id":"w88056462","link":"outline","dist_m":0.0,"housenumber":"21","wheelchair":null,"tags":{"addr:city":"Târgu Mureș","addr:housenumber":"21","addr:street":"Strada Prieteniei","entrance":"yes"}}},{"type":"Feature","geometry":{"type":"Point","coordinates":[24.5805134,46.5387699]},"properties":{"id":"n4945720161","label":"nr. 23","label_key":"addr:housenumber","entrance":"yes","building_id":"w88056462","link":"outline","dist_m":0.0,"housenumber":"23","wheelchair":null,"tags":{"addr:city":"Târgu Mureș","addr:housenumber":"23","addr:street":"Strada Prieteniei","entrance":"yes"}}},{"type":"Feature","geometry":{"type":"Point","coordinates":[24.5802864,46.5387684]},"properties":{"id":"n4945720162","label":"nr. 25","label_key":"addr:housenumber","entrance":"yes","building_id":"w88056462","link":"outline","dist_m":0.0,"housenumber":"25","wheelchair":null,"tags":{"addr:city":"Târgu Mureș","addr:housenumber":"25","addr:street":"Strada Prieteniei","entrance":"yes"}}},{"type":"Feature","geometry":{"type":"Point","coordinates":[24.5809431,46.5389478]},"properties":{"id":"n4945720163","label":"nr. 24","label_key":"addr:housenumber","entrance":"yes","building_id":"w88056449","link":"outline","dist_m":0.0,"housenumber":"24","wheelchair":null,"tags":{"addr:city":"Târgu Mureș","addr:housenumber":"24","addr:street":"Strada Prieteniei","entrance":"yes"}}},{"type":"Feature","geometry":{"type":"Point","coordinates":[24.5807657,46.5389243]},"properties":{"id":"n4945720164","label":"nr. 26","label_key":"addr:housenumber","entrance":"yes","building_id":"w88056449","link":"outline","dist_m":0.0,"housenumber":"26","wheelchair":null,"tags":{"addr:city":"Târgu Mureș","addr:housenumber":"26","addr:street":"Strada Prieteniei","entrance":"yes"}}},{"type":"Feature","geometry":{"type":"Point","coordinates":[24.5805542,46.5389221]},"properties":{"id":"n4945720165","label":"nr. 28","label_key":"addr:housenumber","entrance":"yes","building_id":"w88056449","link":"outline","dist_m":0.0,"housenumber":"28","wheelchair":null,"tags":{"addr:city":"Târgu Mureș","addr:housenumber":"28","addr:street":"Strada Prieteniei","entrance":"yes"}}},{"type":"Feature","geometry":{"type":"Point","coordinates":[24.5802237,46.538919]},"properties":{"id":"n4945720166","label":"nr. 30","label_key":"addr:housenumber","entrance":"yes","building_id":"w88056449","link":"outline","dist_m":0.0,"housenumber":"30","wheelchair":null,"tags":{"addr:city":"Târgu Mureș","addr:housenumber":"30","addr:street":"Strada Prieteniei","entrance":"yes"}}},{"type":"Feature","geometry":{"type":"Point","coordinates":[24.5813782,46.5389632]},"properties":{"id":"n4945720167","label":"nr. 22","label_key":"addr:housenumber","entrance":"yes","building_id":"w88056558","link":"outline","dist_m":0.0,"housenumber":"22","wheelchair":null,"tags":{"addr:city":"Târgu Mureș","addr:housenumber":"22","addr:street":"Strada Prieteniei","entrance":"yes"}}},{"type":"Feature","geometry":{"type":"Point","coordinates":[24.5824719,46.5390564]},"properties":{"id":"n4945720168","label":"nr. 14","label_key":"addr:housenumber","entrance":"yes","building_id":"w88056558","link":"outline","dist_m":0.0,"housenumber":"14","wheelchair":null,"tags":{"addr:city":"Târgu Mureș","addr:housenumber":"14","addr:street":"Strada Prieteniei","entrance":"yes"}}},{"type":"Feature","geometry":{"type":"Point","coordinates":[24.5821532,46.5389456]},"properties":{"id":"n4945720169","label":"nr. 16","label_key":"addr:housenumber","entrance":"yes","building_id":"w88056558","link":"outline","dist_m":0.0,"housenumber":"16","wheelchair":null,"tags":{"addr:city":"Târgu Mureș","addr:housenumber":"16","addr:street":"Strada Prieteniei","entrance":"yes"}}},{"type":"Feature","geometry":{"type":"Point","coordinates":[24.5819505,46.538942]},"properties":{"id":"n4945720170","label":"nr. 18","label_key":"addr:housenumber","entrance":"yes","building_id":"w88056558","link":"outline","dist_m":0.0,"housenumber":"18","wheelchair":null,"tags":{"addr:city":"Târgu Mureș","addr:housenumber":"18","addr:street":"Strada Prieteniei","entrance":"yes"}}},{"type":"Feature","geometry":{"type":"Point","coordinates":[24.5815951,46.5389533]},"properties":{"id":"n4945720171","label":"nr. 20","label_key":"addr:housenumber","entrance":"yes","building_id":"w88056558","link":"outline","dist_m":0.0,"housenumber":"20","wheelchair":null,"tags":{"addr:city":"Târgu Mureș","addr:housenumber":"20","addr:street":"Strada Prieteniei","entrance":"yes"}}},{"type":"Feature","geometry":{"type":"Point","coordinates":[24.5794706,46.534633]},"properties":{"id":"n9662528972","label":"","label_key":"addr:housenumber","entrance":"staircase","building_id":"w233661915","link":"outline","dist_m":0.0,"housenumber":"26A","wheelchair":null,"tags":{"addr:city":"Târgu Mureș","addr:housenumber":"26A","addr:postcode":"540519","addr:street":"Strada Moldovei","entrance":"staircase"},"redundant":true}},{"type":"Feature","geometry":{"type":"Point","coordinates":[24.5825413,46.5369746]},"properties":{"id":"n12605012025","label":"","label_key":"addr:housenumber","entrance":"main","building_id":"w1361522098","link":"outline","dist_m":0.0,"housenumber":"17","wheelchair":null,"tags":{"addr:city":"Târgu Mureș","addr:housenumber":"17","addr:postcode":"540477","addr:street":"Strada Armoniei","door":"yes","entrance":"main"},"redundant":true}},{"type":"Feature","geometry":{"type":"Point","coordinates":[24.5822042,46.5371071]},"properties":{"id":"n12605012042","label":"","label_key":"addr:housenumber","entrance":"main","building_id":"w1361522099","link":"outline","dist_m":0.0,"housenumber":"19","wheelchair":null,"tags":{"addr:city":"Târgu Mureș","addr:housenumber":"19","addr:postcode":"540477","addr:street":"Strada Armoniei","door":"yes","entrance":"main"},"redundant":true}},{"type":"Feature","geometry":{"type":"Point","coordinates":[24.5821899,46.5372988]},"properties":{"id":"n12605012052","label":"","label_key":"addr:housenumber","entrance":"main","building_id":"w1361522100","link":"outline","dist_m":0.0,"housenumber":"21","wheelchair":null,"tags":{"addr:city":"Târgu Mureș","addr:housenumber":"21","addr:postcode":"540477","addr:street":"Strada Armoniei","door":"yes","entrance":"main"},"redundant":true}},{"type":"Feature","geometry":{"type":"Point","coordinates":[24.5820719,46.5374358]},"properties":{"id":"n12605012058","label":"","label_key":"addr:housenumber","entrance":"main","building_id":"w1361522101","link":"outline","dist_m":0.0,"housenumber":"23","wheelchair":null,"tags":{"addr:city":"Târgu Mureș","addr:housenumber":"23","addr:postcode":"540477","addr:street":"Strada Armoniei","door":"yes","entrance":"main"},"redundant":true}},{"type":"Feature","geometry":{"type":"Point","coordinates":[24.5818929,46.5375826]},"properties":{"id":"n12605012063","label":"","label_key":"addr:housenumber","entrance":"main","building_id":"w1361522102","link":"outline","dist_m":0.0,"housenumber":"25","wheelchair":null,"tags":{"addr:city":"Târgu Mureș","addr:housenumber":"25","addr:postcode":"540477","addr:street":"Strada Armoniei","door":"yes","entrance":"main"},"redundant":true}},{"type":"Feature","geometry":{"type":"Point","coordinates":[24.5817157,46.5377198]},"properties":{"id":"n12605012067","label":"","label_key":"addr:housenumber","entrance":"main","building_id":"w1361522103","link":"outline","dist_m":0.0,"housenumber":"27","wheelchair":null,"tags":{"addr:city":"Târgu Mureș","addr:housenumber":"27","addr:postcode":"540477","addr:street":"Strada Armoniei","door":"yes","entrance":"main"},"redundant":true}},{"type":"Feature","geometry":{"type":"Point","coordinates":[24.5813517,46.5378502]},"properties":{"id":"n12605012075","label":"","label_key":"addr:housenumber","entrance":"main","building_id":"w1361522104","link":"outline","dist_m":0.0,"housenumber":"29","wheelchair":null,"tags":{"addr:city":"Târgu Mureș","addr:housenumber":"29","addr:postcode":"540477","addr:street":"Strada Armoniei","door":"yes","entrance":"main"},"redundant":true}},{"type":"Feature","geometry":{"type":"Point","coordinates":[24.5773769,46.5385553]},"properties":{"id":"n12685224334","label":"nr. 11B","label_key":"addr:housenumber","entrance":"main","building_id":"w1369724964","link":"outline","dist_m":0.0,"housenumber":"11B","wheelchair":null,"tags":{"addr:city":"Târgu Mureș","addr:housenumber":"11B","addr:postcode":"540447","addr:street":"Strada Brașovului","door":"yes","entrance":"main"}}},{"type":"Feature","geometry":{"type":"Point","coordinates":[24.5763336,46.5385256]},"properties":{"id":"n12685224337","label":"nr. 9B","label_key":"addr:housenumber","entrance":"main","building_id":"r1306971","link":"inside","dist_m":0.0,"housenumber":"9B","wheelchair":null,"tags":{"addr:city":"Târgu Mureș","addr:housenumber":"9B","addr:postcode":"540447","addr:street":"Strada Brașovului","door":"yes","entrance":"main"}}},{"type":"Feature","geometry":{"type":"Point","coordinates":[24.584914,46.5342549]},"properties":{"id":"n986666743","label":"nr. 188","label_key":"addr:housenumber","entrance":"yes","building_id":null,"link":null,"dist_m":null,"housenumber":"188","wheelchair":null,"tags":{"addr:city":"Târgu Mureș","addr:housenumber":"188","addr:street":"Bulevardul 1 Decembrie 1918","entrance":"yes"}}},{"type":"Feature","geometry":{"type":"Point","coordinates":[24.587833,46.5341924]},"properties":{"id":"n991555185","label":"nr. 36","label_key":"addr:housenumber","entrance":"yes","building_id":null,"link":null,"dist_m":null,"housenumber":"36","wheelchair":null,"tags":{"addr:city":"Târgu Mureș","addr:housenumber":"36","addr:street":"Strada Muncii","entrance":"yes"}}},{"type":"Feature","geometry":{"type":"Point","coordinates":[24.5866758,46.5347073]},"properties":{"id":"n991555218","label":"nr. 24","label_key":"addr:housenumber","entrance":"yes","building_id":null,"link":null,"dist_m":null,"housenumber":"24","wheelchair":null,"tags":{"addr:city":"Târgu Mureș","addr:housenumber":"24","addr:street":"Strada Muncii","entrance":"yes"}}},{"type":"Feature","geometry":{"type":"Point","coordinates":[24.5855075,46.5352231]},"properties":{"id":"n991555235","label":"nr. 12","label_key":"addr:housenumber","entrance":"yes","building_id":null,"link":null,"dist_m":null,"housenumber":"12","wheelchair":null,"tags":{"addr:city":"Târgu Mureș","addr:housenumber":"12","addr:street":"Strada Muncii","entrance":"yes"}}},{"type":"Feature","geometry":{"type":"Point","coordinates":[24.588429,46.5339168]},"properties":{"id":"n991555245","label":"nr. 40","label_key":"addr:housenumber","entrance":"yes","building_id":null,"link":null,"dist_m":null,"housenumber":"40","wheelchair":null,"tags":{"addr:city":"Târgu Mureș","addr:housenumber":"40","addr:street":"Strada Muncii","entrance":"yes"}}},{"type":"Feature","geometry":{"type":"Point","coordinates":[24.5838856,46.5362244]},"properties":{"id":"n991555268","label":"nr. 2","label_key":"addr:housenumber","entrance":"yes","building_id":"w88056499","link":"outline","dist_m":0.0,"housenumber":"2","wheelchair":null,"tags":{"addr:city":"Târgu Mureș","addr:housenumber":"2","addr:postcode":"540477","addr:street":"Strada Armoniei","entrance":"yes"}}},{"type":"Feature","geometry":{"type":"Point","coordinates":[24.5849421,46.5354607]},"properties":{"id":"n991555278","label":"nr. 6","label_key":"addr:housenumber","entrance":"yes","building_id":null,"link":null,"dist_m":null,"housenumber":"6","wheelchair":null,"tags":{"addr:city":"Târgu Mureș","addr:housenumber":"6","addr:street":"Strada Muncii","entrance":"yes"}}},{"type":"Feature","geometry":{"type":"Point","coordinates":[24.5872617,46.534433]},"properties":{"id":"n991555285","label":"nr. 30","label_key":"addr:housenumber","entrance":"yes","building_id":null,"link":null,"dist_m":null,"housenumber":"30","wheelchair":null,"tags":{"addr:city":"Târgu Mureș","addr:housenumber":"30","addr:street":"Strada Muncii","entrance":"yes"}}},{"type":"Feature","geometry":{"type":"Point","coordinates":[24.5845615,46.53559]},"properties":{"id":"n991555308","label":"nr. 4","label_key":"addr:housenumber","entrance":"yes","building_id":null,"link":null,"dist_m":null,"housenumber":"4","wheelchair":null,"tags":{"addr:city":"Târgu Mureș","addr:housenumber":"4","addr:street":"Strada Muncii","entrance":"yes"}}},{"type":"Feature","geometry":{"type":"Point","coordinates":[24.5861001,46.5349486]},"properties":{"id":"n991555312","label":"nr. 18","label_key":"addr:housenumber","entrance":"yes","building_id":null,"link":null,"dist_m":null,"housenumber":"18","wheelchair":null,"tags":{"addr:city":"Târgu Mureș","addr:housenumber":"18","addr:street":"Strada Muncii","entrance":"yes"}}},{"type":"Feature","geometry":{"type":"Point","coordinates":[24.5874084,46.5345815]},"properties":{"id":"n993738446","label":"nr. 19","label_key":"addr:housenumber","entrance":"yes","building_id":null,"link":null,"dist_m":null,"housenumber":"19","wheelchair":null,"tags":{"addr:city":"Târgu Mureș","addr:housenumber":"19","addr:street":"Strada Muncii","entrance":"yes"}}},{"type":"Feature","geometry":{"type":"Point","coordinates":[24.5868353,46.5345295]},"properties":{"id":"n993738453","label":"nr. 28","label_key":"addr:housenumber","entrance":"yes","building_id":null,"link":null,"dist_m":null,"housenumber":"28","wheelchair":null,"tags":{"addr:city":"Târgu Mureș","addr:housenumber":"28","addr:street":"Strada Muncii","entrance":"yes"}}},{"type":"Feature","geometry":{"type":"Point","coordinates":[24.5859578,46.5352223]},"properties":{"id":"n993738470","label":"nr. 13","label_key":"addr:housenumber","entrance":"yes","building_id":null,"link":null,"dist_m":null,"housenumber":"13","wheelchair":null,"tags":{"addr:city":"Târgu Mureș","addr:housenumber":"13","addr:street":"Strada Muncii","entrance":"yes"}}},{"type":"Feature","geometry":{"type":"Point","coordinates":[24.5885529,46.5340498]},"properties":{"id":"n993738483","label":"nr. 29","label_key":"addr:housenumber","entrance":"yes","building_id":null,"link":null,"dist_m":null,"housenumber":"29","wheelchair":null,"tags":{"addr:city":"Târgu Mureș","addr:housenumber":"29","addr:street":"Strada Muncii","entrance":"yes"}}},{"type":"Feature","geometry":{"type":"Point","coordinates":[24.5880628,46.5342929]},"properties":{"id":"n993738498","label":"nr. 25","label_key":"addr:housenumber","entrance":"yes","building_id":null,"link":null,"dist_m":null,"housenumber":"25","wheelchair":null,"tags":{"addr:city":"Târgu Mureș","addr:housenumber":"25","addr:street":"Strada Muncii","entrance":"yes"}}},{"type":"Feature","geometry":{"type":"Point","coordinates":[24.5852244,46.5356846]},"properties":{"id":"n993738502","label":"nr. 5","label_key":"addr:housenumber","entrance":"yes","building_id":null,"link":null,"dist_m":null,"housenumber":"5","wheelchair":null,"tags":{"addr:city":"Târgu Mureș","addr:housenumber":"5","addr:street":"Strada Muncii","entrance":"yes"}}},{"type":"Feature","geometry":{"type":"Point","coordinates":[24.5880005,46.5340107]},"properties":{"id":"n993738504","label":"nr. 38","label_key":"addr:housenumber","entrance":"yes","building_id":null,"link":null,"dist_m":null,"housenumber":"38","wheelchair":null,"tags":{"addr:city":"Târgu Mureș","addr:housenumber":"38","addr:street":"Strada Muncii","entrance":"yes"}}},{"type":"Feature","geometry":{"type":"Point","coordinates":[24.5854704,46.5348569]},"properties":{"id":"n993738514","label":"nr. 14","label_key":"addr:housenumber","entrance":"yes","building_id":null,"link":null,"dist_m":null,"housenumber":"14","wheelchair":null,"tags":{"addr:city":"Târgu Mureș","addr:housenumber":"14","addr:street":"Strada Muncii","entrance":"yes"}}},{"type":"Feature","geometry":{"type":"Point","coordinates":[24.5883986,46.5342501]},"properties":{"id":"n993738515","label":"nr. 27","label_key":"addr:housenumber","entrance":"yes","building_id":null,"link":null,"dist_m":null,"housenumber":"27","wheelchair":null,"tags":{"addr:city":"Târgu Mureș","addr:housenumber":"27","addr:street":"Strada Muncii","entrance":"yes"}}},{"type":"Feature","geometry":{"type":"Point","coordinates":[24.5863531,46.5351534]},"properties":{"id":"n993738517","label":"nr. 15","label_key":"addr:housenumber","entrance":"yes","building_id":null,"link":null,"dist_m":null,"housenumber":"15","wheelchair":null,"tags":{"addr:city":"Târgu Mureș","addr:housenumber":"15","addr:street":"Strada Muncii","entrance":"yes"}}},{"type":"Feature","geometry":{"type":"Point","coordinates":[24.5845783,46.5357984]},"properties":{"id":"n993738525","label":"nr. 1","label_key":"addr:housenumber","entrance":"yes","building_id":null,"link":null,"dist_m":null,"housenumber":"1","wheelchair":null,"tags":{"addr:city":"Târgu Mureș","addr:housenumber":"1","addr:street":"Strada Muncii","entrance":"yes"}}},{"type":"Feature","geometry":{"type":"Point","coordinates":[24.586725,46.5344011]},"properties":{"id":"n993738531","label":"nr. 26","label_key":"addr:housenumber","entrance":"yes","building_id":null,"link":null,"dist_m":null,"housenumber":"26","wheelchair":null,"tags":{"addr:city":"Târgu Mureș","addr:housenumber":"26","addr:street":"Strada Muncii","entrance":"yes"}}},{"type":"Feature","geometry":{"type":"Point","coordinates":[24.5853657,46.5354835]},"properties":{"id":"n993738541","label":"nr. 7","label_key":"addr:housenumber","entrance":"yes","building_id":null,"link":null,"dist_m":null,"housenumber":"7","wheelchair":null,"tags":{"addr:city":"Târgu Mureș","addr:housenumber":"7","addr:street":"Strada Muncii","entrance":"yes"}}},{"type":"Feature","geometry":{"type":"Point","coordinates":[24.5844091,46.5354486]},"properties":{"id":"n993738548","label":"nr. 2","label_key":"addr:housenumber","entrance":"yes","building_id":null,"link":null,"dist_m":null,"housenumber":"2","wheelchair":null,"tags":{"addr:city":"Târgu Mureș","addr:housenumber":"2","addr:street":"Strada Muncii","entrance":"yes"}}},{"type":"Feature","geometry":{"type":"Point","coordinates":[24.5856778,46.5350349]},"properties":{"id":"n993738555","label":"nr. 16","label_key":"addr:housenumber","entrance":"yes","building_id":null,"link":null,"dist_m":null,"housenumber":"16","wheelchair":null,"tags":{"addr:city":"Târgu Mureș","addr:housenumber":"16","addr:street":"Strada Muncii","entrance":"yes"}}},{"type":"Feature","geometry":{"type":"Point","coordinates":[24.5848061,46.5357358]},"properties":{"id":"n993738561","label":"nr. 3","label_key":"addr:housenumber","entrance":"yes","building_id":null,"link":null,"dist_m":null,"housenumber":"3","wheelchair":null,"tags":{"addr:city":"Târgu Mureș","addr:housenumber":"3","addr:street":"Strada Muncii","entrance":"yes"}}},{"type":"Feature","geometry":{"type":"Point","coordinates":[24.5870559,46.5340179]},"properties":{"id":"n1003977828","label":"nr. 241","label_key":"addr:housenumber","entrance":"yes","building_id":null,"link":null,"dist_m":null,"housenumber":"241","wheelchair":null,"tags":{"addr:city":"Târgu Mureș","addr:housenumber":"241","addr:street":"Bulevardul 1 Decembrie 1918","entrance":"yes"}}},{"type":"Feature","geometry":{"type":"Point","coordinates":[24.5860174,46.5341128]},"properties":{"id":"n1003977833","label":"nr. 235","label_key":"addr:housenumber","entrance":"yes","building_id":null,"link":null,"dist_m":null,"housenumber":"235","wheelchair":null,"tags":{"addr:city":"Târgu Mureș","addr:housenumber":"235","addr:street":"Bulevardul 1 Decembrie 1918","entrance":"yes"}}},{"type":"Feature","geometry":{"type":"Point","coordinates":[24.584737,46.5349589]},"properties":{"id":"n1003977837","label":"nr. 223","label_key":"addr:housenumber","entrance":"yes","building_id":null,"link":null,"dist_m":null,"housenumber":"223","wheelchair":null,"tags":{"addr:city":"Târgu Mureș","addr:housenumber":"223","addr:street":"Bulevardul 1 Decembrie 1918","entrance":"yes"}}},{"type":"Feature","geometry":{"type":"Point","coordinates":[24.586344,46.5339932]},"properties":{"id":"n1003977862","label":"nr. 237","label_key":"addr:housenumber","entrance":"yes","building_id":null,"link":null,"dist_m":null,"housenumber":"237","wheelchair":null,"tags":{"addr:city":"Târgu Mureș","addr:housenumber":"237","addr:street":"Bulevardul 1 Decembrie 1918","entrance":"yes"}}},{"type":"Feature","geometry":{"type":"Point","coordinates":[24.5857379,46.5343221]},"properties":{"id":"n1003977863","label":"nr. 231","label_key":"addr:housenumber","entrance":"yes","building_id":null,"link":null,"dist_m":null,"housenumber":"231","wheelchair":null,"tags":{"addr:city":"Târgu Mureș","addr:housenumber":"231","addr:street":"Bulevardul 1 Decembrie 1918","entrance":"yes"}}},{"type":"Feature","geometry":{"type":"Point","coordinates":[24.5838993,46.5350998]},"properties":{"id":"n1003977876","label":"nr. 219","label_key":"addr:housenumber","entrance":"yes","building_id":null,"link":null,"dist_m":null,"housenumber":"219","wheelchair":null,"tags":{"addr:city":"Târgu Mureș","addr:housenumber":"219","addr:street":"Bulevardul 1 Decembrie 1918","entrance":"yes"}}},{"type":"Feature","geometry":{"type":"Point","coordinates":[24.5846955,46.5346757]},"properties":{"id":"n1003977892","label":"nr. 225","label_key":"addr:housenumber","entrance":"yes","building_id":null,"link":null,"dist_m":null,"housenumber":"225","wheelchair":null,"tags":{"addr:city":"Târgu Mureș","addr:housenumber":"225","addr:street":"Bulevardul 1 Decembrie 1918","entrance":"yes"}}},{"type":"Feature","geometry":{"type":"Point","coordinates":[24.5853108,46.5344035]},"properties":{"id":"n1003977901","label":"nr. 229","label_key":"addr:housenumber","entrance":"yes","building_id":null,"link":null,"dist_m":null,"housenumber":"229","wheelchair":null,"tags":{"addr:city":"Târgu Mureș","addr:housenumber":"229","addr:street":"Bulevardul 1 Decembrie 1918","entrance":"yes"}}},{"type":"Feature","geometry":{"type":"Point","coordinates":[24.5843562,46.5350159]},"properties":{"id":"n1003977912","label":"nr. 221","label_key":"addr:housenumber","entrance":"yes","building_id":null,"link":null,"dist_m":null,"housenumber":"221","wheelchair":null,"tags":{"addr:city":"Târgu Mureș","addr:housenumber":"221","addr:street":"Bulevardul 1 Decembrie 1918","entrance":"yes"}}},{"type":"Feature","geometry":{"type":"Point","coordinates":[24.5867968,46.5339585]},"properties":{"id":"n1003977914","label":"nr. 239","label_key":"addr:housenumber","entrance":"yes","building_id":null,"link":null,"dist_m":null,"housenumber":"239","wheelchair":null,"tags":{"addr:city":"Târgu Mureș","addr:housenumber":"239","addr:street":"Bulevardul 1 Decembrie 1918","entrance":"yes"}}},{"type":"Feature","geometry":{"type":"Point","coordinates":[24.5836509,46.5392251]},"properties":{"id":"n1023402039","label":"nr. 2","label_key":"addr:housenumber","entrance":"yes","building_id":"w88056467","link":"outline","dist_m":0.0,"housenumber":"2","wheelchair":null,"tags":{"addr:city":"Târgu Mureș","addr:housenumber":"2","addr:street":"Strada Prieteniei","entrance":"yes"}}},{"type":"Feature","geometry":{"type":"Point","coordinates":[24.5855434,46.5353773]},"properties":{"id":"n1038097059","label":"nr. 9","label_key":"addr:housenumber","entrance":"yes","building_id":null,"link":null,"dist_m":null,"housenumber":"9","wheelchair":null,"tags":{"addr:city":"Târgu Mureș","addr:housenumber":"9","addr:street":"Strada Muncii","entrance":"yes"}}},{"type":"Feature","geometry":{"type":"Point","coordinates":[24.5857409,46.5352907]},"properties":{"id":"n1038097060","label":"nr. 11","label_key":"addr:housenumber","entrance":"yes","building_id":null,"link":null,"dist_m":null,"housenumber":"11","wheelchair":null,"tags":{"addr:city":"Târgu Mureș","addr:housenumber":"11","addr:street":"Strada Muncii","entrance":"yes"}}},{"type":"Feature","geometry":{"type":"Point","coordinates":[24.5875889,46.534474]},"properties":{"id":"n1038097061","label":"nr. 21","label_key":"addr:housenumber","entrance":"yes","building_id":null,"link":null,"dist_m":null,"housenumber":"21","wheelchair":null,"tags":{"addr:city":"Târgu Mureș","addr:housenumber":"21","addr:street":"Strada Muncii","entrance":"yes"}}},{"type":"Feature","geometry":{"type":"Point","coordinates":[24.5887664,46.5339794]},"properties":{"id":"n1038097062","label":"nr. 31","label_key":"addr:housenumber","entrance":"yes","building_id":null,"link":null,"dist_m":null,"housenumber":"31","wheelchair":null,"tags":{"addr:city":"Târgu Mureș","addr:housenumber":"31","addr:street":"Strada Muncii","entrance":"yes"}}},{"type":"Feature","geometry":{"type":"Point","coordinates":[24.5850132,46.5345469]},"properties":{"id":"n1038097063","label":"nr. 227","label_key":"addr:housenumber","entrance":"yes","building_id":null,"link":null,"dist_m":null,"housenumber":"227","wheelchair":null,"tags":{"addr:city":"Târgu Mureș","addr:housenumber":"227","addr:street":"Bulevardul 1 Decembrie 1918","entrance":"yes"}}},{"type":"Feature","geometry":{"type":"Point","coordinates":[24.5876667,46.5342924]},"properties":{"id":"n1038097064","label":"nr. 34","label_key":"addr:housenumber","entrance":"yes","building_id":null,"link":null,"dist_m":null,"housenumber":"34","wheelchair":null,"tags":{"addr:city":"Târgu Mureș","addr:housenumber":"34","addr:street":"Strada Muncii","entrance":"yes"}}},{"type":"Feature","geometry":{"type":"Point","coordinates":[24.5853377,46.5353127]},"properties":{"id":"n1038097065","label":"nr. 10","label_key":"addr:housenumber","entrance":"yes","building_id":null,"link":null,"dist_m":null,"housenumber":"10","wheelchair":null,"tags":{"addr:city":"Târgu Mureș","addr:housenumber":"10","addr:street":"Strada Muncii","entrance":"yes"}}},{"type":"Feature","geometry":{"type":"Point","coordinates":[24.5864959,46.5348006]},"properties":{"id":"n1038097066","label":"nr. 22","label_key":"addr:housenumber","entrance":"yes","building_id":null,"link":null,"dist_m":null,"housenumber":"22","wheelchair":null,"tags":{"addr:city":"Târgu Mureș","addr:housenumber":"22","addr:street":"Strada Muncii","entrance":"yes"}}},{"type":"Feature","geometry":{"type":"Point","coordinates":[24.5886279,46.5338614]},"properties":{"id":"n1038097067","label":"nr. 42","label_key":"addr:housenumber","entrance":"yes","building_id":null,"link":null,"dist_m":null,"housenumber":"42","wheelchair":null,"tags":{"addr:city":"Târgu Mureș","addr:housenumber":"42","addr:street":"Strada Muncii","entrance":"yes"}}},{"type":"Feature","geometry":{"type":"Point","coordinates":[24.5851385,46.5354011]},"properties":{"id":"n1038097068","label":"nr. 8","label_key":"addr:housenumber","entrance":"yes","building_id":null,"link":null,"dist_m":null,"housenumber":"8","wheelchair":null,"tags":{"addr:city":"Târgu Mureș","addr:housenumber":"8","addr:street":"Strada Muncii","entrance":"yes"}}},{"type":"Feature","geometry":{"type":"Point","coordinates":[24.5862966,46.5348838]},"properties":{"id":"n1038097069","label":"nr. 20","label_key":"addr:housenumber","entrance":"yes","building_id":null,"link":null,"dist_m":null,"housenumber":"20","wheelchair":null,"tags":{"addr:city":"Târgu Mureș","addr:housenumber":"20","addr:street":"Strada Muncii","entrance":"yes"}}},{"type":"Feature","geometry":{"type":"Point","coordinates":[24.5889651,46.5338936]},"properties":{"id":"n1038097070","label":"nr. 33","label_key":"addr:housenumber","entrance":"yes","building_id":null,"link":null,"dist_m":null,"housenumber":"33","wheelchair":null,"tags":{"addr:city":"Târgu Mureș","addr:housenumber":"33","addr:street":"Strada Muncii","entrance":"yes"}}},{"type":"Feature","geometry":{"type":"Point","coordinates":[24.5874626,46.5343828]},"properties":{"id":"n1038097073","label":"nr. 32","label_key":"addr:housenumber","entrance":"yes","building_id":null,"link":null,"dist_m":null,"housenumber":"32","wheelchair":null,"tags":{"addr:city":"Târgu Mureș","addr:housenumber":"32","addr:street":"Strada Muncii","entrance":"yes"}}},{"type":"Feature","geometry":{"type":"Point","coordinates":[24.5877863,46.5343874]},"properties":{"id":"n1038097074","label":"nr. 23","label_key":"addr:housenumber","entrance":"yes","building_id":null,"link":null,"dist_m":null,"housenumber":"23","wheelchair":null,"tags":{"addr:city":"Târgu Mureș","addr:housenumber":"23","addr:street":"Strada Muncii","entrance":"yes"}}},{"type":"Feature","geometry":{"type":"Point","coordinates":[24.583341,46.53472]},"properties":{"id":"n1041364995","label":"nr. 116","label_key":"addr:housenumber","entrance":"yes","building_id":"w88079687","link":"outline","dist_m":0.0,"housenumber":"116","wheelchair":null,"tags":{"addr:city":"Târgu Mureș","addr:housenumber":"116","addr:street":"Bulevardul Pandurilor","entrance":"yes"}}},{"type":"Feature","geometry":{"type":"Point","coordinates":[24.5850694,46.5339983]},"properties":{"id":"n1041365005","label":"nr. 190","label_key":"addr:housenumber","entrance":"yes","building_id":null,"link":null,"dist_m":null,"housenumber":"190","wheelchair":null,"tags":{"addr:city":"Târgu Mureș","addr:housenumber":"190","addr:street":"Bulevardul 1 Decembrie 1918","entrance":"yes"}}},{"type":"Feature","geometry":{"type":"Point","coordinates":[24.5840996,46.5345326]},"properties":{"id":"n1041365037","label":"nr. 184","label_key":"addr:housenumber","entrance":"yes","building_id":"w88079687","link":"outline","dist_m":0.0,"housenumber":"184","wheelchair":null,"tags":{"addr:city":"Târgu Mureș","addr:housenumber":"184","addr:street":"Bulevardul 1 Decembrie 1918","entrance":"yes"}}},{"type":"Feature","geometry":{"type":"Point","coordinates":[24.5856094,46.5339801]},"properties":{"id":"n1041365043","label":"nr. 194","label_key":"addr:housenumber","entrance":"yes","building_id":null,"link":null,"dist_m":null,"housenumber":"194","wheelchair":null,"tags":{"addr:city":"Târgu Mureș","addr:housenumber":"194","addr:street":"Bulevardul 1 Decembrie 1918","entrance":"yes"}}},{"type":"Feature","geometry":{"type":"Point","coordinates":[24.5844182,46.5343985]},"properties":{"id":"n1041365159","label":"nr. 186","label_key":"addr:housenumber","entrance":"yes","building_id":null,"link":null,"dist_m":null,"housenumber":"186","wheelchair":null,"tags":{"addr:city":"Târgu Mureș","addr:housenumber":"186","addr:street":"Bulevardul 1 Decembrie 1918","entrance":"yes"}}},{"type":"Feature","geometry":{"type":"Point","coordinates":[24.5840001,46.535488]},"properties":{"id":"n1219049190","label":"nr. 2","label_key":"addr:housenumber","entrance":"yes","building_id":null,"link":null,"dist_m":null,"housenumber":"2","wheelchair":null,"tags":{"addr:city":"Târgu Mureș","addr:housenumber":"2","addr:street":"Strada Înfrățirii","entrance":"yes"}}},{"type":"Feature","geometry":{"type":"Point","coordinates":[24.583587,46.5365145]},"properties":{"id":"n1227209550","label":"nr. 6","label_key":"addr:housenumber","entrance":"yes","building_id":"w88056532","link":"outline","dist_m":0.0,"housenumber":"6","wheelchair":null,"tags":{"addr:city":"Târgu Mureș","addr:housenumber":"6","addr:postcode":"540477","addr:street":"Strada Armoniei","entrance":"yes"}}},{"type":"Feature","geometry":{"type":"Point","coordinates":[24.5838107,46.5366485]},"properties":{"id":"n1227209579","label":"nr. 4","label_key":"addr:housenumber","entrance":"yes","building_id":"w88056532","link":"outline","dist_m":0.0,"housenumber":"4","wheelchair":null,"tags":{"addr:city":"Târgu Mureș","addr:housenumber":"4","addr:postcode":"540477","addr:street":"Strada Armoniei","entrance":"yes"}}},{"type":"Feature","geometry":{"type":"Point","coordinates":[24.5832586,46.5366723]},"properties":{"id":"n1227209713","label":"nr. 8","label_key":"addr:housenumber","entrance":"yes","building_id":"w88056532","link":"outline","dist_m":0.0,"housenumber":"8","wheelchair":null,"tags":{"addr:city":"Târgu Mureș","addr:housenumber":"8","addr:postcode":"540477","addr:street":"Strada Armoniei","entrance":"yes"}}},{"type":"Feature","geometry":{"type":"Point","coordinates":[24.5830913,46.5368044]},"properties":{"id":"n1227209792","label":"nr. 10","label_key":"addr:housenumber","entrance":"yes","building_id":"w88056532","link":"outline","dist_m":0.0,"housenumber":"10","wheelchair":null,"tags":{"addr:city":"Târgu Mureș","addr:housenumber":"10","addr:postcode":"540477","addr:street":"Strada Armoniei","entrance":"yes"}}},{"type":"Feature","geometry":{"type":"Point","coordinates":[24.5829436,46.5369211]},"properties":{"id":"n1227209862","label":"nr. 12","label_key":"addr:housenumber","entrance":"yes","building_id":"w88056532","link":"outline","dist_m":0.0,"housenumber":"12","wheelchair":null,"tags":{"addr:city":"Târgu Mureș","addr:housenumber":"12","addr:postcode":"540477","addr:street":"Strada Armoniei","entrance":"yes"}}},{"type":"Feature","geometry":{"type":"Point","coordinates":[24.5826547,46.5339341]},"properties":{"id":"n2085676835","label":"nr. 108","label_key":"addr:housenumber","entrance":"yes","building_id":null,"link":null,"dist_m":null,"housenumber":"108","wheelchair":null,"tags":{"addr:city":"Târgu Mureș","addr:housenumber":"108","addr:street":"Bulevardul Pandurilor","entrance":"yes"}}},{"type":"Feature","geometry":{"type":"Point","coordinates":[24.5828788,46.5340935]},"properties":{"id":"n2085676840","label":"nr. 110","label_key":"addr:housenumber","entrance":"yes","building_id":null,"link":null,"dist_m":null,"housenumber":"110","wheelchair":null,"tags":{"addr:city":"Târgu Mureș","addr:housenumber":"110","addr:street":"Bulevardul Pandurilor","entrance":"yes"}}},{"type":"Feature","geometry":{"type":"Point","coordinates":[24.583154,46.5343069]},"properties":{"id":"n2320116023","label":"nr. 1","label_key":"addr:housenumber","entrance":"yes","building_id":"w88079687","link":"outline","dist_m":0.0,"housenumber":"1","wheelchair":null,"tags":{"addr:city":"Târgu Mureș","addr:housenumber":"1","addr:street":"Strada Sârguinței","entrance":"yes"}}},{"type":"Feature","geometry":{"type":"Point","coordinates":[24.5867203,46.5350358]},"properties":{"id":"n2459773030","label":"","label_key":null,"entrance":"yes","building_id":null,"link":null,"dist_m":null,"housenumber":null,"wheelchair":null,"tags":{"entrance":"yes"}}},{"type":"Feature","geometry":{"type":"Point","coordinates":[24.5879009,46.535235]},"properties":{"id":"n2459773034","label":"","label_key":null,"entrance":"yes","building_id":"w88107258","link":"outline","dist_m":0.0,"housenumber":null,"wheelchair":null,"tags":{"entrance":"yes"}}},{"type":"Feature","geometry":{"type":"Point","coordinates":[24.5882555,46.5354413]},"properties":{"id":"n2459773056","label":"","label_key":null,"entrance":"yes","building_id":"w88107258","link":"outline","dist_m":0.0,"housenumber":null,"wheelchair":null,"tags":{"entrance":"yes"}}},{"type":"Feature","geometry":{"type":"Point","coordinates":[24.5854858,46.5367511]},"properties":{"id":"n2459773193","label":"","label_key":"addr:housenumber","entrance":"yes","building_id":"w88254106","link":"outline","dist_m":0.0,"housenumber":"3","wheelchair":null,"tags":{"addr:city":"Târgu Mureș","addr:housenumber":"3","addr:street":"Strada Viitorului","entrance":"yes"},"redundant":true}},{"type":"Feature","geometry":{"type":"Point","coordinates":[24.5867024,46.5387116]},"properties":{"id":"n2466641414","label":"","label_key":null,"entrance":"yes","building_id":"w88265544","link":"nearest","dist_m":48.9,"housenumber":null,"wheelchair":null,"tags":{"entrance":"yes"}}},{"type":"Feature","geometry":{"type":"Point","coordinates":[24.5866393,46.5388516]},"properties":{"id":"n2466641429","label":"","label_key":null,"entrance":"yes","building_id":"w279697366","link":"nearest","dist_m":45.9,"housenumber":null,"wheelchair":null,"tags":{"entrance":"yes"}}},{"type":"Feature","geometry":{"type":"Point","coordinates":[24.5862893,46.5391095]},"properties":{"id":"n2466641457","label":"","label_key":null,"entrance":"yes","building_id":"w331058463","link":"nearest","dist_m":36.8,"housenumber":null,"wheelchair":null,"tags":{"entrance":"yes"}}},{"type":"Feature","geometry":{"type":"Point","coordinates":[24.5882236,46.5346809]},"properties":{"id":"n2470406484","label":"","label_key":null,"entrance":"yes","building_id":"w88107258","link":"nearest","dist_m":47.0,"housenumber":null,"wheelchair":null,"tags":{"entrance":"yes"}}},{"type":"Feature","geometry":{"type":"Point","coordinates":[24.5879526,46.5348943]},"properties":{"id":"n2470406491","label":"","label_key":null,"entrance":"yes","building_id":"w88107258","link":"nearest","dist_m":23.9,"housenumber":null,"wheelchair":null,"tags":{"entrance":"yes"}}},{"type":"Feature","geometry":{"type":"Point","coordinates":[24.5851359,46.5364469]},"properties":{"id":"n4873619606","label":"nr. 2","label_key":"addr:housenumber","entrance":"yes","building_id":"w88107274","link":"outline","dist_m":0.0,"housenumber":"2","wheelchair":null,"tags":{"addr:city":"Târgu Mureș","addr:housenumber":"2","addr:street":"Strada Viitorului","entrance":"yes"}}},{"type":"Feature","geometry":{"type":"Point","coordinates":[24.5856452,46.5364211]},"properties":{"id":"n4873619607","label":"nr. 4","label_key":"addr:housenumber","entrance":"yes","building_id":"w88107248","link":"outline","dist_m":0.0,"housenumber":"4","wheelchair":null,"tags":{"addr:city":"Târgu Mureș","addr:housenumber":"4","addr:street":"Strada Înfrățirii","entrance":"yes"}}},{"type":"Feature","geometry":{"type":"Point","coordinates":[24.585917,46.5362989]},"properties":{"id":"n4873619608","label":"nr. 6","label_key":"addr:housenumber","entrance":"yes","building_id":"w88107248","link":"outline","dist_m":0.0,"housenumber":"6","wheelchair":null,"tags":{"addr:city":"Târgu Mureș","addr:housenumber":"6","addr:street":"Strada Viitorului","entrance":"yes"}}},{"type":"Feature","geometry":{"type":"Point","coordinates":[24.5858149,46.5360408]},"properties":{"id":"n4873619609","label":"nr. 8","label_key":"addr:housenumber","entrance":"yes","building_id":"w88107248","link":"outline","dist_m":0.0,"housenumber":"8","wheelchair":null,"tags":{"addr:city":"Târgu Mureș","addr:housenumber":"8","addr:street":"Strada Viitorului","entrance":"yes"}}},{"type":"Feature","geometry":{"type":"Point","coordinates":[24.5856787,46.5358948]},"properties":{"id":"n4873619610","label":"nr. 10","label_key":"addr:housenumber","entrance":"yes","building_id":"w88107248","link":"outline","dist_m":0.0,"housenumber":"10","wheelchair":null,"tags":{"addr:city":"Târgu Mureș","addr:housenumber":"10","addr:street":"Strada Viitorului","entrance":"yes"}}},{"type":"Feature","geometry":{"type":"Point","coordinates":[24.5862061,46.5361657]},"properties":{"id":"n4873619611","label":"nr. 12","label_key":"addr:housenumber","entrance":"yes","building_id":"w88107332","link":"outline","dist_m":0.0,"housenumber":"12","wheelchair":null,"tags":{"addr:city":"Târgu Mureș","addr:housenumber":"12","addr:street":"Strada Viitorului","entrance":"yes"}}},{"type":"Feature","geometry":{"type":"Point","coordinates":[24.5864847,46.5360444]},"properties":{"id":"n4873619612","label":"nr. 14","label_key":"addr:housenumber","entrance":"yes","building_id":"w88107332","link":"outline","dist_m":0.0,"housenumber":"14","wheelchair":null,"tags":{"addr:city":"Târgu Mureș","addr:housenumber":"14","addr:street":"Strada Viitorului","entrance":"yes"}}},{"type":"Feature","geometry":{"type":"Point","coordinates":[24.5863673,46.5357699]},"properties":{"id":"n4873619613","label":"nr. 16","label_key":"addr:housenumber","entrance":"yes","building_id":"w88107332","link":"outline","dist_m":0.0,"housenumber":"16","wheelchair":null,"tags":{"addr:city":"Târgu Mureș","addr:housenumber":"16","addr:street":"Strada Viitorului","entrance":"yes"}}},{"type":"Feature","geometry":{"type":"Point","coordinates":[24.5862473,46.5356412]},"properties":{"id":"n4873619614","label":"nr. 18","label_key":"addr:housenumber","entrance":"yes","building_id":"w88107332","link":"outline","dist_m":0.0,"housenumber":"18","wheelchair":null,"tags":{"addr:city":"Târgu Mureș","addr:housenumber":"18","addr:street":"Strada Viitorului","entrance":"yes"}}},{"type":"Feature","geometry":{"type":"Point","coordinates":[24.585962,46.5365909]},"properties":{"id":"n4873619615","label":"nr. 5","label_key":"addr:housenumber","entrance":"yes","building_id":"w88254119","link":"outline","dist_m":0.0,"housenumber":"5","wheelchair":null,"tags":{"addr:city":"Târgu Mureș","addr:housenumber":"5","addr:street":"Strada Viitorului","entrance":"yes"}}},{"type":"Feature","geometry":{"type":"Point","coordinates":[24.5860995,46.5367395]},"properties":{"id":"n4873619616","label":"nr. 7","label_key":"addr:housenumber","entrance":"yes","building_id":"w88254119","link":"outline","dist_m":0.0,"housenumber":"7","wheelchair":null,"tags":{"addr:city":"Târgu Mureș","addr:housenumber":"7","addr:street":"Strada Viitorului","entrance":"yes"}}},{"type":"Feature","geometry":{"type":"Point","coordinates":[24.5864187,46.5367308]},"properties":{"id":"n4873619617","label":"nr. 9","label_key":"addr:housenumber","entrance":"yes","building_id":"w88254122","link":"outline","dist_m":0.0,"housenumber":"9","wheelchair":null,"tags":{"addr:city":"Târgu Mureș","addr:housenumber":"9","addr:street":"Strada Viitorului","entrance":"yes"}}},{"type":"Feature","geometry":{"type":"Point","coordinates":[24.5866383,46.5366293]},"properties":{"id":"n4873619618","label":"nr. 11","label_key":"addr:housenumber","entrance":"yes","building_id":"w88254122","link":"outline","dist_m":0.0,"housenumber":"11","wheelchair":null,"tags":{"addr:city":"Târgu Mureș","addr:housenumber":"11","addr:street":"Strada Viitorului","entrance":"yes"}}},{"type":"Feature","geometry":{"type":"Point","coordinates":[24.5862712,46.5363496]},"properties":{"id":"n4873619619","label":"nr. 13","label_key":"addr:housenumber","entrance":"yes","building_id":"w88254114","link":"outline","dist_m":0.0,"housenumber":"13","wheelchair":null,"tags":{"addr:city":"Târgu Mureș","addr:housenumber":"13","addr:street":"Strada Viitorului","entrance":"yes"}}},{"type":"Feature","geometry":{"type":"Point","coordinates":[24.5869331,46.5364419]},"properties":{"id":"n4873619721","label":"nr. 17","label_key":"addr:housenumber","entrance":"yes","building_id":"w88254147","link":"outline","dist_m":0.0,"housenumber":"17","wheelchair":null,"tags":{"addr:city":"Târgu Mureș","addr:housenumber":"17","addr:street":"Strada Viitorului","entrance":"yes"}}},{"type":"Feature","geometry":{"type":"Point","coordinates":[24.5871527,46.5363405]},"properties":{"id":"n4873619722","label":"nr. 19","label_key":"addr:housenumber","entrance":"yes","building_id":"w88254147","link":"outline","dist_m":0.0,"housenumber":"19","wheelchair":null,"tags":{"addr:city":"Târgu Mureș","addr:housenumber":"19","addr:street":"Strada Viitorului","entrance":"yes"}}},{"type":"Feature","geometry":{"type":"Point","coordinates":[24.5866669,46.5362695]},"properties":{"id":"n4873619723","label":"nr. 15","label_key":"addr:housenumber","entrance":"yes","building_id":"w88254114","link":"outline","dist_m":0.0,"housenumber":"15","wheelchair":null,"tags":{"addr:city":"Târgu Mureș","addr:housenumber":"15","addr:street":"Strada Viitorului","entrance":"yes"}}},{"type":"Feature","geometry":{"type":"Point","coordinates":[24.5869146,46.5360624]},"properties":{"id":"n4873619724","label":"nr. 21","label_key":"addr:housenumber","entrance":"yes","building_id":"w88254120","link":"outline","dist_m":0.0,"housenumber":"21","wheelchair":null,"tags":{"addr:city":"Târgu Mureș","addr:housenumber":"21","addr:postcode":"540560","addr:street":"Strada Viitorului","entrance":"yes"}}},{"type":"Feature","geometry":{"type":"Point","coordinates":[24.5873099,46.5359824]},"properties":{"id":"n4873619725","label":"nr. 23","label_key":"addr:housenumber","entrance":"yes","building_id":"w88254120","link":"outline","dist_m":0.0,"housenumber":"23","wheelchair":null,"tags":{"addr:city":"Târgu Mureș","addr:housenumber":"23","addr:street":"Strada Viitorului","entrance":"yes"}}},{"type":"Feature","geometry":{"type":"Point","coordinates":[24.5875668,46.5357721]},"properties":{"id":"n4873619726","label":"nr. 25","label_key":"addr:housenumber","entrance":"yes","building_id":"w88254135","link":"outline","dist_m":0.0,"housenumber":"25","wheelchair":null,"tags":{"addr:city":"Târgu Mureș","addr:housenumber":"25","addr:postcode":"540560","addr:street":"Strada Viitorului","entrance":"yes"}}},{"type":"Feature","geometry":{"type":"Point","coordinates":[24.5879601,46.535693]},"properties":{"id":"n4873690796","label":"nr. 3","label_key":"addr:housenumber","entrance":"yes","building_id":"w88254135","link":"outline","dist_m":0.0,"housenumber":"3","wheelchair":null,"tags":{"addr:city":"Târgu Mureș","addr:housenumber":"3","addr:postcode":"540560","addr:street":"Strada Progresului","entrance":"yes"}}},{"type":"Feature","geometry":{"type":"Point","coordinates":[24.5881861,46.5359066]},"properties":{"id":"n4873690797","label":"nr. 5","label_key":"addr:housenumber","entrance":"yes","building_id":"w88254110","link":"outline","dist_m":0.0,"housenumber":"5","wheelchair":null,"tags":{"addr:city":"Târgu Mureș","addr:housenumber":"5","addr:postcode":"540560","addr:street":"Strada Progresului","entrance":"yes"}}},{"type":"Feature","geometry":{"type":"Point","coordinates":[24.5883193,46.5361974]},"properties":{"id":"n4873690798","label":"nr. 7","label_key":"addr:housenumber","entrance":"yes","building_id":"w88254110","link":"outline","dist_m":0.0,"housenumber":"7","wheelchair":null,"tags":{"addr:city":"Târgu Mureș","addr:housenumber":"7","addr:postcode":"540560","addr:street":"Strada Progresului","entrance":"yes"}}},{"type":"Feature","geometry":{"type":"Point","coordinates":[24.5880549,46.5363157]},"properties":{"id":"n4873690799","label":"nr. 9","label_key":"addr:housenumber","entrance":"yes","building_id":"w88254110","link":"outline","dist_m":0.0,"housenumber":"9","wheelchair":null,"tags":{"addr:city":"Târgu Mureș","addr:housenumber":"9","addr:postcode":"540560","addr:street":"Strada Progresului","entrance":"yes"}}},{"type":"Feature","geometry":{"type":"Point","coordinates":[24.5878207,46.5363984]},"properties":{"id":"n4873690800","label":"nr. 11","label_key":"addr:housenumber","entrance":"yes","building_id":"w88254110","link":"outline","dist_m":0.0,"housenumber":"11","wheelchair":null,"tags":{"addr:city":"Târgu Mureș","addr:housenumber":"11","addr:postcode":"540560","addr:street":"Strada Progresului","entrance":"yes"}}},{"type":"Feature","geometry":{"type":"Point","coordinates":[24.5876434,46.5364789]},"properties":{"id":"n4873690801","label":"nr. 13","label_key":"addr:housenumber","entrance":"yes","building_id":"w88254110","link":"outline","dist_m":0.0,"housenumber":"13","wheelchair":null,"tags":{"addr:city":"Târgu Mureș","addr:housenumber":"13","addr:postcode":"540560","addr:street":"Strada Progresului","entrance":"yes"}}},{"type":"Feature","geometry":{"type":"Point","coordinates":[24.5845466,46.5361083]},"properties":{"id":"n4874366791","label":"nr. 6","label_key":"addr:housenumber","entrance":"yes","building_id":"w88107274","link":"outline","dist_m":0.0,"housenumber":"6","wheelchair":null,"tags":{"addr:city":"Târgu Mureș","addr:housenumber":"6","addr:street":"Strada Înfrățirii","entrance":"yes"}}},{"type":"Feature","geometry":{"type":"Point","coordinates":[24.5847281,46.5363423]},"properties":{"id":"n4874366792","label":"nr. 8","label_key":"addr:housenumber","entrance":"yes","building_id":"w88107274","link":"outline","dist_m":0.0,"housenumber":"8","wheelchair":null,"tags":{"addr:city":"Târgu Mureș","addr:housenumber":"8","addr:street":"Strada Înfrățirii","entrance":"yes"}}},{"type":"Feature","geometry":{"type":"Point","coordinates":[24.5842162,46.5361358]},"properties":{"id":"n4874366793","label":"nr. 7","label_key":"addr:housenumber","entrance":"yes","building_id":"w88056499","link":"outline","dist_m":0.0,"housenumber":"7","wheelchair":null,"tags":{"addr:city":"Târgu Mureș","addr:housenumber":"7","addr:postcode":"540559","addr:street":"Strada Înfrățirii","entrance":"yes"}}},{"type":"Feature","geometry":{"type":"Point","coordinates":[24.5843174,46.5364354]},"properties":{"id":"n4874366795","label":"nr. 9","label_key":"addr:housenumber","entrance":"yes","building_id":null,"link":null,"dist_m":null,"housenumber":"9","wheelchair":null,"tags":{"addr:city":"Târgu Mureș","addr:housenumber":"9","addr:postcode":"540559","addr:street":"Strada Înfrățirii","entrance":"yes"}}},{"type":"Feature","geometry":{"type":"Point","coordinates":[24.5843481,46.5366048]},"properties":{"id":"n4874366796","label":"nr. 11","label_key":"addr:housenumber","entrance":"yes","building_id":null,"link":null,"dist_m":null,"housenumber":"11","wheelchair":null,"tags":{"addr:city":"Târgu Mureș","addr:housenumber":"11","addr:postcode":"540559","addr:street":"Strada Înfrățirii","entrance":"yes"}}},{"type":"Feature","geometry":{"type":"Point","coordinates":[24.584285,46.5369161]},"properties":{"id":"n4874366797","label":"nr. 13","label_key":"addr:housenumber","entrance":"yes","building_id":null,"link":null,"dist_m":null,"housenumber":"13","wheelchair":null,"tags":{"addr:city":"Târgu Mureș","addr:housenumber":"13","addr:postcode":"540559","addr:street":"Strada Înfrățirii","entrance":"yes"}}},{"type":"Feature","geometry":{"type":"Point","coordinates":[24.5842544,46.5371473]},"properties":{"id":"n4874366798","label":"nr. 15","label_key":"addr:housenumber","entrance":"yes","building_id":null,"link":null,"dist_m":null,"housenumber":"15","wheelchair":null,"tags":{"addr:city":"Târgu Mureș","addr:housenumber":"15","addr:postcode":"540559","addr:street":"Strada Înfrățirii","entrance":"yes"}}},{"type":"Feature","geometry":{"type":"Point","coordinates":[24.5841277,46.5375175]},"properties":{"id":"n4874366799","label":"nr. 17","label_key":"addr:housenumber","entrance":"yes","building_id":null,"link":null,"dist_m":null,"housenumber":"17","wheelchair":null,"tags":{"addr:city":"Târgu Mureș","addr:housenumber":"17","addr:postcode":"540559","addr:street":"Strada Înfrățirii","entrance":"yes"}}},{"type":"Feature","geometry":{"type":"Point","coordinates":[24.5846538,46.5375294]},"properties":{"id":"n4874366801","label":"nr. 16","label_key":"addr:housenumber","entrance":"yes","building_id":"w88254140","link":"outline","dist_m":0.0,"housenumber":"16","wheelchair":null,"tags":{"addr:city":"Târgu Mureș","addr:housenumber":"16","addr:postcode":"540560","addr:street":"Strada Înfrățirii","entrance":"yes"}}},{"type":"Feature","geometry":{"type":"Point","coordinates":[24.5846798,46.537217]},"properties":{"id":"n4874366802","label":"nr. 14","label_key":"addr:housenumber","entrance":"yes","building_id":"w88254140","link":"outline","dist_m":0.0,"housenumber":"14","wheelchair":null,"tags":{"addr:city":"Târgu Mureș","addr:housenumber":"14","addr:postcode":"540560","addr:street":"Strada Înfrățirii","entrance":"yes"}}},{"type":"Feature","geometry":{"type":"Point","coordinates":[24.584689,46.5369673]},"properties":{"id":"n4874366803","label":"nr. 12","label_key":"addr:housenumber","entrance":"yes","building_id":"w88254140","link":"outline","dist_m":0.0,"housenumber":"12","wheelchair":null,"tags":{"addr:city":"Târgu Mureș","addr:housenumber":"12","addr:postcode":"540560","addr:street":"Strada Înfrățirii","entrance":"yes"}}},{"type":"Feature","geometry":{"type":"Point","coordinates":[24.5848654,46.5366202]},"properties":{"id":"n4874366804","label":"nr. 10","label_key":"addr:housenumber","entrance":"yes","building_id":"w88254140","link":"outline","dist_m":0.0,"housenumber":"10","wheelchair":null,"tags":{"addr:city":"Târgu Mureș","addr:housenumber":"10","addr:postcode":"540560","addr:street":"Strada Înfrățirii","entrance":"yes"}}},{"type":"Feature","geometry":{"type":"Point","coordinates":[24.5837232,46.5388403]},"properties":{"id":"n4945720151","label":"nr. 1","label_key":"addr:housenumber","entrance":"yes","building_id":"w88056377","link":"outline","dist_m":0.0,"housenumber":"1","wheelchair":null,"tags":{"addr:city":"Târgu Mureș","addr:housenumber":"1","addr:street":"Strada Prieteniei","entrance":"yes"}}},{"type":"Feature","geometry":{"type":"Point","coordinates":[24.5834841,46.5388381]},"properties":{"id":"n4945720152","label":"nr. 3","label_key":"addr:housenumber","entrance":"yes","building_id":"w88056377","link":"outline","dist_m":0.0,"housenumber":"3","wheelchair":null,"tags":{"addr:city":"Târgu Mureș","addr:housenumber":"3","addr:street":"Strada Prieteniei","entrance":"yes"}}},{"type":"Feature","geometry":{"type":"Point","coordinates":[24.5831254,46.5387592]},"properties":{"id":"n4945720153","label":"nr. 5","label_key":"addr:housenumber","entrance":"yes","building_id":"w88056377","link":"outline","dist_m":0.0,"housenumber":"5","wheelchair":null,"tags":{"addr:city":"Târgu Mureș","addr:housenumber":"5","addr:street":"Strada Prieteniei","entrance":"yes"}}},{"type":"Feature","geometry":{"type":"Point","coordinates":[24.5827067,46.5388076]},"properties":{"id":"n4945720154","label":"nr. 9","label_key":"addr:housenumber","entrance":"yes","building_id":"w88056406","link":"outline","dist_m":0.0,"housenumber":"9","wheelchair":null,"tags":{"addr:city":"Târgu Mureș","addr:housenumber":"9","addr:street":"Strada Prieteniei","entrance":"yes"}}},{"type":"Feature","geometry":{"type":"Point","coordinates":[24.5836639,46.5390648]},"properties":{"id":"n4945720172","label":"nr. 4","label_key":"addr:housenumber","entrance":"yes","building_id":"w88056467","link":"outline","dist_m":0.0,"housenumber":"4","wheelchair":null,"tags":{"addr:city":"Târgu Mureș","addr:housenumber":"4","addr:street":"Strada Prieteniei","entrance":"yes"}}},{"type":"Feature","geometry":{"type":"Point","coordinates":[24.5827646,46.5389748]},"properties":{"id":"n4945720173","label":"nr. 10","label_key":"addr:housenumber","entrance":"yes","building_id":"w88056467","link":"outline","dist_m":0.0,"housenumber":"10","wheelchair":null,"tags":{"addr:city":"Târgu Mureș","addr:housenumber":"10","addr:street":"Strada Prieteniei","entrance":"yes"}}},{"type":"Feature","geometry":{"type":"Point","coordinates":[24.5833425,46.5389622]},"properties":{"id":"n4945720174","label":"nr. 6","label_key":"addr:housenumber","entrance":"yes","building_id":"w88056467","link":"outline","dist_m":0.0,"housenumber":"6","wheelchair":null,"tags":{"addr:city":"Târgu Mureș","addr:housenumber":"6","addr:street":"Strada Prieteniei","entrance":"yes"}}},{"type":"Feature","geometry":{"type":"Point","coordinates":[24.5830016,46.5389751]},"properties":{"id":"n4945720175","label":"nr. 8","label_key":"addr:housenumber","entrance":"yes","building_id":"w88056467","link":"outline","dist_m":0.0,"housenumber":"8","wheelchair":null,"tags":{"addr:city":"Târgu Mureș","addr:housenumber":"8","addr:street":"Strada Prieteniei","entrance":"yes"}}},{"type":"Feature","geometry":{"type":"Point","coordinates":[24.5856972,46.5381281]},"properties":{"id":"n4951573274","label":"nr. 18","label_key":"addr:housenumber","entrance":"yes","building_id":null,"link":null,"dist_m":null,"housenumber":"18","wheelchair":null,"tags":{"addr:city":"Târgu Mureș","addr:housenumber":"18","addr:street":"Strada Înfrățirii","entrance":"yes"}}},{"type":"Feature","geometry":{"type":"Point","coordinates":[24.5854982,46.5382303]},"properties":{"id":"n4951573275","label":"nr. 20","label_key":"addr:housenumber","entrance":"yes","building_id":null,"link":null,"dist_m":null,"housenumber":"20","wheelchair":null,"tags":{"addr:city":"Târgu Mureș","addr:housenumber":"20","addr:street":"Strada Înfrățirii","entrance":"yes"}}},{"type":"Feature","geometry":{"type":"Point","coordinates":[24.5853445,46.5383096]},"properties":{"id":"n4951573276","label":"nr. 22","label_key":"addr:housenumber","entrance":"yes","building_id":null,"link":null,"dist_m":null,"housenumber":"22","wheelchair":null,"tags":{"addr:city":"Târgu Mureș","addr:housenumber":"22","addr:street":"Strada Înfrățirii","entrance":"yes"}}},{"type":"Feature","geometry":{"type":"Point","coordinates":[24.5848499,46.5381969]},"properties":{"id":"n4951573277","label":"nr. 24","label_key":"addr:housenumber","entrance":"yes","building_id":"w88056508","link":"outline","dist_m":0.0,"housenumber":"24","wheelchair":null,"tags":{"addr:city":"Târgu Mureș","addr:housenumber":"24","addr:street":"Strada Înfrățirii","entrance":"yes"}}},{"type":"Feature","geometry":{"type":"Point","coordinates":[24.5845519,46.53833]},"properties":{"id":"n4951573278","label":"nr. 26","label_key":"addr:housenumber","entrance":"yes","building_id":"w88056508","link":"outline","dist_m":0.0,"housenumber":"26","wheelchair":null,"tags":{"addr:city":"Târgu Mureș","addr:housenumber":"26","addr:street":"Strada Înfrățirii","entrance":"yes"}}},{"type":"Feature","geometry":{"type":"Point","coordinates":[24.5845492,46.5385483]},"properties":{"id":"n4951573279","label":"nr. 28","label_key":"addr:housenumber","entrance":"yes","building_id":"w88056508","link":"outline","dist_m":0.0,"housenumber":"28","wheelchair":null,"tags":{"addr:city":"Târgu Mureș","addr:housenumber":"28","addr:street":"Strada Înfrățirii","entrance":"yes"}}},{"type":"Feature","geometry":{"type":"Point","coordinates":[24.5845984,46.5387664]},"properties":{"id":"n4951573280","label":"nr. 30","label_key":"addr:housenumber","entrance":"yes","building_id":"w88056508","link":"outline","dist_m":0.0,"housenumber":"30","wheelchair":null,"tags":{"addr:city":"Târgu Mureș","addr:housenumber":"30","addr:street":"Strada Înfrățirii","entrance":"yes"}}},{"type":"Feature","geometry":{"type":"Point","coordinates":[24.5846426,46.5389625]},"properties":{"id":"n4951573281","label":"nr. 32","label_key":"addr:housenumber","entrance":"yes","building_id":"w88056508","link":"outline","dist_m":0.0,"housenumber":"32","wheelchair":null,"tags":{"addr:city":"Târgu Mureș","addr:housenumber":"32","addr:street":"Strada Înfrățirii","entrance":"yes"}}},{"type":"Feature","geometry":{"type":"Point","coordinates":[24.5848172,46.5393159]},"properties":{"id":"n4951573282","label":"nr. 34","label_key":"addr:housenumber","entrance":"yes","building_id":"w88056569","link":"outline","dist_m":0.0,"housenumber":"34","wheelchair":null,"tags":{"addr:city":"Târgu Mureș","addr:housenumber":"34","addr:street":"Strada Înfrățirii","entrance":"yes"}}},{"type":"Feature","geometry":{"type":"Point","coordinates":[24.5850245,46.5394965]},"properties":{"id":"n4951573283","label":"nr. 36","label_key":"addr:housenumber","entrance":"yes","building_id":"w88056569","link":"outline","dist_m":0.0,"housenumber":"36","wheelchair":null,"tags":{"addr:city":"Târgu Mureș","addr:housenumber":"36","addr:street":"Strada Înfrățirii","entrance":"yes"}}},{"type":"Feature","geometry":{"type":"Point","coordinates":[24.58535,46.5394934]},"properties":{"id":"n4951573284","label":"nr. 59","label_key":"addr:housenumber","entrance":"yes","building_id":"w88056569","link":"outline","dist_m":0.0,"housenumber":"59","wheelchair":null,"tags":{"addr:city":"Târgu Mureș","addr:housenumber":"59","addr:street":"Strada Cutezanței","entrance":"yes"}}},{"type":"Feature","geometry":{"type":"Point","coordinates":[24.5856113,46.539418]},"properties":{"id":"n4951573285","label":"nr. 57","label_key":"addr:housenumber","entrance":"yes","building_id":"w88056569","link":"outline","dist_m":0.0,"housenumber":"57","wheelchair":null,"tags":{"addr:city":"Târgu Mureș","addr:housenumber":"57","addr:street":"Strada Cutezanței","entrance":"yes"}}},{"type":"Feature","geometry":{"type":"Point","coordinates":[24.5843843,46.5391599]},"properties":{"id":"n4951573286","label":"nr. 25","label_key":"addr:housenumber","entrance":"yes","building_id":null,"link":null,"dist_m":null,"housenumber":"25","wheelchair":null,"tags":{"addr:city":"Târgu Mureș","addr:housenumber":"25","addr:street":"Strada Înfrățirii","entrance":"yes"}}},{"type":"Feature","geometry":{"type":"Point","coordinates":[24.5844356,46.539333]},"properties":{"id":"n4951573287","label":"nr. 27","label_key":"addr:housenumber","entrance":"yes","building_id":null,"link":null,"dist_m":null,"housenumber":"27","wheelchair":null,"tags":{"addr:city":"Târgu Mureș","addr:housenumber":"27","addr:street":"Strada Înfrățirii","entrance":"yes"}}},{"type":"Feature","geometry":{"type":"Point","coordinates":[24.5841025,46.5383429]},"properties":{"id":"n4951573288","label":"nr. 19","label_key":"addr:housenumber","entrance":"yes","building_id":"w88056377","link":"outline","dist_m":0.0,"housenumber":"19","wheelchair":null,"tags":{"addr:city":"Târgu Mureș","addr:housenumber":"19","addr:street":"Strada Înfrățirii","entrance":"yes"}}},{"type":"Feature","geometry":{"type":"Point","coordinates":[24.584195,46.538553]},"properties":{"id":"n4951573289","label":"nr. 21","label_key":"addr:housenumber","entrance":"yes","building_id":"w88056377","link":"outline","dist_m":0.0,"housenumber":"21","wheelchair":null,"tags":{"addr:city":"Târgu Mureș","addr:housenumber":"21","addr:street":"Strada Înfrățirii","entrance":"yes"}}},{"type":"Feature","geometry":{"type":"Point","coordinates":[24.5840902,46.5387542]},"properties":{"id":"n4951573290","label":"nr. 23","label_key":"addr:housenumber","entrance":"yes","building_id":"w88056377","link":"outline","dist_m":0.0,"housenumber":"23","wheelchair":null,"tags":{"addr:city":"Târgu Mureș","addr:housenumber":"23","addr:street":"Strada Înfrățirii","entrance":"yes"}}},{"type":"Feature","geometry":{"type":"Point","coordinates":[24.5862995,46.5385981]},"properties":{"id":"n8283499709","label":"","label_key":null,"entrance":"yes","building_id":"w88254152","link":"nearest","dist_m":38.3,"housenumber":null,"wheelchair":"no","tags":{"entrance":"yes"}}},{"type":"Feature","geometry":{"type":"Point","coordinates":[24.5862577,46.5385572]},"properties":{"id":"n8283499710","label":"","label_key":null,"entrance":"yes","building_id":"w88254152","link":"nearest","dist_m":35.3,"housenumber":null,"wheelchair":"no","tags":{"entrance":"yes"}}},{"type":"Feature","geometry":{"type":"Point","coordinates":[24.5870079,46.5382929]},"properties":{"id":"n8545078993","label":"","label_key":"addr:housenumber","entrance":"main","building_id":"w88265544","link":"outline","dist_m":0.0,"housenumber":"38","wheelchair":null,"tags":{"addr:city":"Târgu Mureș","addr:housenumber":"38","addr:street":"Strada Rodniciei","entrance":"main"},"redundant":true}},{"type":"Feature","geometry":{"type":"Point","coordinates":[24.5872444,46.5385505]},"properties":{"id":"n8545101122","label":"nr. 49","label_key":"addr:housenumber","entrance":"main","building_id":null,"link":null,"dist_m":null,"housenumber":"49","wheelchair":null,"tags":{"addr:city":"Târgu Mureș","addr:housenumber":"49","addr:street":"Strada Cutezanței","entrance":"main"}}},{"type":"Feature","geometry":{"type":"Point","coordinates":[24.5876104,46.5384282]},"properties":{"id":"n8545101124","label":"nr. 47","label_key":"addr:housenumber","entrance":"main","building_id":null,"link":null,"dist_m":null,"housenumber":"47","wheelchair":null,"tags":{"addr:city":"Târgu Mureș","addr:housenumber":"47","addr:postcode":"540456","addr:postcode:source":"Date de la Poșta Română, publicate sub Licența pentru Guvernare Deschisă v1.0 la http://date.gov.ro/organization/posta-romana","addr:street":"Strada Cutezanței","entrance":"main"}}},{"type":"Feature","geometry":{"type":"Point","coordinates":[24.5878716,46.5382471]},"properties":{"id":"n8545101126","label":"nr. 45","label_key":"addr:housenumber","entrance":"main","building_id":null,"link":null,"dist_m":null,"housenumber":"45","wheelchair":null,"tags":{"addr:city":"Târgu Mureș","addr:housenumber":"45","addr:postcode":"540456","addr:postcode:source":"Date de la Poșta Română, publicate sub Licența pentru Guvernare Deschisă v1.0 la http://date.gov.ro/organization/posta-romana","addr:street":"Strada Cutezanței","entrance":"main"}}},{"type":"Feature","geometry":{"type":"Point","coordinates":[24.5880108,46.5381589]},"properties":{"id":"n8545101129","label":"nr. 43","label_key":"addr:housenumber","entrance":"main","building_id":null,"link":null,"dist_m":null,"housenumber":"43","wheelchair":null,"tags":{"addr:city":"Târgu Mureș","addr:housenumber":"43","addr:postcode":"540456","addr:postcode:source":"Date de la Poșta Română, publicate sub Licența pentru Guvernare Deschisă v1.0 la http://date.gov.ro/organization/posta-romana","addr:street":"Strada Cutezanței","entrance":"main"}}},{"type":"Feature","geometry":{"type":"Point","coordinates":[24.5883744,46.5380357]},"properties":{"id":"n8545101134","label":"nr. 41","label_key":"addr:housenumber","entrance":"main","building_id":null,"link":null,"dist_m":null,"housenumber":"41","wheelchair":null,"tags":{"addr:city":"Târgu Mureș","addr:housenumber":"41","addr:postcode":"540456","addr:postcode:source":"Date de la Poșta Română, publicate sub Licența pentru Guvernare Deschisă v1.0 la http://date.gov.ro/organization/posta-romana","addr:street":"Strada Cutezanței","entrance":"main"}}},{"type":"Feature","geometry":{"type":"Point","coordinates":[24.5886375,46.5378552]},"properties":{"id":"n8545101136","label":"nr. 39","label_key":"addr:housenumber","entrance":"main","building_id":null,"link":null,"dist_m":null,"housenumber":"39","wheelchair":null,"tags":{"addr:city":"Târgu Mureș","addr:housenumber":"39","addr:postcode":"540456","addr:postcode:source":"Date de la Poșta Română, publicate sub Licența pentru Guvernare Deschisă v1.0 la http://date.gov.ro/organization/posta-romana","addr:street":"Strada Cutezanței","entrance":"main"}}},{"type":"Feature","geometry":{"type":"Point","coordinates":[24.5887894,46.5377584]},"properties":{"id":"n8545101139","label":"nr. 37","label_key":"addr:housenumber","entrance":"main","building_id":null,"link":null,"dist_m":null,"housenumber":"37","wheelchair":null,"tags":{"addr:city":"Târgu Mureș","addr:housenumber":"37","addr:postcode":"540456","addr:postcode:source":"Date de la Poșta Română, publicate sub Licența pentru Guvernare Deschisă v1.0 la http://date.gov.ro/organization/posta-romana","addr:street":"Strada Cutezanței","entrance":"main"}}},{"type":"Feature","geometry":{"type":"Point","coordinates":[24.5845597,46.5339342]},"properties":{"id":"n10542595221","label":"nr. 11","label_key":"addr:housenumber","entrance":"yes","building_id":"w88079625","link":"outline","dist_m":0.0,"housenumber":"11","wheelchair":null,"tags":{"addr:city":"Târgu Mureș","addr:housenumber":"11","addr:street":"Strada Sârguinței","entrance":"yes"}}},{"type":"Feature","geometry":{"type":"Point","coordinates":[24.5839726,46.533863]},"properties":{"id":"n10542595222","label":"nr. 7","label_key":"addr:housenumber","entrance":"yes","building_id":"w88079625","link":"outline","dist_m":0.0,"housenumber":"7","wheelchair":null,"tags":{"addr:city":"Târgu Mureș","addr:housenumber":"7","addr:street":"Strada Sârguinței","entrance":"yes"}}},{"type":"Feature","geometry":{"type":"Point","coordinates":[24.5837921,46.5339414]},"properties":{"id":"n10542595223","label":"nr. 5","label_key":"addr:housenumber","entrance":"yes","building_id":"w88079625","link":"outline","dist_m":0.0,"housenumber":"5","wheelchair":null,"tags":{"addr:city":"Târgu Mureș","addr:housenumber":"5","addr:street":"Strada Sârguinței","entrance":"yes"}}},{"type":"Feature","geometry":{"type":"Point","coordinates":[24.5835987,46.5340419]},"properties":{"id":"n10542595224","label":"nr. 3","label_key":"addr:housenumber","entrance":"yes","building_id":"w88079625","link":"outline","dist_m":0.0,"housenumber":"3","wheelchair":null,"tags":{"addr:city":"Târgu Mureș","addr:housenumber":"3","addr:street":"Strada Sârguinței","entrance":"yes"}}},{"type":"Feature","geometry":{"type":"Point","coordinates":[24.5827136,46.5371082]},"properties":{"id":"n12604663055","label":"","label_key":"addr:housenumber","entrance":"main","building_id":"w1361503993","link":"outline","dist_m":0.0,"housenumber":"14","wheelchair":null,"tags":{"addr:city":"Târgu Mureș","addr:housenumber":"14","addr:postcode":"540477","addr:street":"Strada Armoniei","door":"yes","entrance":"main"},"redundant":true}},{"type":"Feature","geometry":{"type":"Point","coordinates":[24.5829205,46.5373665]},"properties":{"id":"n12604663062","label":"","label_key":"addr:housenumber","entrance":"main","building_id":"w1361503994","link":"outline","dist_m":0.0,"housenumber":"16","wheelchair":null,"tags":{"addr:city":"Târgu Mureș","addr:housenumber":"16","addr:postcode":"540477","addr:street":"Strada Armoniei","entrance":"main"},"redundant":true}},{"type":"Feature","geometry":{"type":"Point","coordinates":[24.583198,46.53744]},"properties":{"id":"n12604663066","label":"","label_key":"addr:housenumber","entrance":"main","building_id":"w1361503995","link":"outline","dist_m":0.0,"housenumber":"18","wheelchair":null,"tags":{"addr:city":"Târgu Mureș","addr:housenumber":"18","addr:postcode":"540477","addr:street":"Strada Armoniei","door":"yes","entrance":"main"},"redundant":true}},{"type":"Feature","geometry":{"type":"Point","coordinates":[24.5834498,46.5374781]},"properties":{"id":"n12605011541","label":"","label_key":"addr:housenumber","entrance":"main","building_id":"w1361522089","link":"outline","dist_m":0.0,"housenumber":"20","wheelchair":null,"tags":{"addr:city":"Târgu Mureș","addr:housenumber":"20","addr:postcode":"540477","addr:street":"Strada Armoniei","entrance":"main"},"redundant":true}},{"type":"Feature","geometry":{"type":"Point","coordinates":[24.5836714,46.5374887]},"properties":{"id":"n12605011558","label":"nr. 22","label_key":"addr:housenumber","entrance":"main","building_id":"w1361522090","link":"outline","dist_m":0.0,"housenumber":"22","wheelchair":null,"tags":{"addr:city":"Târgu Mureș","addr:housenumber":"22","addr:postcode":"540477","addr:street":"Strada Armoniei","door":"yes","entrance":"main"}}},{"type":"Feature","geometry":{"type":"Point","coordinates":[24.583803,46.5372086]},"properties":{"id":"n12605011560","label":"nr. 24","label_key":"addr:housenumber","entrance":"main","building_id":"w1361522090","link":"outline","dist_m":0.0,"housenumber":"24","wheelchair":null,"tags":{"addr:city":"Târgu Mureș","addr:housenumber":"24","addr:postcode":"540477","addr:street":"Strada Armoniei","door":"yes","entrance":"main"}}},{"type":"Feature","geometry":{"type":"Point","coordinates":[24.5833378,46.5359106]},"properties":{"id":"n12605011572","label":"","label_key":"addr:housenumber","entrance":"main","building_id":"w1361522091","link":"outline","dist_m":0.0,"housenumber":"1","wheelchair":null,"tags":{"addr:city":"Târgu Mureș","addr:housenumber":"1","addr:postcode":"540477","addr:street":"Strada Armoniei","door":"yes","entrance":"main"},"redundant":true}},{"type":"Feature","geometry":{"type":"Point","coordinates":[24.5836456,46.5361043]},"properties":{"id":"n12605011576","label":"","label_key":"addr:housenumber","entrance":"main","building_id":"w1361522092","link":"outline","dist_m":0.0,"housenumber":"3","wheelchair":null,"tags":{"addr:city":"Târgu Mureș","addr:housenumber":"3","addr:postcode":"540477","addr:street":"Strada Armoniei","door":"yes","entrance":"main"},"redundant":true}},{"type":"Feature","geometry":{"type":"Point","coordinates":[24.583462,46.5362647]},"properties":{"id":"n12605011582","label":"","label_key":"addr:housenumber","entrance":"main","building_id":"w1361522093","link":"outline","dist_m":0.0,"housenumber":"5","wheelchair":null,"tags":{"addr:city":"Târgu Mureș","addr:housenumber":"5","addr:postcode":"540477","addr:street":"Strada Armoniei","door":"yes","entrance":"main"},"redundant":true}},{"type":"Feature","geometry":{"type":"Point","coordinates":[24.5830992,46.5364012]},"properties":{"id":"n12605011595","label":"","label_key":"addr:housenumber","entrance":"main","building_id":"w1361522094","link":"outline","dist_m":0.0,"housenumber":"7","wheelchair":null,"tags":{"addr:city":"Târgu Mureș","addr:housenumber":"7","addr:postcode":"540477","addr:street":"Strada Armoniei","door":"yes","entrance":"main"},"redundant":true}},{"type":"Feature","geometry":{"type":"Point","coordinates":[24.5827808,46.5363586]},"properties":{"id":"n12605012001","label":"","label_key":"addr:housenumber","entrance":"main","building_id":"w1361522095","link":"outline","dist_m":0.0,"housenumber":"9","wheelchair":null,"tags":{"addr:city":"Târgu Mureș","addr:housenumber":"9","addr:postcode":"540477","addr:street":"Strada Armoniei","door":"yes","entrance":"main"},"redundant":true}},{"type":"Feature","geometry":{"type":"Point","coordinates":[24.5830553,46.5365936]},"properties":{"id":"n12605012014","label":"","label_key":"addr:housenumber","entrance":"main","building_id":"w1361522096","link":"outline","dist_m":0.0,"housenumber":"11","wheelchair":null,"tags":{"addr:city":"Târgu Mureș","addr:housenumber":"11","addr:postcode":"540477","addr:street":"Strada Armoniei","door":"yes","entrance":"main"},"redundant":true}},{"type":"Feature","geometry":{"type":"Point","coordinates":[24.5828948,46.5367078]},"properties":{"id":"n12605012020","label":"nr. 13","label_key":"addr:housenumber","entrance":"main","building_id":"w1361522097","link":"outline","dist_m":0.0,"housenumber":"13","wheelchair":null,"tags":{"addr:city":"Târgu Mureș","addr:housenumber":"13","addr:postcode":"540477","addr:street":"Strada Armoniei","door":"yes","entrance":"main"}}},{"type":"Feature","geometry":{"type":"Point","coordinates":[24.5827176,46.5368434]},"properties":{"id":"n12605012021","label":"nr. 15","label_key":"addr:housenumber","entrance":"main","building_id":"w1361522097","link":"outline","dist_m":0.0,"housenumber":"15","wheelchair":null,"tags":{"addr:city":"Târgu Mureș","addr:housenumber":"15","addr:postcode":"540477","addr:street":"Strada Armoniei","door":"yes","entrance":"main"}}},{"type":"Feature","geometry":{"type":"Point","coordinates":[24.5834519,46.5376441]},"properties":{"id":"n12605012162","label":"","label_key":"addr:housenumber","entrance":"main","building_id":"w1361522121","link":"outline","dist_m":0.0,"housenumber":"39","wheelchair":null,"tags":{"addr:city":"Târgu Mureș","addr:housenumber":"39","addr:postcode":"540477","addr:street":"Strada Armoniei","door":"yes","entrance":"main"},"redundant":true}},{"type":"Feature","geometry":{"type":"Point","coordinates":[24.5836384,46.5376539]},"properties":{"id":"n12605012166","label":"","label_key":"addr:housenumber","entrance":"main","building_id":"w1361522122","link":"outline","dist_m":0.0,"housenumber":"41","wheelchair":null,"tags":{"addr:city":"Târgu Mureș","addr:housenumber":"41","addr:postcode":"540477","addr:street":"Strada Armoniei","door":"yes","entrance":"main"},"redundant":true}},{"type":"Feature","geometry":{"type":"Point","coordinates":[24.5838896,46.5376667]},"properties":{"id":"n12605012170","label":"","label_key":"addr:housenumber","entrance":"main","building_id":"w1361522123","link":"outline","dist_m":0.0,"housenumber":"43","wheelchair":null,"tags":{"addr:city":"Târgu Mureș","addr:housenumber":"43","addr:postcode":"540477","addr:street":"Strada Armoniei","door":"yes","entrance":"main"},"redundant":true}},{"type":"Feature","geometry":{"type":"Point","coordinates":[24.5842636,46.5377467]},"properties":{"id":"n12605012180","label":"","label_key":"addr:housenumber","entrance":"main","building_id":"w1361522124","link":"outline","dist_m":0.0,"housenumber":"45","wheelchair":null,"tags":{"addr:city":"Târgu Mureș","addr:housenumber":"45","addr:postcode":"540477","addr:street":"Strada Armoniei","door":"yes","entrance":"main"},"redundant":true}},{"type":"Feature","geometry":{"type":"Point","coordinates":[24.58771,46.537663]},"properties":{"id":"n13463989334","label":"nr. 30","label_key":"addr:housenumber","entrance":"yes","building_id":"w88265528","link":"outline","dist_m":0.0,"housenumber":"30","wheelchair":null,"tags":{"addr:city":"Târgu Mureș","addr:housenumber":"30","addr:postcode":"540456","addr:street":"Strada Rodniciei","entrance":"yes"}}},{"type":"Feature","geometry":{"type":"Point","coordinates":[24.5873157,46.5377664]},"properties":{"id":"n13463989335","label":"nr. 32","label_key":"addr:housenumber","entrance":"yes","building_id":"w88265528","link":"outline","dist_m":0.0,"housenumber":"32","wheelchair":null,"tags":{"addr:city":"Târgu Mureș","addr:housenumber":"32","addr:postcode":"540456","addr:street":"Strada Rodniciei","entrance":"yes"}}},{"type":"Feature","geometry":{"type":"Point","coordinates":[24.5871406,46.5378561]},"properties":{"id":"n13463989336","label":"nr. 34","label_key":"addr:housenumber","entrance":"yes","building_id":"w88265528","link":"outline","dist_m":0.0,"housenumber":"34","wheelchair":null,"tags":{"addr:city":"Târgu Mureș","addr:housenumber":"34","addr:postcode":"540456","addr:street":"Strada Rodniciei","entrance":"yes"}}},{"type":"Feature","geometry":{"type":"Point","coordinates":[24.58847,46.5372928]},"properties":{"id":"n13463989337","label":"nr. 22","label_key":"addr:housenumber","entrance":"yes","building_id":"w88265534","link":"outline","dist_m":0.0,"housenumber":"22","wheelchair":null,"tags":{"addr:city":"Târgu Mureș","addr:housenumber":"22","addr:postcode":"540441","addr:street":"Strada Rodniciei","entrance":"yes"}}},{"type":"Feature","geometry":{"type":"Point","coordinates":[24.588105,46.5373786]},"properties":{"id":"n13463989338","label":"nr. 24","label_key":"addr:housenumber","entrance":"yes","building_id":"w88265534","link":"outline","dist_m":0.0,"housenumber":"24","wheelchair":null,"tags":{"addr:city":"Târgu Mureș","addr:housenumber":"24","addr:postcode":"540441","addr:street":"Strada Rodniciei","entrance":"yes"}}},{"type":"Feature","geometry":{"type":"Point","coordinates":[24.5878979,46.5374845]},"properties":{"id":"n13463989339","label":"nr. 26","label_key":"addr:housenumber","entrance":"yes","building_id":"w88265534","link":"outline","dist_m":0.0,"housenumber":"26","wheelchair":null,"tags":{"addr:city":"Târgu Mureș","addr:housenumber":"26","addr:postcode":"540441","addr:street":"Strada Rodniciei","entrance":"yes"}}},{"type":"Feature","geometry":{"type":"Point","coordinates":[24.5888352,46.537001]},"properties":{"id":"n13463989360","label":"nr. 16","label_key":"addr:housenumber","entrance":"yes","building_id":"w1467978993","link":"outline","dist_m":0.0,"housenumber":"16","wheelchair":null,"tags":{"addr:city":"Târgu Mureș","addr:housenumber":"16","addr:postcode":"540441","addr:street":"Strada Rodniciei","entrance":"yes"}}},{"type":"Feature","geometry":{"type":"Point","coordinates":[24.5886229,46.5370981]},"properties":{"id":"n13463989361","label":"nr. 18","label_key":"addr:housenumber","entrance":"yes","building_id":"w1467978993","link":"outline","dist_m":0.0,"housenumber":"18","wheelchair":null,"tags":{"addr:city":"Târgu Mureș","addr:housenumber":"18","addr:postcode":"540441","addr:street":"Strada Rodniciei","entrance":"yes"}}},{"type":"Feature","geometry":{"type":"Point","coordinates":[24.5865069,46.5381747]},"properties":{"id":"n13464024950","label":"nr. 71","label_key":"addr:housenumber","entrance":"yes","building_id":"w88254152","link":"outline","dist_m":0.0,"housenumber":"71","wheelchair":null,"tags":{"addr:city":"Târgu Mureș","addr:housenumber":"71","addr:postcode":"540456","addr:street":"Strada Rodniciei","entrance":"yes"}}},{"type":"Feature","geometry":{"type":"Point","coordinates":[24.5863812,46.5380556]},"properties":{"id":"n13464024951","label":"nr. 69","label_key":"addr:housenumber","entrance":"yes","building_id":"w88254152","link":"outline","dist_m":0.0,"housenumber":"69","wheelchair":null,"tags":{"addr:city":"Târgu Mureș","addr:housenumber":"69","addr:postcode":"540456","addr:street":"Strada Rodniciei","entrance":"yes"}}},{"type":"Feature","geometry":{"type":"Point","coordinates":[24.5859486,46.5378722]},"properties":{"id":"n13464024952","label":"nr. 67","label_key":"addr:housenumber","entrance":"yes","building_id":"w88254109","link":"outline","dist_m":0.0,"housenumber":"67","wheelchair":null,"tags":{"addr:city":"Târgu Mureș","addr:housenumber":"67","addr:postcode":"540456","addr:street":"Strada Rodniciei","entrance":"yes"}}},{"type":"Feature","geometry":{"type":"Point","coordinates":[24.5861755,46.5377588]},"properties":{"id":"n13464024953","label":"nr. 65","label_key":"addr:housenumber","entrance":"yes","building_id":"w88254109","link":"outline","dist_m":0.0,"housenumber":"65","wheelchair":null,"tags":{"addr:city":"Târgu Mureș","addr:housenumber":"65","addr:postcode":"540456","addr:street":"Strada Rodniciei","entrance":"yes"}}},{"type":"Feature","geometry":{"type":"Point","coordinates":[24.5864042,46.5376598]},"properties":{"id":"n13464024954","label":"nr. 63","label_key":"addr:housenumber","entrance":"yes","building_id":"w88254109","link":"outline","dist_m":0.0,"housenumber":"63","wheelchair":null,"tags":{"addr:city":"Târgu Mureș","addr:housenumber":"63","addr:postcode":"540456","addr:street":"Strada Rodniciei","entrance":"yes"}}},{"type":"Feature","geometry":{"type":"Point","coordinates":[24.5869254,46.5377177]},"properties":{"id":"n13464024955","label":"nr. 59","label_key":"addr:housenumber","entrance":"yes","building_id":"w88254131","link":"outline","dist_m":0.0,"housenumber":"59","wheelchair":null,"tags":{"addr:city":"Târgu Mureș","addr:housenumber":"59","addr:postcode":"540456","addr:street":"Strada Rodniciei","entrance":"yes"}}},{"type":"Feature","geometry":{"type":"Point","coordinates":[24.586562,46.5378506]},"properties":{"id":"n13464024956","label":"nr. 61","label_key":"addr:housenumber","entrance":"yes","building_id":"w88254131","link":"outline","dist_m":0.0,"housenumber":"61","wheelchair":null,"tags":{"addr:city":"Târgu Mureș","addr:housenumber":"61","addr:postcode":"540456","addr:street":"Strada Rodniciei","entrance":"yes"}}},{"type":"Feature","geometry":{"type":"Point","coordinates":[24.5872451,46.5375937]},"properties":{"id":"n13464024957","label":"nr. 55","label_key":"addr:housenumber","entrance":"yes","building_id":"w88254104","link":"outline","dist_m":0.0,"housenumber":"55","wheelchair":null,"tags":{"addr:city":"Târgu Mureș","addr:housenumber":"55","addr:postcode":"540456","addr:street":"Strada Rodniciei","entrance":"yes"}}},{"type":"Feature","geometry":{"type":"Point","coordinates":[24.58714,46.5373454]},"properties":{"id":"n13464024958","label":"nr. 57","label_key":"addr:housenumber","entrance":"yes","building_id":"w88254104","link":"outline","dist_m":0.0,"housenumber":"57","wheelchair":null,"tags":{"addr:city":"Târgu Mureș","addr:housenumber":"57","addr:postcode":"540456","addr:street":"Strada Rodniciei","entrance":"yes"}}},{"type":"Feature","geometry":{"type":"Point","coordinates":[24.587598,46.5374034]},"properties":{"id":"n13464024959","label":"nr. 51","label_key":"addr:housenumber","entrance":"yes","building_id":"w88254125","link":"outline","dist_m":0.0,"housenumber":"51","wheelchair":null,"tags":{"addr:city":"Târgu Mureș","addr:housenumber":"51","addr:postcode":"540441","addr:street":"Strada Rodniciei","entrance":"yes"}}},{"type":"Feature","geometry":{"type":"Point","coordinates":[24.5874982,46.5371572]},"properties":{"id":"n13464024960","label":"nr. 53","label_key":"addr:housenumber","entrance":"yes","building_id":"w88254125","link":"outline","dist_m":0.0,"housenumber":"53","wheelchair":null,"tags":{"addr:city":"Târgu Mureș","addr:housenumber":"53","addr:postcode":"540441","addr:street":"Strada Rodniciei","entrance":"yes"}}},{"type":"Feature","geometry":{"type":"Point","coordinates":[24.5879383,46.5372423]},"properties":{"id":"n13464024961","label":"nr. 47","label_key":"addr:housenumber","entrance":"yes","building_id":"w88254130","link":"outline","dist_m":0.0,"housenumber":"47","wheelchair":null,"tags":{"addr:city":"Târgu Mureș","addr:housenumber":"47","addr:postcode":"540441","addr:street":"Strada Rodniciei","entrance":"yes"}}},{"type":"Feature","geometry":{"type":"Point","coordinates":[24.5878334,46.5369978]},"properties":{"id":"n13464024962","label":"nr. 49","label_key":"addr:housenumber","entrance":"yes","building_id":"w88254130","link":"outline","dist_m":0.0,"housenumber":"49","wheelchair":null,"tags":{"addr:city":"Târgu Mureș","addr:housenumber":"49","addr:postcode":"540441","addr:street":"Strada Rodniciei","entrance":"yes"}}},{"type":"Feature","geometry":{"type":"Point","coordinates":[24.5882649,46.5370508]},"properties":{"id":"n13464024963","label":"nr. 45","label_key":"addr:housenumber","entrance":"yes","building_id":"w88254117","link":"outline","dist_m":0.0,"housenumber":"45","wheelchair":null,"tags":{"addr:city":"Târgu Mureș","addr:housenumber":"45","addr:postcode":"540441","addr:street":"Strada Rodniciei","entrance":"yes"}}},{"type":"Feature","geometry":{"type":"Point","coordinates":[24.5885157,46.536925]},"properties":{"id":"n13464024964","label":"nr. 43","label_key":"addr:housenumber","entrance":"yes","building_id":"w88254117","link":"outline","dist_m":0.0,"housenumber":"43","wheelchair":null,"tags":{"addr:city":"Târgu Mureș","addr:housenumber":"43","addr:postcode":"540441","addr:street":"Strada Rodniciei","entrance":"yes"}}},{"type":"Feature","geometry":{"type":"Point","coordinates":[24.5887157,46.5368247]},"properties":{"id":"n13464024965","label":"nr. 41","label_key":"addr:housenumber","entrance":"yes","building_id":"w88254117","link":"outline","dist_m":0.0,"housenumber":"41","wheelchair":null,"tags":{"addr:city":"Târgu Mureș","addr:housenumber":"41","addr:postcode":"540441","addr:street":"Strada Rodniciei","entrance":"yes"}}},{"type":"Feature","geometry":{"type":"Point","coordinates":[24.5888686,46.5367291]},"properties":{"id":"n13464024966","label":"nr. 39","label_key":"addr:housenumber","entrance":"yes","building_id":"w88254117","link":"outline","dist_m":0.0,"housenumber":"39","wheelchair":null,"tags":{"addr:city":"Târgu Mureș","addr:housenumber":"39","addr:postcode":"540441","addr:street":"Strada Rodniciei","entrance":"yes"}}},{"type":"Feature","geometry":{"type":"Point","coordinates":[24.5832172,46.5387109]},"properties":{"id":"n13481678801","label":"nr. 7","label_key":"addr:housenumber","entrance":"yes","building_id":"w88056377","link":"outline","dist_m":0.0,"housenumber":"7","wheelchair":null,"tags":{"addr:city":"Târgu Mureș","addr:housenumber":"7","addr:postcode":"540477","addr:street":"Strada Prieteniei","entrance":"yes"}}},{"type":"Feature","geometry":{"type":"Point","coordinates":[24.5810363,46.5404337]},"properties":{"id":"n2689078809","label":"nr. 83","label_key":"addr:housenumber","entrance":"main","building_id":null,"link":null,"dist_m":null,"housenumber":"83","wheelchair":null,"tags":{"addr:city":"Târgu Mureș","addr:housenumber":"83","addr:street":"Strada Cutezanței","entrance":"main"}}},{"type":"Feature","geometry":{"type":"Point","coordinates":[24.5808071,46.5404749]},"properties":{"id":"n2689078813","label":"nr. 85","label_key":"addr:housenumber","entrance":"main","building_id":null,"link":null,"dist_m":null,"housenumber":"85","wheelchair":null,"tags":{"addr:city":"Târgu Mureș","addr:housenumber":"85","addr:street":"Strada Cutezanței","entrance":"main"}}},{"type":"Feature","geometry":{"type":"Point","coordinates":[24.5473173,46.5508808]},"properties":{"id":"n2156348627","label":"","label_key":null,"entrance":"yes","building_id":null,"link":null,"dist_m":null,"housenumber":null,"wheelchair":null,"tags":{"entrance":"yes"}}},{"type":"Feature","geometry":{"type":"Point","coordinates":[24.5476397,46.5597683]},"properties":{"id":"n358558093","label":"","label_key":"addr:housenumber","entrance":"yes","building_id":"w31996864","link":"outline","dist_m":0.0,"housenumber":"42","wheelchair":null,"tags":{"addr:housenumber":"42","addr:street":"Strada Decebal","entrance":"yes"},"redundant":true}},{"type":"Feature","geometry":{"type":"Point","coordinates":[24.5469806,46.558418]},"properties":{"id":"n965187924","label":"nr. 22","label_key":"addr:housenumber","entrance":"yes","building_id":"w31997998","link":"outline","dist_m":0.0,"housenumber":"22","wheelchair":null,"tags":{"addr:housenumber":"22","addr:street":"Strada Decebal","entrance":"yes"}}},{"type":"Feature","geometry":{"type":"Point","coordinates":[24.5473181,46.5586475]},"properties":{"id":"n965187942","label":"nr. 26","label_key":"addr:housenumber","entrance":"yes","building_id":"w31997998","link":"outline","dist_m":0.0,"housenumber":"26","wheelchair":null,"tags":{"addr:housenumber":"26","addr:street":"Strada Decebal","entrance":"yes"}}},{"type":"Feature","geometry":{"type":"Point","coordinates":[24.547134,46.5585343]},"properties":{"id":"n965187947","label":"nr. 24","label_key":"addr:housenumber","entrance":"yes","building_id":"w31997998","link":"outline","dist_m":0.0,"housenumber":"24","wheelchair":null,"tags":{"addr:housenumber":"24","addr:street":"Strada Decebal","entrance":"yes"}}},{"type":"Feature","geometry":{"type":"Point","coordinates":[24.5459624,46.5570705]},"properties":{"id":"n3832033009","label":"","label_key":null,"entrance":"yes","building_id":"w31997630","link":"outline","dist_m":0.0,"housenumber":null,"wheelchair":null,"tags":{"entrance":"yes"}}},{"type":"Feature","geometry":{"type":"Point","coordinates":[24.5461561,46.5569455]},"properties":{"id":"n3832033011","label":"","label_key":null,"entrance":"yes","building_id":"w31997630","link":"outline","dist_m":0.0,"housenumber":null,"wheelchair":null,"tags":{"entrance":"yes"}}},{"type":"Feature","geometry":{"type":"Point","coordinates":[24.5462026,46.5592395]},"properties":{"id":"n3832033031","label":"","label_key":null,"entrance":"yes","building_id":null,"link":null,"dist_m":null,"housenumber":null,"wheelchair":null,"tags":{"entrance":"yes"}}},{"type":"Feature","geometry":{"type":"Point","coordinates":[24.5462821,46.5591036]},"properties":{"id":"n3832033033","label":"","label_key":null,"entrance":"yes","building_id":"w31996191","link":"nearest","dist_m":49.5,"housenumber":null,"wheelchair":null,"tags":{"entrance":"yes"}}},{"type":"Feature","geometry":{"type":"Point","coordinates":[24.546636,46.5596526]},"properties":{"id":"n3832033036","label":"","label_key":null,"entrance":"yes","building_id":"w31994799","link":"nearest","dist_m":33.3,"housenumber":null,"wheelchair":null,"tags":{"entrance":"yes"}}},{"type":"Feature","geometry":{"type":"Point","coordinates":[24.5467104,46.5594969]},"properties":{"id":"n3832033038","label":"","label_key":null,"entrance":"yes","building_id":"w31994454","link":"nearest","dist_m":46.4,"housenumber":null,"wheelchair":null,"tags":{"entrance":"yes"}}},{"type":"Feature","geometry":{"type":"Point","coordinates":[24.5475581,46.5596397]},"properties":{"id":"n6124567949","label":"","label_key":"addr:housenumber","entrance":"yes","building_id":"w31995967","link":"outline","dist_m":0.0,"housenumber":"40","wheelchair":null,"tags":{"addr:housenumber":"40","addr:street":"Strada Decebal","entrance":"yes"},"redundant":true}},{"type":"Feature","geometry":{"type":"Point","coordinates":[24.5474135,46.559472]},"properties":{"id":"n6124567951","label":"","label_key":"addr:housenumber","entrance":"yes","building_id":"w31994454","link":"outline","dist_m":0.0,"housenumber":"38","wheelchair":null,"tags":{"addr:housenumber":"38","addr:street":"Strada Decebal","entrance":"yes"},"redundant":true}},{"type":"Feature","geometry":{"type":"Point","coordinates":[24.5477816,46.5589474]},"properties":{"id":"n6124567953","label":"nr. 36","label_key":"addr:housenumber","entrance":"yes","building_id":"w31998304","link":"outline","dist_m":0.0,"housenumber":"36","wheelchair":null,"tags":{"addr:housenumber":"36","addr:street":"Strada Decebal","entrance":"yes"}}},{"type":"Feature","geometry":{"type":"Point","coordinates":[24.5476425,46.5588248]},"properties":{"id":"n6124567954","label":"nr. 34","label_key":"addr:housenumber","entrance":"yes","building_id":"w31998304","link":"outline","dist_m":0.0,"housenumber":"34","wheelchair":null,"tags":{"addr:housenumber":"34","addr:street":"Strada Decebal","entrance":"yes"}}},{"type":"Feature","geometry":{"type":"Point","coordinates":[24.5472327,46.5590425]},"properties":{"id":"n6124567957","label":"nr. 32","label_key":"addr:housenumber","entrance":"yes","building_id":"w31996191","link":"outline","dist_m":0.0,"housenumber":"32","wheelchair":null,"tags":{"addr:housenumber":"32","addr:street":"Strada Decebal","entrance":"yes"}}},{"type":"Feature","geometry":{"type":"Point","coordinates":[24.547083,46.5589083]},"properties":{"id":"n6124567959","label":"nr. 30","label_key":"addr:housenumber","entrance":"yes","building_id":"w31996191","link":"outline","dist_m":0.0,"housenumber":"30","wheelchair":null,"tags":{"addr:housenumber":"30","addr:street":"Strada Decebal","entrance":"yes"}}},{"type":"Feature","geometry":{"type":"Point","coordinates":[24.5468317,46.5587579]},"properties":{"id":"n6124567961","label":"nr. 28","label_key":"addr:housenumber","entrance":"yes","building_id":"w31996191","link":"outline","dist_m":0.0,"housenumber":"28","wheelchair":null,"tags":{"addr:housenumber":"28","addr:street":"Strada Decebal","entrance":"yes"}}},{"type":"Feature","geometry":{"type":"Point","coordinates":[24.5465776,46.5585321]},"properties":{"id":"n6124567962","label":"nr. 20","label_key":"addr:housenumber","entrance":"yes","building_id":"w31995181","link":"outline","dist_m":0.0,"housenumber":"20","wheelchair":null,"tags":{"addr:housenumber":"20","addr:street":"Strada Decebal","entrance":"yes"}}},{"type":"Feature","geometry":{"type":"Point","coordinates":[24.546164,46.5582678]},"properties":{"id":"n9094652638","label":"nr. 16","label_key":"addr:housenumber","entrance":"yes","building_id":"w31995181","link":"outline","dist_m":0.0,"housenumber":"16","wheelchair":null,"tags":{"addr:housenumber":"16","addr:street":"Strada Decebal","entrance":"yes"}}},{"type":"Feature","geometry":{"type":"Point","coordinates":[24.5464562,46.558433]},"properties":{"id":"n9094652639","label":"nr. 18","label_key":"addr:housenumber","entrance":"yes","building_id":"w31995181","link":"outline","dist_m":0.0,"housenumber":"18","wheelchair":null,"tags":{"addr:housenumber":"18","addr:street":"Strada Decebal","entrance":"yes"}}},{"type":"Feature","geometry":{"type":"Point","coordinates":[24.5469557,46.558955]},"properties":{"id":"n10126223828","label":"nr. 30","label_key":"addr:housenumber","entrance":"yes","building_id":"w31996191","link":"outline","dist_m":0.0,"housenumber":"30","wheelchair":"limited","tags":{"addr:city":"Târgu Mureș","addr:housenumber":"30","addr:neighbourhood":"Unirii","addr:street":"Strada Decebal","door":"yes/manual","entrance":"yes","level":"0"}}},{"type":"Feature","geometry":{"type":"Point","coordinates":[24.546816,46.5570781]},"properties":{"id":"n12612900448","label":"","label_key":"addr:housenumber","entrance":"main","building_id":"w1362307138","link":"outline","dist_m":0.0,"housenumber":"34","wheelchair":null,"tags":{"addr:city":"Târgu Mureș","addr:housenumber":"34","addr:postcode":"540289","addr:street":"Strada Tisei","door":"yes","entrance":"main"},"redundant":true}},{"type":"Feature","geometry":{"type":"Point","coordinates":[24.5464476,46.5575139]},"properties":{"id":"n12612900460","label":"","label_key":"addr:housenumber","entrance":"main","building_id":"w1362307139","link":"outline","dist_m":0.0,"housenumber":"38","wheelchair":null,"tags":{"addr:city":"Târgu Mureș","addr:housenumber":"38","addr:postcode":"540289","addr:street":"Strada Tisei","door":"yes","entrance":"main"},"redundant":true}},{"type":"Feature","geometry":{"type":"Point","coordinates":[24.5440439,46.5599262]},"properties":{"id":"n12612922926","label":"nr. 12","label_key":"addr:housenumber","entrance":"main","building_id":"w1362308963","link":"outline","dist_m":0.0,"housenumber":"12","wheelchair":null,"tags":{"addr:city":"Târgu Mureș","addr:housenumber":"12","addr:postcode":"540289","addr:street":"Strada Bărăganului","door":"yes","entrance":"main"}}},{"type":"Feature","geometry":{"type":"Point","coordinates":[24.5442229,46.5598235]},"properties":{"id":"n12612922927","label":"nr. 10","label_key":"addr:housenumber","entrance":"main","building_id":"w1362308963","link":"outline","dist_m":0.0,"housenumber":"10","wheelchair":null,"tags":{"addr:city":"Târgu Mureș","addr:housenumber":"10","addr:postcode":"540289","addr:street":"Strada Bărăganului","door":"yes","entrance":"main"}}},{"type":"Feature","geometry":{"type":"Point","coordinates":[24.544422,46.5597084]},"properties":{"id":"n12612922928","label":"nr. 8","label_key":"addr:housenumber","entrance":"main","building_id":"w1362308963","link":"outline","dist_m":0.0,"housenumber":"8","wheelchair":null,"tags":{"addr:city":"Târgu Mureș","addr:housenumber":"8","addr:postcode":"540289","addr:street":"Strada Bărăganului","door":"yes","entrance":"main"}}},{"type":"Feature","geometry":{"type":"Point","coordinates":[24.5447578,46.5595618]},"properties":{"id":"n12612922944","label":"nr. 6","label_key":"addr:housenumber","entrance":"main","building_id":"w1362308964","link":"outline","dist_m":0.0,"housenumber":"6","wheelchair":null,"tags":{"addr:city":"Târgu Mureș","addr:housenumber":"6","addr:postcode":"540289","addr:street":"Strada Bărăganului","door":"yes","entrance":"main"}}},{"type":"Feature","geometry":{"type":"Point","coordinates":[24.545081,46.5593924]},"properties":{"id":"n12612922945","label":"nr. 4","label_key":"addr:housenumber","entrance":"main","building_id":"w1362308964","link":"outline","dist_m":0.0,"housenumber":"4","wheelchair":null,"tags":{"addr:city":"Târgu Mureș","addr:housenumber":"4","addr:postcode":"540289","addr:street":"Strada Bărăganului","door":"yes","entrance":"main"}}},{"type":"Feature","geometry":{"type":"Point","coordinates":[24.5473432,46.5570274]},"properties":{"id":"n13437833492","label":"nr. 32","label_key":"addr:housenumber","entrance":"yes","building_id":"w31995355","link":"outline","dist_m":0.0,"housenumber":"32","wheelchair":null,"tags":{"addr:city":"Târgu Mureș","addr:housenumber":"32","addr:postcode":"540289","addr:street":"Strada Tisei","door":"yes","entrance":"yes"}}},{"type":"Feature","geometry":{"type":"Point","coordinates":[24.5474118,46.557171]},"properties":{"id":"n13437833493","label":"nr. 30","label_key":"addr:housenumber","entrance":"main","building_id":"w31995355","link":"outline","dist_m":0.0,"housenumber":"30","wheelchair":null,"tags":{"addr:city":"Târgu Mureș","addr:housenumber":"30","addr:postcode":"540289","addr:street":"Strada Tisei","door":"yes","entrance":"main"}}},{"type":"Feature","geometry":{"type":"Point","coordinates":[24.5475033,46.5573288]},"properties":{"id":"n13437833494","label":"nr. 28","label_key":"addr:housenumber","entrance":"yes","building_id":"w31995355","link":"outline","dist_m":0.0,"housenumber":"28","wheelchair":null,"tags":{"addr:city":"Târgu Mureș","addr:housenumber":"28","addr:postcode":"540289","addr:street":"Strada Tisei","door":"yes","entrance":"yes"}}},{"type":"Feature","geometry":{"type":"Point","coordinates":[24.5476382,46.5576129]},"properties":{"id":"n13437833495","label":"nr. 22","label_key":"addr:housenumber","entrance":"yes","building_id":"w31998034","link":"outline","dist_m":0.0,"housenumber":"22","wheelchair":null,"tags":{"addr:city":"Târgu Mureș","addr:housenumber":"22","addr:postcode":"540289","addr:street":"Strada Tisei","door":"yes","entrance":"yes"}}},{"type":"Feature","geometry":{"type":"Point","coordinates":[24.5477147,46.5577717]},"properties":{"id":"n13437833496","label":"nr. 20","label_key":"addr:housenumber","entrance":"yes","building_id":"w31998034","link":"outline","dist_m":0.0,"housenumber":"20","wheelchair":null,"tags":{"addr:city":"Târgu Mureș","addr:housenumber":"20","addr:postcode":"540289","addr:street":"Strada Tisei","entrance":"yes"}}},{"type":"Feature","geometry":{"type":"Point","coordinates":[24.5478472,46.558054]},"properties":{"id":"n13437833497","label":"nr. 14","label_key":"addr:housenumber","entrance":"yes","building_id":"w31998165","link":"outline","dist_m":0.0,"housenumber":"14","wheelchair":null,"tags":{"addr:city":"Târgu Mureș","addr:housenumber":"14","addr:postcode":"540289","addr:street":"Strada Tisei","door":"yes","entrance":"yes"}}},{"type":"Feature","geometry":{"type":"Point","coordinates":[24.5479231,46.5582147]},"properties":{"id":"n13437833498","label":"nr. 12","label_key":"addr:housenumber","entrance":"yes","building_id":"w31998165","link":"outline","dist_m":0.0,"housenumber":"12","wheelchair":null,"tags":{"addr:city":"Târgu Mureș","addr:housenumber":"12","addr:postcode":"540289","addr:street":"Strada Tisei","door":"yes","entrance":"yes"}}},{"type":"Feature","geometry":{"type":"Point","coordinates":[24.5481566,46.5589025]},"properties":{"id":"n13437833499","label":"nr. 2","label_key":"addr:housenumber","entrance":"yes","building_id":"w31996539","link":"outline","dist_m":0.0,"housenumber":"2","wheelchair":null,"tags":{"addr:city":"Târgu Mureș","addr:housenumber":"2","addr:postcode":"540289","addr:street":"Strada Tisei","door":"yes","entrance":"yes"}}},{"type":"Feature","geometry":{"type":"Point","coordinates":[24.548172,46.5587268]},"properties":{"id":"n13437833500","label":"nr. 4","label_key":"addr:housenumber","entrance":"yes","building_id":"w31996539","link":"outline","dist_m":0.0,"housenumber":"4","wheelchair":null,"tags":{"addr:city":"Târgu Mureș","addr:housenumber":"4","addr:postcode":"540289","addr:street":"Strada Tisei","door":"yes","entrance":"yes"}}},{"type":"Feature","geometry":{"type":"Point","coordinates":[24.5480514,46.5584824]},"properties":{"id":"n13437837201","label":"nr. 6","label_key":"addr:housenumber","entrance":"yes","building_id":"w31996539","link":"outline","dist_m":0.0,"housenumber":"6","wheelchair":null,"tags":{"addr:city":"Târgu Mureș","addr:housenumber":"6","addr:postcode":"540289","addr:street":"Strada Tisei","door":"yes","entrance":"yes"}}},{"type":"Feature","geometry":{"type":"Point","coordinates":[24.5470618,46.5573659]},"properties":{"id":"n13437837202","label":"nr. 26","label_key":"addr:housenumber","entrance":"yes","building_id":"w31996773","link":"outline","dist_m":0.0,"housenumber":"26","wheelchair":null,"tags":{"addr:city":"Târgu Mureș","addr:housenumber":"26","addr:postcode":"540289","addr:street":"Strada Tisei","door":"yes","entrance":"yes"}}},{"type":"Feature","geometry":{"type":"Point","coordinates":[24.5472877,46.557552]},"properties":{"id":"n13437837203","label":"nr. 24","label_key":"addr:housenumber","entrance":"yes","building_id":"w31996773","link":"outline","dist_m":0.0,"housenumber":"24","wheelchair":null,"tags":{"addr:city":"Târgu Mureș","addr:housenumber":"24","addr:postcode":"540289","addr:street":"Strada Tisei","door":"yes","entrance":"yes"}}},{"type":"Feature","geometry":{"type":"Point","coordinates":[24.5472766,46.5578162]},"properties":{"id":"n13437837204","label":"nr. 18","label_key":"addr:housenumber","entrance":"yes","building_id":"w31994253","link":"outline","dist_m":0.0,"housenumber":"18","wheelchair":null,"tags":{"addr:city":"Târgu Mureș","addr:housenumber":"18","addr:postcode":"540289","addr:street":"Strada Tisei","door":"yes","entrance":"yes"}}},{"type":"Feature","geometry":{"type":"Point","coordinates":[24.5474893,46.5580022]},"properties":{"id":"n13437837205","label":"nr. 16","label_key":"addr:housenumber","entrance":"yes","building_id":"w31994253","link":"outline","dist_m":0.0,"housenumber":"16","wheelchair":null,"tags":{"addr:city":"Târgu Mureș","addr:housenumber":"16","addr:postcode":"540289","addr:street":"Strada Tisei","door":"yes","entrance":"yes"}}},{"type":"Feature","geometry":{"type":"Point","coordinates":[24.5474914,46.5582885]},"properties":{"id":"n13437837206","label":"nr. 10","label_key":"addr:housenumber","entrance":"yes","building_id":"w31998642","link":"outline","dist_m":0.0,"housenumber":"10","wheelchair":null,"tags":{"addr:city":"Târgu Mureș","addr:housenumber":"10","addr:postcode":"540289","addr:street":"Strada Tisei","door":"yes","entrance":"yes"}}},{"type":"Feature","geometry":{"type":"Point","coordinates":[24.5477091,46.5584687]},"properties":{"id":"n13437837207","label":"nr. 8","label_key":"addr:housenumber","entrance":"yes","building_id":"w31998642","link":"outline","dist_m":0.0,"housenumber":"8","wheelchair":null,"tags":{"addr:city":"Târgu Mureș","addr:housenumber":"8","addr:postcode":"540289","addr:street":"Strada Tisei","door":"yes","entrance":"yes"}}},{"type":"Feature","geometry":{"type":"Point","coordinates":[24.5487563,46.5600261]},"properties":{"id":"n13448214848","label":"nr. 1","label_key":"addr:housenumber","entrance":"yes","building_id":"w32550780","link":"outline","dist_m":0.0,"housenumber":"1","wheelchair":null,"tags":{"addr:city":"Târgu Mureș","addr:housenumber":"1","addr:postcode":"540289","addr:street":"Strada Ștefan Cicio Pop","door":"yes","entrance":"yes"}}},{"type":"Feature","geometry":{"type":"Point","coordinates":[24.5489937,46.55989]},"properties":{"id":"n13448214865","label":"nr. 2","label_key":"addr:housenumber","entrance":"yes","building_id":"w31998413","link":"outline","dist_m":0.0,"housenumber":"2","wheelchair":null,"tags":{"addr:city":"Târgu Mureș","addr:housenumber":"2","addr:postcode":"540289","addr:street":"Strada Ștefan Cicio Pop","door":"yes","entrance":"yes"}}},{"type":"Feature","geometry":{"type":"Point","coordinates":[24.5490387,46.5600553]},"properties":{"id":"n13448214866","label":"nr. 4","label_key":"addr:housenumber","entrance":"yes","building_id":"w31998413","link":"outline","dist_m":0.0,"housenumber":"4","wheelchair":null,"tags":{"addr:city":"Târgu Mureș","addr:housenumber":"4","addr:postcode":"540289","addr:street":"Strada Ștefan Cicio Pop","door":"yes","entrance":"yes"}}},{"type":"Feature","geometry":{"type":"Point","coordinates":[24.552059,46.5498547]},"properties":{"id":"n2156348483","label":"","label_key":null,"entrance":"yes","building_id":null,"link":null,"dist_m":null,"housenumber":null,"wheelchair":null,"tags":{"entrance":"yes"}}},{"type":"Feature","geometry":{"type":"Point","coordinates":[24.5520867,46.5498769]},"properties":{"id":"n2156348485","label":"","label_key":null,"entrance":"yes","building_id":null,"link":null,"dist_m":null,"housenumber":null,"wheelchair":null,"tags":{"entrance":"yes"}}},{"type":"Feature","geometry":{"type":"Point","coordinates":[24.5521143,46.549899]},"properties":{"id":"n2156348486","label":"","label_key":null,"entrance":"yes","building_id":null,"link":null,"dist_m":null,"housenumber":null,"wheelchair":null,"tags":{"entrance":"yes"}}},{"type":"Feature","geometry":{"type":"Point","coordinates":[24.552142,46.5499211]},"properties":{"id":"n2156348488","label":"","label_key":null,"entrance":"yes","building_id":null,"link":null,"dist_m":null,"housenumber":null,"wheelchair":null,"tags":{"entrance":"yes"}}},{"type":"Feature","geometry":{"type":"Point","coordinates":[24.5521697,46.5499433]},"properties":{"id":"n2156348490","label":"","label_key":null,"entrance":"yes","building_id":"w1444681937","link":"nearest","dist_m":47.5,"housenumber":null,"wheelchair":null,"tags":{"entrance":"yes"}}},{"type":"Feature","geometry":{"type":"Point","coordinates":[24.5612868,46.5469893]},"properties":{"id":"n966523925","label":"","label_key":null,"entrance":"yes","building_id":"w36537838","link":"outline","dist_m":0.0,"housenumber":null,"wheelchair":null,"tags":{"entrance":"yes"}}},{"type":"Feature","geometry":{"type":"Point","coordinates":[24.5579727,46.5483391]},"properties":{"id":"n2499880034","label":"","label_key":null,"entrance":"yes","building_id":"w88194992","link":"outline","dist_m":0.0,"housenumber":null,"wheelchair":null,"tags":{"entrance":"yes"}}},{"type":"Feature","geometry":{"type":"Point","coordinates":[24.5563596,46.5482798]},"properties":{"id":"n11709300265","label":"","label_key":null,"entrance":"main","building_id":"w246820175","link":"outline","dist_m":0.0,"housenumber":null,"wheelchair":null,"tags":{"entrance":"main"}}},{"type":"Feature","geometry":{"type":"Point","coordinates":[24.5555892,46.5540594]},"properties":{"id":"n2581133831","label":"","label_key":null,"entrance":"yes","building_id":null,"link":null,"dist_m":null,"housenumber":null,"wheelchair":null,"tags":{"entrance":"yes"}}},{"type":"Feature","geometry":{"type":"Point","coordinates":[24.5559195,46.5541133]},"properties":{"id":"n2581133912","label":"","label_key":null,"entrance":"main","building_id":null,"link":null,"dist_m":null,"housenumber":null,"wheelchair":null,"tags":{"entrance":"main"}}},{"type":"Feature","geometry":{"type":"Point","coordinates":[24.5560937,46.5543009]},"properties":{"id":"n2581134041","label":"","label_key":null,"entrance":"yes","building_id":"w88201814","link":"nearest","dist_m":27.5,"housenumber":null,"wheelchair":null,"tags":{"entrance":"yes"}}},{"type":"Feature","geometry":{"type":"Point","coordinates":[24.5584219,46.5544423]},"properties":{"id":"n2084962017","label":"nr. 29C","label_key":"addr:housenumber","entrance":"yes","building_id":null,"link":null,"dist_m":null,"housenumber":"29C","wheelchair":null,"tags":{"addr:city":"Târgu Mureș","addr:housenumber":"29C","addr:street":"Aleea Carpați","entrance":"yes"}}},{"type":"Feature","geometry":{"type":"Point","coordinates":[24.5590197,46.554897]},"properties":{"id":"n2084962034","label":"nr. 33C","label_key":"addr:housenumber","entrance":"yes","building_id":null,"link":null,"dist_m":null,"housenumber":"33C","wheelchair":null,"tags":{"addr:city":"Târgu Mureș","addr:housenumber":"33C","addr:street":"Aleea Carpați","entrance":"yes"}}},{"type":"Feature","geometry":{"type":"Point","coordinates":[24.5599598,46.5553713]},"properties":{"id":"n2084962041","label":"nr. 37C","label_key":"addr:housenumber","entrance":"yes","building_id":null,"link":null,"dist_m":null,"housenumber":"37C","wheelchair":null,"tags":{"addr:city":"Târgu Mureș","addr:housenumber":"37C","addr:street":"Aleea Carpați","entrance":"yes"}}},{"type":"Feature","geometry":{"type":"Point","coordinates":[24.5605573,46.5558105]},"properties":{"id":"n2084962053","label":"nr. 41C","label_key":"addr:housenumber","entrance":"yes","building_id":null,"link":null,"dist_m":null,"housenumber":"41C","wheelchair":null,"tags":{"addr:city":"Târgu Mureș","addr:housenumber":"41C","addr:street":"Aleea Carpați","entrance":"yes"}}},{"type":"Feature","geometry":{"type":"Point","coordinates":[24.5584486,46.5540449]},"properties":{"id":"n2156467690","label":"nr. 29A","label_key":"addr:housenumber","entrance":"yes","building_id":null,"link":null,"dist_m":null,"housenumber":"29A","wheelchair":null,"tags":{"addr:city":"Târgu Mureș","addr:housenumber":"29A","addr:street":"Aleea Carpați","entrance":"yes"}}},{"type":"Feature","geometry":{"type":"Point","coordinates":[24.5584353,46.5542436]},"properties":{"id":"n2156467691","label":"nr. 29B","label_key":"addr:housenumber","entrance":"yes","building_id":null,"link":null,"dist_m":null,"housenumber":"29B","wheelchair":null,"tags":{"addr:city":"Târgu Mureș","addr:housenumber":"29B","addr:street":"Aleea Carpați","entrance":"yes"}}},{"type":"Feature","geometry":{"type":"Point","coordinates":[24.5584085,46.554641]},"properties":{"id":"n2156467692","label":"nr. 29D","label_key":"addr:housenumber","entrance":"yes","building_id":null,"link":null,"dist_m":null,"housenumber":"29D","wheelchair":null,"tags":{"addr:city":"Târgu Mureș","addr:housenumber":"29D","addr:street":"Aleea Carpați","entrance":"yes"}}},{"type":"Feature","geometry":{"type":"Point","coordinates":[24.5583952,46.5548397]},"properties":{"id":"n2156467693","label":"nr. 29E","label_key":"addr:housenumber","entrance":"yes","building_id":null,"link":null,"dist_m":null,"housenumber":"29E","wheelchair":null,"tags":{"addr:city":"Târgu Mureș","addr:housenumber":"29E","addr:street":"Aleea Carpați","entrance":"yes"}}},{"type":"Feature","geometry":{"type":"Point","coordinates":[24.5589884,46.5552964]},"properties":{"id":"n2156467694","label":"nr. 33A","label_key":"addr:housenumber","entrance":"yes","building_id":null,"link":null,"dist_m":null,"housenumber":"33A","wheelchair":null,"tags":{"addr:city":"Târgu Mureș","addr:housenumber":"33A","addr:street":"Aleea Carpați","entrance":"yes"}}},{"type":"Feature","geometry":{"type":"Point","coordinates":[24.5590041,46.5550967]},"properties":{"id":"n2156467695","label":"nr. 33B","label_key":"addr:housenumber","entrance":"yes","building_id":null,"link":null,"dist_m":null,"housenumber":"33B","wheelchair":null,"tags":{"addr:city":"Târgu Mureș","addr:housenumber":"33B","addr:street":"Aleea Carpați","entrance":"yes"}}},{"type":"Feature","geometry":{"type":"Point","coordinates":[24.5590353,46.5546972]},"properties":{"id":"n2156467696","label":"nr. 33D","label_key":"addr:housenumber","entrance":"yes","building_id":null,"link":null,"dist_m":null,"housenumber":"33D","wheelchair":null,"tags":{"addr:city":"Târgu Mureș","addr:housenumber":"33D","addr:street":"Aleea Carpați","entrance":"yes"}}},{"type":"Feature","geometry":{"type":"Point","coordinates":[24.559051,46.5544975]},"properties":{"id":"n2156467697","label":"nr. 33E","label_key":"addr:housenumber","entrance":"yes","building_id":null,"link":null,"dist_m":null,"housenumber":"33E","wheelchair":null,"tags":{"addr:city":"Târgu Mureș","addr:housenumber":"33E","addr:street":"Aleea Carpați","entrance":"yes"}}},{"type":"Feature","geometry":{"type":"Point","coordinates":[24.5599936,46.5549744]},"properties":{"id":"n2156467698","label":"nr. 37A","label_key":"addr:housenumber","entrance":"yes","building_id":null,"link":null,"dist_m":null,"housenumber":"37A","wheelchair":null,"tags":{"addr:city":"Târgu Mureș","addr:housenumber":"37A","addr:street":"Aleea Carpați","entrance":"yes"}}},{"type":"Feature","geometry":{"type":"Point","coordinates":[24.5599767,46.5551728]},"properties":{"id":"n2156467699","label":"nr. 37B","label_key":"addr:housenumber","entrance":"yes","building_id":null,"link":null,"dist_m":null,"housenumber":"37B","wheelchair":null,"tags":{"addr:city":"Târgu Mureș","addr:housenumber":"37B","addr:street":"Aleea Carpați","entrance":"yes"}}},{"type":"Feature","geometry":{"type":"Point","coordinates":[24.5599429,46.5555697]},"properties":{"id":"n2156467700","label":"nr. 37D","label_key":"addr:housenumber","entrance":"yes","building_id":null,"link":null,"dist_m":null,"housenumber":"37D","wheelchair":null,"tags":{"addr:city":"Târgu Mureș","addr:housenumber":"37D","addr:street":"Aleea Carpați","entrance":"yes"}}},{"type":"Feature","geometry":{"type":"Point","coordinates":[24.559926,46.5557681]},"properties":{"id":"n2156467701","label":"nr. 37E","label_key":"addr:housenumber","entrance":"yes","building_id":null,"link":null,"dist_m":null,"housenumber":"37E","wheelchair":null,"tags":{"addr:city":"Târgu Mureș","addr:housenumber":"37E","addr:street":"Aleea Carpați","entrance":"yes"}}},{"type":"Feature","geometry":{"type":"Point","coordinates":[24.5605301,46.5562075]},"properties":{"id":"n2156467702","label":"nr. 41A","label_key":"addr:housenumber","entrance":"yes","building_id":null,"link":null,"dist_m":null,"housenumber":"41A","wheelchair":null,"tags":{"addr:city":"Târgu Mureș","addr:housenumber":"41A","addr:street":"Aleea Carpați","entrance":"yes"}}},{"type":"Feature","geometry":{"type":"Point","coordinates":[24.5605437,46.556009]},"properties":{"id":"n2156467703","label":"nr. 41B","label_key":"addr:housenumber","entrance":"yes","building_id":null,"link":null,"dist_m":null,"housenumber":"41B","wheelchair":null,"tags":{"addr:city":"Târgu Mureș","addr:housenumber":"41B","addr:street":"Aleea Carpați","entrance":"yes"}}},{"type":"Feature","geometry":{"type":"Point","coordinates":[24.5605708,46.555612]},"properties":{"id":"n2156467704","label":"nr. 41D","label_key":"addr:housenumber","entrance":"yes","building_id":null,"link":null,"dist_m":null,"housenumber":"41D","wheelchair":null,"tags":{"addr:city":"Târgu Mureș","addr:housenumber":"41D","addr:street":"Aleea Carpați","entrance":"yes"}}},{"type":"Feature","geometry":{"type":"Point","coordinates":[24.5605844,46.5554135]},"properties":{"id":"n2156467705","label":"nr. 41E","label_key":"addr:housenumber","entrance":"yes","building_id":null,"link":null,"dist_m":null,"housenumber":"41E","wheelchair":null,"tags":{"addr:city":"Târgu Mureș","addr:housenumber":"41E","addr:street":"Aleea Carpați","entrance":"yes"}}},{"type":"Feature","geometry":{"type":"Point","coordinates":[24.5615418,46.5558761]},"properties":{"id":"n2156467706","label":"nr. 45A","label_key":"addr:housenumber","entrance":"yes","building_id":null,"link":null,"dist_m":null,"housenumber":"45A","wheelchair":null,"tags":{"addr:city":"Târgu Mureș","addr:housenumber":"45A","addr:street":"Aleea Carpați","entrance":"yes"}}},{"type":"Feature","geometry":{"type":"Point","coordinates":[24.5615227,46.5560758]},"properties":{"id":"n2156467707","label":"nr. 45B","label_key":"addr:housenumber","entrance":"yes","building_id":null,"link":null,"dist_m":null,"housenumber":"45B","wheelchair":null,"tags":{"addr:city":"Târgu Mureș","addr:housenumber":"45B","addr:street":"Aleea Carpați","entrance":"yes"}}},{"type":"Feature","geometry":{"type":"Point","coordinates":[24.5615037,46.5562755]},"properties":{"id":"n2156467708","label":"nr. 45C","label_key":"addr:housenumber","entrance":"yes","building_id":null,"link":null,"dist_m":null,"housenumber":"45C","wheelchair":null,"tags":{"addr:city":"Târgu Mureș","addr:housenumber":"45C","addr:street":"Aleea Carpați","entrance":"yes"}}},{"type":"Feature","geometry":{"type":"Point","coordinates":[24.5614847,46.5564752]},"properties":{"id":"n2156467709","label":"nr. 45D","label_key":"addr:housenumber","entrance":"yes","building_id":null,"link":null,"dist_m":null,"housenumber":"45D","wheelchair":null,"tags":{"addr:city":"Târgu Mureș","addr:housenumber":"45D","addr:street":"Aleea Carpați","entrance":"yes"}}},{"type":"Feature","geometry":{"type":"Point","coordinates":[24.5614656,46.5566749]},"properties":{"id":"n2156467710","label":"nr. 45E","label_key":"addr:housenumber","entrance":"yes","building_id":null,"link":null,"dist_m":null,"housenumber":"45E","wheelchair":null,"tags":{"addr:city":"Târgu Mureș","addr:housenumber":"45E","addr:street":"Aleea Carpați","entrance":"yes"}}},{"type":"Feature","geometry":{"type":"Point","coordinates":[24.541998,46.5609971]},"properties":{"id":"n12612904418","label":"nr. 28","label_key":"addr:housenumber","entrance":"main","building_id":"w1362307186","link":"outline","dist_m":0.0,"housenumber":"28","wheelchair":null,"tags":{"addr:city":"Târgu Mureș","addr:housenumber":"28","addr:postcode":"540289","addr:street":"Strada Bărăganului","door":"yes","entrance":"main"}}},{"type":"Feature","geometry":{"type":"Point","coordinates":[24.5421675,46.5608986]},"properties":{"id":"n12612904419","label":"nr. 26","label_key":"addr:housenumber","entrance":"main","building_id":"w1362307186","link":"outline","dist_m":0.0,"housenumber":"26","wheelchair":null,"tags":{"addr:city":"Târgu Mureș","addr:housenumber":"26","addr:postcode":"540289","addr:street":"Strada Bărăganului","door":"yes","entrance":"main"}}},{"type":"Feature","geometry":{"type":"Point","coordinates":[24.5423751,46.5607931]},"properties":{"id":"n12612904420","label":"nr. 24","label_key":"addr:housenumber","entrance":"main","building_id":"w1362307186","link":"outline","dist_m":0.0,"housenumber":"24","wheelchair":null,"tags":{"addr:city":"Târgu Mureș","addr:housenumber":"24","addr:postcode":"540289","addr:street":"Strada Bărăganului","door":"yes","entrance":"main"}}},{"type":"Feature","geometry":{"type":"Point","coordinates":[24.5425405,46.5606714]},"properties":{"id":"n12612904421","label":"nr. 22","label_key":"addr:housenumber","entrance":"main","building_id":"w1362307186","link":"outline","dist_m":0.0,"housenumber":"22","wheelchair":null,"tags":{"addr:city":"Târgu Mureș","addr:housenumber":"22","addr:postcode":"540289","addr:street":"Strada Bărăganului","door":"yes","entrance":"main"}}},{"type":"Feature","geometry":{"type":"Point","coordinates":[24.5429402,46.5605223]},"properties":{"id":"n12612919178","label":"","label_key":null,"entrance":"main","building_id":"w1362308961","link":"outline","dist_m":0.0,"housenumber":null,"wheelchair":null,"tags":{"addr:city":"Târgu Mureș","addr:postcode":"540289","addr:street":"Strada Bărăganului","door":"yes","entrance":"main"}}},{"type":"Feature","geometry":{"type":"Point","coordinates":[24.5432221,46.5603625]},"properties":{"id":"n12612919179","label":"nr. 18","label_key":"addr:housenumber","entrance":"main","building_id":"w1362308961","link":"outline","dist_m":0.0,"housenumber":"18","wheelchair":null,"tags":{"addr:city":"Târgu Mureș","addr:housenumber":"18","addr:postcode":"540289","addr:street":"Strada Bărăganului","door":"yes","entrance":"main"}}},{"type":"Feature","geometry":{"type":"Point","coordinates":[24.5446971,46.560064]},"properties":{"id":"n358551041","label":"","label_key":null,"entrance":"yes","building_id":"w31998764","link":"outline","dist_m":0.0,"housenumber":null,"wheelchair":null,"tags":{"entrance":"yes"}}},{"type":"Feature","geometry":{"type":"Point","coordinates":[24.5438407,46.5604356]},"properties":{"id":"n358555991","label":"","label_key":null,"entrance":"yes","building_id":"w31998261","link":"outline","dist_m":0.0,"housenumber":null,"wheelchair":null,"tags":{"entrance":"yes"}}},{"type":"Feature","geometry":{"type":"Point","coordinates":[24.5443866,46.5602895]},"properties":{"id":"n358585081","label":"","label_key":null,"entrance":"yes","building_id":"w31997242","link":"outline","dist_m":0.0,"housenumber":null,"wheelchair":null,"tags":{"entrance":"yes"}}},{"type":"Feature","geometry":{"type":"Point","coordinates":[24.5446249,46.5605147]},"properties":{"id":"n358594318","label":"","label_key":null,"entrance":"yes","building_id":"w31997242","link":"outline","dist_m":0.0,"housenumber":null,"wheelchair":null,"tags":{"entrance":"yes"}}},{"type":"Feature","geometry":{"type":"Point","coordinates":[24.543991,46.5605632]},"properties":{"id":"n358595418","label":"","label_key":null,"entrance":"yes","building_id":"w31998261","link":"outline","dist_m":0.0,"housenumber":null,"wheelchair":null,"tags":{"entrance":"yes"}}},{"type":"Feature","geometry":{"type":"Point","coordinates":[24.5442032,46.5606995]},"properties":{"id":"n358602987","label":"","label_key":null,"entrance":"yes","building_id":"w31998261","link":"outline","dist_m":0.0,"housenumber":null,"wheelchair":null,"tags":{"entrance":"yes"}}},{"type":"Feature","geometry":{"type":"Point","coordinates":[24.5432648,46.5611984]},"properties":{"id":"n358603183","label":"","label_key":null,"entrance":"yes","building_id":"w31997613","link":"outline","dist_m":0.0,"housenumber":null,"wheelchair":null,"tags":{"entrance":"yes"}}},{"type":"Feature","geometry":{"type":"Point","coordinates":[24.5435867,46.5610651]},"properties":{"id":"n3832033056","label":"","label_key":null,"entrance":"yes","building_id":"w31997613","link":"outline","dist_m":0.0,"housenumber":null,"wheelchair":null,"tags":{"entrance":"yes"}}},{"type":"Feature","geometry":{"type":"Point","coordinates":[24.5449276,46.560299]},"properties":{"id":"n3832033267","label":"","label_key":null,"entrance":"yes","building_id":"w31998764","link":"outline","dist_m":0.0,"housenumber":null,"wheelchair":null,"tags":{"entrance":"yes"}}},{"type":"Feature","geometry":{"type":"Point","coordinates":[24.5435368,46.5625869]},"properties":{"id":"n8640903528","label":"","label_key":null,"entrance":"main","building_id":"w379684735","link":"nearest","dist_m":12.6,"housenumber":null,"wheelchair":null,"tags":{"entrance":"main"}}},{"type":"Feature","geometry":{"type":"Point","coordinates":[24.5488362,46.5631497]},"properties":{"id":"n9060630189","label":"","label_key":"addr:housenumber","entrance":"staircase","building_id":"w31995760","link":"outline","dist_m":0.0,"housenumber":"3","wheelchair":null,"tags":{"addr:city":"Târgu Mureș","addr:housenumber":"3","addr:postcode":"540272","addr:street":"Strada Vasile Lucaciu","door":"yes","entrance":"staircase"},"redundant":true}},{"type":"Feature","geometry":{"type":"Point","coordinates":[24.5464735,46.560428]},"properties":{"id":"n10126207971","label":"nr. 7","label_key":"addr:housenumber","entrance":"yes","building_id":"w31995496","link":"outline","dist_m":0.0,"housenumber":"7","wheelchair":"limited","tags":{"addr:city":"Târgu Mureș","addr:housenumber":"7","addr:neighbourhood":"Unirii","addr:street":"Strada Petru Maior","door":"yes/manual","entrance":"yes","level":"0"}}},{"type":"Feature","geometry":{"type":"Point","coordinates":[24.5466377,46.5605395]},"properties":{"id":"n10126219062","label":"nr. 9","label_key":"addr:housenumber","entrance":"yes","building_id":"w31995496","link":"outline","dist_m":0.0,"housenumber":"9","wheelchair":"limited","tags":{"addr:city":"Târgu Mureș","addr:housenumber":"9","addr:neighbourhood":"Unirii","addr:street":"Strada Petru Maior","door":"yes/manual","entrance":"yes"}}},{"type":"Feature","geometry":{"type":"Point","coordinates":[24.5461327,46.5606439]},"properties":{"id":"n10126223827","label":"","label_key":"addr:housenumber","entrance":"yes","building_id":"w31998726","link":"outline","dist_m":0.0,"housenumber":"6","wheelchair":"limited","tags":{"addr:city":"Târgu Mureș","addr:housenumber":"6","addr:neighbourhood":"Unirii","addr:street":"Strada Gheorghe Pop de Băsești","door":"yes/manual","entrance":"yes","level":"0"},"redundant":true}},{"type":"Feature","geometry":{"type":"Point","coordinates":[24.5436676,46.5625171]},"properties":{"id":"n10957701606","label":"","label_key":null,"entrance":"yes","building_id":"w379684735","link":"outline","dist_m":0.0,"housenumber":null,"wheelchair":null,"tags":{"entrance":"yes"}}},{"type":"Feature","geometry":{"type":"Point","coordinates":[24.5436705,46.5624334]},"properties":{"id":"n10957701608","label":"","label_key":null,"entrance":"main","building_id":"w379684735","link":"outline","dist_m":0.0,"housenumber":null,"wheelchair":null,"tags":{"entrance":"main"}}},{"type":"Feature","geometry":{"type":"Point","coordinates":[24.543789,46.5623605]},"properties":{"id":"n10957701610","label":"","label_key":null,"entrance":"yes","building_id":"w379684735","link":"outline","dist_m":0.0,"housenumber":null,"wheelchair":null,"tags":{"entrance":"yes"}}},{"type":"Feature","geometry":{"type":"Point","coordinates":[24.5435274,46.5601768]},"properties":{"id":"n12612922906","label":"nr. 16","label_key":"addr:housenumber","entrance":"main","building_id":"w1362308962","link":"outline","dist_m":0.0,"housenumber":"16","wheelchair":null,"tags":{"addr:city":"Târgu Mureș","addr:housenumber":"16","addr:postcode":"540289","addr:street":"Strada Bărăganului","door":"yes","entrance":"main"}}},{"type":"Feature","geometry":{"type":"Point","coordinates":[24.5436763,46.5600776]},"properties":{"id":"n12612922907","label":"nr. 14","label_key":"addr:housenumber","entrance":"main","building_id":"w1362308962","link":"outline","dist_m":0.0,"housenumber":"14","wheelchair":null,"tags":{"addr:city":"Târgu Mureș","addr:housenumber":"14","addr:postcode":"540289","addr:street":"Strada Bărăganului","door":"yes","entrance":"main"}}},{"type":"Feature","geometry":{"type":"Point","coordinates":[24.5488626,46.5601779]},"properties":{"id":"n13448214849","label":"nr. 3","label_key":"addr:housenumber","entrance":"yes","building_id":"w32550780","link":"outline","dist_m":0.0,"housenumber":"3","wheelchair":null,"tags":{"addr:city":"Târgu Mureș","addr:housenumber":"3","addr:postcode":"540289","addr:street":"Strada Ștefan Cicio Pop","door":"yes","entrance":"yes"}}},{"type":"Feature","geometry":{"type":"Point","coordinates":[24.5489522,46.5604009]},"properties":{"id":"n13448214850","label":"nr. 5","label_key":"addr:housenumber","entrance":"yes","building_id":"w32550781","link":"outline","dist_m":0.0,"housenumber":"5","wheelchair":null,"tags":{"addr:city":"Târgu Mureș","addr:housenumber":"5","addr:postcode":"540289","addr:street":"Strada Ștefan Cicio Pop","door":"yes","entrance":"yes"}}},{"type":"Feature","geometry":{"type":"Point","coordinates":[24.5490239,46.5605573]},"properties":{"id":"n13448214851","label":"nr. 7","label_key":"addr:housenumber","entrance":"yes","building_id":"w32550781","link":"outline","dist_m":0.0,"housenumber":"7","wheelchair":null,"tags":{"addr:city":"Târgu Mureș","addr:housenumber":"7","addr:postcode":"540289","addr:street":"Strada Ștefan Cicio Pop","door":"yes","entrance":"yes"}}},{"type":"Feature","geometry":{"type":"Point","coordinates":[24.5490308,46.5608439]},"properties":{"id":"n13448214852","label":"nr. 9","label_key":"addr:housenumber","entrance":"yes","building_id":"w32550781","link":"outline","dist_m":0.0,"housenumber":"9","wheelchair":null,"tags":{"addr:city":"Târgu Mureș","addr:housenumber":"9","addr:postcode":"540289","addr:street":"Strada Ștefan Cicio Pop","door":"yes","entrance":"yes"}}},{"type":"Feature","geometry":{"type":"Point","coordinates":[24.5487347,46.5609291]},"properties":{"id":"n13448214853","label":"nr. 11","label_key":"addr:housenumber","entrance":"yes","building_id":"w32550781","link":"outline","dist_m":0.0,"housenumber":"11","wheelchair":null,"tags":{"addr:city":"Târgu Mureș","addr:housenumber":"11","addr:postcode":"540289","addr:street":"Strada Ștefan Cicio Pop","door":"yes","entrance":"yes"}}},{"type":"Feature","geometry":{"type":"Point","coordinates":[24.5489707,46.5612493]},"properties":{"id":"n13448214854","label":"nr. 13","label_key":"addr:housenumber","entrance":"yes","building_id":"w31996260","link":"outline","dist_m":0.0,"housenumber":"13","wheelchair":null,"tags":{"addr:city":"Târgu Mureș","addr:housenumber":"13","addr:postcode":"540289","addr:street":"Strada Ștefan Cicio Pop","door":"yes","entrance":"yes"}}},{"type":"Feature","geometry":{"type":"Point","coordinates":[24.5490472,46.5614716]},"properties":{"id":"n13448214855","label":"nr. 15","label_key":"addr:housenumber","entrance":"yes","building_id":"w31996260","link":"outline","dist_m":0.0,"housenumber":"15","wheelchair":null,"tags":{"addr:city":"Târgu Mureș","addr:housenumber":"15","addr:postcode":"540289","addr:street":"Strada Ștefan Cicio Pop","door":"yes","entrance":"yes"}}},{"type":"Feature","geometry":{"type":"Point","coordinates":[24.5491601,46.5616961]},"properties":{"id":"n13448214856","label":"nr. 17","label_key":"addr:housenumber","entrance":"yes","building_id":"w31996889","link":"outline","dist_m":0.0,"housenumber":"17","wheelchair":null,"tags":{"addr:city":"Târgu Mureș","addr:housenumber":"17","addr:postcode":"540289","addr:street":"Strada Ștefan Cicio Pop","door":"yes","entrance":"yes"}}},{"type":"Feature","geometry":{"type":"Point","coordinates":[24.5492051,46.5618588]},"properties":{"id":"n13448214857","label":"nr. 19","label_key":"addr:housenumber","entrance":"yes","building_id":"w31996889","link":"outline","dist_m":0.0,"housenumber":"19","wheelchair":null,"tags":{"addr:city":"Târgu Mureș","addr:housenumber":"19","addr:postcode":"540289","addr:street":"Strada Ștefan Cicio Pop","door":"yes","entrance":"yes"}}},{"type":"Feature","geometry":{"type":"Point","coordinates":[24.5493883,46.5623449]},"properties":{"id":"n13448214858","label":"nr. 29","label_key":"addr:housenumber","entrance":"yes","building_id":"w31997028","link":"outline","dist_m":0.0,"housenumber":"29","wheelchair":null,"tags":{"addr:city":"Târgu Mureș","addr:housenumber":"29","addr:postcode":"540272","addr:street":"Strada Ștefan Cicio Pop","door":"yes","entrance":"yes"}}},{"type":"Feature","geometry":{"type":"Point","coordinates":[24.5494596,46.5624971]},"properties":{"id":"n13448214859","label":"nr. 31","label_key":"addr:housenumber","entrance":"yes","building_id":"w31997028","link":"outline","dist_m":0.0,"housenumber":"31","wheelchair":null,"tags":{"addr:city":"Târgu Mureș","addr:housenumber":"31","addr:postcode":"540272","addr:street":"Strada Ștefan Cicio Pop","door":"yes","entrance":"yes"}}},{"type":"Feature","geometry":{"type":"Point","coordinates":[24.5495222,46.5627618]},"properties":{"id":"n13448214860","label":"nr. 33","label_key":"addr:housenumber","entrance":"yes","building_id":"w31997028","link":"outline","dist_m":0.0,"housenumber":"33","wheelchair":null,"tags":{"addr:city":"Târgu Mureș","addr:housenumber":"33","addr:postcode":"540272","addr:street":"Strada Ștefan Cicio Pop","door":"yes","entrance":"yes"}}},{"type":"Feature","geometry":{"type":"Point","coordinates":[24.548837,46.5620138]},"properties":{"id":"n13448214861","label":"nr. 21","label_key":"addr:housenumber","entrance":"yes","building_id":"w31995676","link":"outline","dist_m":0.0,"housenumber":"21","wheelchair":null,"tags":{"addr:city":"Târgu Mureș","addr:housenumber":"21","addr:postcode":"540289","addr:street":"Strada Ștefan Cicio Pop","door":"yes","entrance":"yes"}}},{"type":"Feature","geometry":{"type":"Point","coordinates":[24.5489369,46.5621567]},"properties":{"id":"n13448214862","label":"nr. 23","label_key":"addr:housenumber","entrance":"yes","building_id":"w31995676","link":"outline","dist_m":0.0,"housenumber":"23","wheelchair":null,"tags":{"addr:city":"Târgu Mureș","addr:housenumber":"23","addr:postcode":"540289","addr:street":"Strada Ștefan Cicio Pop","door":"yes","entrance":"yes"}}},{"type":"Feature","geometry":{"type":"Point","coordinates":[24.5487399,46.562324]},"properties":{"id":"n13448214863","label":"nr. 25","label_key":"addr:housenumber","entrance":"yes","building_id":"w31994822","link":"outline","dist_m":0.0,"housenumber":"25","wheelchair":null,"tags":{"addr:city":"Târgu Mureș","addr:housenumber":"25","addr:postcode":"540289","addr:street":"Strada Ștefan Cicio Pop","door":"yes","entrance":"yes"}}},{"type":"Feature","geometry":{"type":"Point","coordinates":[24.5487765,46.5624851]},"properties":{"id":"n13448214864","label":"nr. 27","label_key":"addr:housenumber","entrance":"yes","building_id":"w31994822","link":"outline","dist_m":0.0,"housenumber":"27","wheelchair":null,"tags":{"addr:city":"Târgu Mureș","addr:housenumber":"27","addr:postcode":"540289","addr:street":"Strada Ștefan Cicio Pop","door":"yes","entrance":"yes"}}},{"type":"Feature","geometry":{"type":"Point","coordinates":[24.5491107,46.5602102]},"properties":{"id":"n13448214867","label":"nr. 6","label_key":"addr:housenumber","entrance":"yes","building_id":"w31998413","link":"outline","dist_m":0.0,"housenumber":"6","wheelchair":null,"tags":{"addr:city":"Târgu Mureș","addr:housenumber":"6","addr:postcode":"540289","addr:street":"Strada Ștefan Cicio Pop","door":"yes","entrance":"yes"}}},{"type":"Feature","geometry":{"type":"Point","coordinates":[24.5492709,46.5604417]},"properties":{"id":"n13448214868","label":"nr. 8","label_key":"addr:housenumber","entrance":"yes","building_id":"w31994797","link":"outline","dist_m":0.0,"housenumber":"8","wheelchair":null,"tags":{"addr:city":"Târgu Mureș","addr:housenumber":"8","addr:postcode":"540289","addr:street":"Strada Ștefan Cicio Pop","door":"yes","entrance":"yes"}}},{"type":"Feature","geometry":{"type":"Point","coordinates":[24.5496481,46.5603521]},"properties":{"id":"n13448214869","label":"nr. 10","label_key":"addr:housenumber","entrance":"yes","building_id":"w31994797","link":"outline","dist_m":0.0,"housenumber":"10","wheelchair":null,"tags":{"addr:city":"Târgu Mureș","addr:housenumber":"10","addr:postcode":"540289","addr:street":"Strada Ștefan Cicio Pop","door":"yes","entrance":"yes"}}},{"type":"Feature","geometry":{"type":"Point","coordinates":[24.5493896,46.5607098]},"properties":{"id":"n13448214870","label":"nr. 12","label_key":"addr:housenumber","entrance":"yes","building_id":"w31994554","link":"outline","dist_m":0.0,"housenumber":"12","wheelchair":null,"tags":{"addr:city":"Târgu Mureș","addr:housenumber":"12","addr:postcode":"540289","addr:street":"Strada Ștefan Cicio Pop","door":"yes","entrance":"yes"}}},{"type":"Feature","geometry":{"type":"Point","coordinates":[24.5497694,46.560621]},"properties":{"id":"n13448214871","label":"nr. 14","label_key":"addr:housenumber","entrance":"yes","building_id":"w31994554","link":"outline","dist_m":0.0,"housenumber":"14","wheelchair":null,"tags":{"addr:city":"Târgu Mureș","addr:housenumber":"14","addr:postcode":"540289","addr:street":"Strada Ștefan Cicio Pop","door":"yes","entrance":"yes"}}},{"type":"Feature","geometry":{"type":"Point","coordinates":[24.5495146,46.5609774]},"properties":{"id":"n13448214872","label":"nr. 16","label_key":"addr:housenumber","entrance":"yes","building_id":"w31997777","link":"outline","dist_m":0.0,"housenumber":"16","wheelchair":null,"tags":{"addr:city":"Târgu Mureș","addr:housenumber":"16","addr:postcode":"540289","addr:street":"Strada Ștefan Cicio Pop","door":"yes","entrance":"yes"}}},{"type":"Feature","geometry":{"type":"Point","coordinates":[24.5493717,46.5613235]},"properties":{"id":"n13448214874","label":"nr. 22","label_key":"addr:housenumber","entrance":"yes","building_id":"w31998429","link":"outline","dist_m":0.0,"housenumber":"22","wheelchair":null,"tags":{"addr:city":"Târgu Mureș","addr:housenumber":"22","addr:postcode":"540289","addr:street":"Strada Ștefan Cicio Pop","door":"yes","entrance":"yes"}}},{"type":"Feature","geometry":{"type":"Point","coordinates":[24.5495665,46.561301]},"properties":{"id":"n13448214875","label":"nr. 24","label_key":"addr:housenumber","entrance":"yes","building_id":"w31998429","link":"outline","dist_m":0.0,"housenumber":"24","wheelchair":null,"tags":{"addr:city":"Târgu Mureș","addr:housenumber":"24","addr:postcode":"540289","addr:street":"Strada Ștefan Cicio Pop","door":"yes","entrance":"yes"}}},{"type":"Feature","geometry":{"type":"Point","coordinates":[24.5494159,46.5616784]},"properties":{"id":"n13448214876","label":"nr. 26","label_key":"addr:housenumber","entrance":"yes","building_id":"w31997627","link":"outline","dist_m":0.0,"housenumber":"26","wheelchair":null,"tags":{"addr:city":"Târgu Mureș","addr:housenumber":"26","addr:postcode":"540289","addr:street":"Strada Ștefan Cicio Pop","door":"yes","entrance":"yes"}}},{"type":"Feature","geometry":{"type":"Point","coordinates":[24.5494586,46.5618422]},"properties":{"id":"n13448214877","label":"nr. 28","label_key":"addr:housenumber","entrance":"yes","building_id":"w31997627","link":"outline","dist_m":0.0,"housenumber":"28","wheelchair":null,"tags":{"addr:city":"Târgu Mureș","addr:housenumber":"28","addr:postcode":"540289","addr:street":"Strada Ștefan Cicio Pop","door":"yes","entrance":"yes"}}},{"type":"Feature","geometry":{"type":"Point","coordinates":[24.5495858,46.5620794]},"properties":{"id":"n13448214878","label":"nr. 34","label_key":"addr:housenumber","entrance":"yes","building_id":"w31998117","link":"outline","dist_m":0.0,"housenumber":"34","wheelchair":null,"tags":{"addr:city":"Târgu Mureș","addr:housenumber":"34","addr:postcode":"540272","addr:street":"Strada Ștefan Cicio Pop","door":"yes","entrance":"yes"}}},{"type":"Feature","geometry":{"type":"Point","coordinates":[24.5496333,46.5622449]},"properties":{"id":"n13448214879","label":"nr. 36","label_key":"addr:housenumber","entrance":"yes","building_id":"w31998117","link":"outline","dist_m":0.0,"housenumber":"36","wheelchair":null,"tags":{"addr:city":"Târgu Mureș","addr:housenumber":"36","addr:postcode":"540272","addr:street":"Strada Ștefan Cicio Pop","door":"yes","entrance":"yes"}}},{"type":"Feature","geometry":{"type":"Point","coordinates":[24.5497052,46.5623958]},"properties":{"id":"n13448214880","label":"nr. 38","label_key":"addr:housenumber","entrance":"yes","building_id":"w31998117","link":"outline","dist_m":0.0,"housenumber":"38","wheelchair":null,"tags":{"addr:city":"Târgu Mureș","addr:housenumber":"38","addr:postcode":"540272","addr:street":"Strada Ștefan Cicio Pop","door":"yes","entrance":"yes"}}},{"type":"Feature","geometry":{"type":"Point","coordinates":[24.5422447,46.5688763]},"properties":{"id":"n13483927370","label":"nr. 32L","label_key":"addr:housenumber","entrance":"yes","building_id":"w1101753216","link":"outline","dist_m":0.0,"housenumber":"32L","wheelchair":null,"tags":{"addr:city":"Târgu Mureș","addr:housenumber":"32L","addr:street":"Strada Pomilor","entrance":"yes"}}},{"type":"Feature","geometry":{"type":"Point","coordinates":[24.5426769,46.5687974]},"properties":{"id":"n13483927371","label":"nr. 32M","label_key":"addr:housenumber","entrance":"yes","building_id":"w1101753216","link":"outline","dist_m":0.0,"housenumber":"32M","wheelchair":null,"tags":{"addr:city":"Târgu Mureș","addr:housenumber":"32M","addr:street":"Strada Pomilor","entrance":"yes"}}},{"type":"Feature","geometry":{"type":"Point","coordinates":[24.5513284,46.5628466]},"properties":{"id":"n12598857065","label":"","label_key":"addr:housenumber","entrance":"main","building_id":"w31994097","link":"outline","dist_m":0.0,"housenumber":"45","wheelchair":null,"tags":{"addr:city":"Târgu Mureș","addr:housenumber":"45","addr:postcode":"540289","addr:street":"Strada Apaductului","door":"yes","entrance":"main"},"redundant":true}},{"type":"Feature","geometry":{"type":"Point","coordinates":[24.5498851,46.5608873]},"properties":{"id":"n13448214873","label":"nr. 18","label_key":"addr:housenumber","entrance":"yes","building_id":"w31997777","link":"outline","dist_m":0.0,"housenumber":"18","wheelchair":null,"tags":{"addr:city":"Târgu Mureș","addr:housenumber":"18","addr:postcode":"540289","addr:street":"Strada Ștefan Cicio Pop","door":"yes","entrance":"yes"}}},{"type":"Feature","geometry":{"type":"Point","coordinates":[24.5499627,46.5618139]},"properties":{"id":"n13448214881","label":"nr. 30","label_key":"addr:housenumber","entrance":"yes","building_id":"w31998834","link":"outline","dist_m":0.0,"housenumber":"30","wheelchair":null,"tags":{"addr:city":"Târgu Mureș","addr:housenumber":"30","addr:postcode":"540289","addr:street":"Strada Ștefan Cicio Pop","door":"yes","entrance":"yes"}}},{"type":"Feature","geometry":{"type":"Point","coordinates":[24.5500642,46.5619635]},"properties":{"id":"n13448214882","label":"nr. 32","label_key":"addr:housenumber","entrance":"yes","building_id":"w31998834","link":"outline","dist_m":0.0,"housenumber":"32","wheelchair":null,"tags":{"addr:city":"Târgu Mureș","addr:housenumber":"32","addr:postcode":"540289","addr:street":"Strada Ștefan Cicio Pop","door":"yes","entrance":"yes"}}},{"type":"Feature","geometry":{"type":"Point","coordinates":[24.5579739,46.5617067]},"properties":{"id":"n2060221043","label":"","label_key":null,"entrance":"yes","building_id":null,"link":null,"dist_m":null,"housenumber":null,"wheelchair":null,"tags":{"entrance":"yes"}}},{"type":"Feature","geometry":{"type":"Point","coordinates":[24.5587201,46.5617911]},"properties":{"id":"n2060221046","label":"","label_key":null,"entrance":"yes","building_id":null,"link":null,"dist_m":null,"housenumber":null,"wheelchair":null,"tags":{"entrance":"yes"}}},{"type":"Feature","geometry":{"type":"Point","coordinates":[24.5590388,46.5618272]},"properties":{"id":"n2060221050","label":"","label_key":null,"entrance":"yes","building_id":null,"link":null,"dist_m":null,"housenumber":null,"wheelchair":null,"tags":{"entrance":"yes"}}},{"type":"Feature","geometry":{"type":"Point","coordinates":[24.5684181,46.5478828]},"properties":{"id":"n965280052","label":"","label_key":null,"entrance":"yes","building_id":null,"link":null,"dist_m":null,"housenumber":null,"wheelchair":null,"tags":{"entrance":"yes"}}},{"type":"Feature","geometry":{"type":"Point","coordinates":[24.5684026,46.5473283]},"properties":{"id":"n965280053","label":"","label_key":null,"entrance":"yes","building_id":null,"link":null,"dist_m":null,"housenumber":null,"wheelchair":null,"tags":{"entrance":"yes"}}},{"type":"Feature","geometry":{"type":"Point","coordinates":[24.5666732,46.5474986]},"properties":{"id":"n2502074917","label":"","label_key":null,"entrance":"yes","building_id":null,"link":null,"dist_m":null,"housenumber":null,"wheelchair":null,"tags":{"entrance":"yes"}}},{"type":"Feature","geometry":{"type":"Point","coordinates":[24.5677711,46.5477469]},"properties":{"id":"n2502074920","label":"","label_key":null,"entrance":"yes","building_id":null,"link":null,"dist_m":null,"housenumber":null,"wheelchair":null,"tags":{"entrance":"yes"}}},{"type":"Feature","geometry":{"type":"Point","coordinates":[24.5680102,46.5522664]},"properties":{"id":"n11828899207","label":"nr. 2","label_key":"addr:housenumber","entrance":"yes","building_id":"w87992009","link":"outline","dist_m":0.0,"housenumber":"2","wheelchair":null,"tags":{"addr:city":"Târgu Mureș","addr:housenumber":"2","addr:postcode":"540091","addr:street":"Strada Vișeului","door":"yes","entrance":"yes"}}},{"type":"Feature","geometry":{"type":"Point","coordinates":[24.5681824,46.5521501]},"properties":{"id":"n11828899209","label":"nr. 4","label_key":"addr:housenumber","entrance":"yes","building_id":"w87992009","link":"outline","dist_m":0.0,"housenumber":"4","wheelchair":null,"tags":{"addr:city":"Târgu Mureș","addr:housenumber":"4","addr:postcode":"540091","addr:street":"Strada Vișeului","door":"yes","entrance":"yes"}}},{"type":"Feature","geometry":{"type":"Point","coordinates":[24.5695793,46.5504938]},"properties":{"id":"n559577728","label":"","label_key":null,"entrance":"yes","building_id":null,"link":null,"dist_m":null,"housenumber":null,"wheelchair":null,"tags":{"entrance":"yes"}}},{"type":"Feature","geometry":{"type":"Point","coordinates":[24.5713721,46.5518069]},"properties":{"id":"n1022333711","label":"","label_key":null,"entrance":"yes","building_id":null,"link":null,"dist_m":null,"housenumber":null,"wheelchair":null,"tags":{"entrance":"yes"}}},{"type":"Feature","geometry":{"type":"Point","coordinates":[24.5734421,46.5514779]},"properties":{"id":"n1260283833","label":"","label_key":null,"entrance":"yes","building_id":"w87819796","link":"nearest","dist_m":29.7,"housenumber":null,"wheelchair":null,"tags":{"entrance":"yes"}}},{"type":"Feature","geometry":{"type":"Point","coordinates":[24.5717902,46.552512]},"properties":{"id":"n1838463574","label":"","label_key":null,"entrance":"main","building_id":null,"link":null,"dist_m":null,"housenumber":null,"wheelchair":null,"tags":{"entrance":"main"}}},{"type":"Feature","geometry":{"type":"Point","coordinates":[24.5736684,46.5480416]},"properties":{"id":"n2518878320","label":"","label_key":null,"entrance":"yes","building_id":"w87823141","link":"outline","dist_m":0.0,"housenumber":null,"wheelchair":null,"tags":{"entrance":"yes"}}},{"type":"Feature","geometry":{"type":"Point","coordinates":[24.573796,46.5483487]},"properties":{"id":"n2518878334","label":"","label_key":null,"entrance":"yes","building_id":"w87823142","link":"outline","dist_m":0.0,"housenumber":null,"wheelchair":null,"tags":{"entrance":"yes"}}},{"type":"Feature","geometry":{"type":"Point","coordinates":[24.5739355,46.5486498]},"properties":{"id":"n2518878353","label":"","label_key":null,"entrance":"yes","building_id":"w87823138","link":"outline","dist_m":0.0,"housenumber":null,"wheelchair":null,"tags":{"entrance":"yes"}}},{"type":"Feature","geometry":{"type":"Point","coordinates":[24.5740845,46.5489478]},"properties":{"id":"n2518878373","label":"","label_key":null,"entrance":"yes","building_id":"w87823139","link":"outline","dist_m":0.0,"housenumber":null,"wheelchair":null,"tags":{"entrance":"yes"}}},{"type":"Feature","geometry":{"type":"Point","coordinates":[24.5742699,46.5492639]},"properties":{"id":"n2518878390","label":"","label_key":null,"entrance":"yes","building_id":"w87823132","link":"outline","dist_m":0.0,"housenumber":null,"wheelchair":null,"tags":{"entrance":"yes"}}},{"type":"Feature","geometry":{"type":"Point","coordinates":[24.5751552,46.5493805]},"properties":{"id":"n2518878396","label":"","label_key":null,"entrance":"yes","building_id":"w87823128","link":"nearest","dist_m":26.7,"housenumber":null,"wheelchair":null,"tags":{"entrance":"yes"}}},{"type":"Feature","geometry":{"type":"Point","coordinates":[24.5744488,46.5495854]},"properties":{"id":"n2518878405","label":"","label_key":null,"entrance":"yes","building_id":"w87823137","link":"outline","dist_m":0.0,"housenumber":null,"wheelchair":null,"tags":{"entrance":"yes"}}},{"type":"Feature","geometry":{"type":"Point","coordinates":[24.5751036,46.5497838]},"properties":{"id":"n2518878412","label":"","label_key":null,"entrance":"yes","building_id":"w87823128","link":"outline","dist_m":0.0,"housenumber":null,"wheelchair":null,"tags":{"entrance":"yes"}}},{"type":"Feature","geometry":{"type":"Point","coordinates":[24.5746197,46.5499094]},"properties":{"id":"n2518878419","label":"","label_key":null,"entrance":"yes","building_id":"w87823129","link":"outline","dist_m":0.0,"housenumber":null,"wheelchair":null,"tags":{"entrance":"yes"}}},{"type":"Feature","geometry":{"type":"Point","coordinates":[24.5738561,46.5518625]},"properties":{"id":"n3022258567","label":"","label_key":null,"entrance":"yes","building_id":null,"link":null,"dist_m":null,"housenumber":null,"wheelchair":null,"tags":{"entrance":"yes"}}},{"type":"Feature","geometry":{"type":"Point","coordinates":[24.5713205,46.547364]},"properties":{"id":"n11626203596","label":"","label_key":null,"entrance":"main","building_id":null,"link":null,"dist_m":null,"housenumber":null,"wheelchair":null,"tags":{"entrance":"main"}}},{"type":"Feature","geometry":{"type":"Point","coordinates":[24.5748378,46.5541122]},"properties":{"id":"n1847842374","label":"","label_key":null,"entrance":"yes","building_id":"w87815361","link":"nearest","dist_m":32.6,"housenumber":null,"wheelchair":null,"tags":{"entrance":"yes"}}},{"type":"Feature","geometry":{"type":"Point","coordinates":[24.5711052,46.5560635]},"properties":{"id":"n8859764205","label":"","label_key":null,"entrance":"main","building_id":null,"link":null,"dist_m":null,"housenumber":null,"wheelchair":null,"tags":{"door":"yes","entrance":"main"}}},{"type":"Feature","geometry":{"type":"Point","coordinates":[24.575601,46.5572923]},"properties":{"id":"n13453204581","label":"nr. A","label_key":"addr:housenumber","entrance":"yes","building_id":"w87795147","link":"outline","dist_m":0.0,"housenumber":"A","wheelchair":null,"tags":{"addr:city":"Târgu Mureș","addr:housenumber":"A","addr:postcode":"540640","addr:street":"Strada Secuilor Martiri","door":"yes","entrance":"yes"}}},{"type":"Feature","geometry":{"type":"Point","coordinates":[24.5758052,46.5570834]},"properties":{"id":"n13453204583","label":"nr. B","label_key":"addr:housenumber","entrance":"yes","building_id":"w87795147","link":"outline","dist_m":0.0,"housenumber":"B","wheelchair":null,"tags":{"addr:city":"Târgu Mureș","addr:housenumber":"B","addr:postcode":"540640","addr:street":"Strada Secuilor Martiri","door":"yes","entrance":"yes"}}},{"type":"Feature","geometry":{"type":"Point","coordinates":[24.5759839,46.5569004]},"properties":{"id":"n13453204584","label":"nr. C","label_key":"addr:housenumber","entrance":"yes","building_id":"w87795147","link":"outline","dist_m":0.0,"housenumber":"C","wheelchair":null,"tags":{"addr:city":"Târgu Mureș","addr:housenumber":"C","addr:postcode":"540640","addr:street":"Strada Secuilor Martiri","door":"yes","entrance":"yes"}}},{"type":"Feature","geometry":{"type":"Point","coordinates":[24.5761483,46.5531515]},"properties":{"id":"n506681399","label":"","label_key":null,"entrance":"yes","building_id":null,"link":null,"dist_m":null,"housenumber":null,"wheelchair":null,"tags":{"entrance":"yes"}}},{"type":"Feature","geometry":{"type":"Point","coordinates":[24.5771028,46.5533982]},"properties":{"id":"n1260283811","label":"","label_key":null,"entrance":"yes","building_id":null,"link":null,"dist_m":null,"housenumber":null,"wheelchair":null,"tags":{"entrance":"yes"}}},{"type":"Feature","geometry":{"type":"Point","coordinates":[24.5805958,46.5579956]},"properties":{"id":"n668906478","label":"","label_key":null,"entrance":"main","building_id":null,"link":null,"dist_m":null,"housenumber":null,"wheelchair":null,"tags":{"entrance":"main"}}},{"type":"Feature","geometry":{"type":"Point","coordinates":[24.5775638,46.5538083]},"properties":{"id":"n1260283723","label":"","label_key":null,"entrance":"yes","building_id":null,"link":null,"dist_m":null,"housenumber":null,"wheelchair":null,"tags":{"entrance":"yes"}}},{"type":"Feature","geometry":{"type":"Point","coordinates":[24.578725,46.5541362]},"properties":{"id":"n1260283772","label":"","label_key":null,"entrance":"yes","building_id":"w87815397","link":"nearest","dist_m":36.3,"housenumber":null,"wheelchair":null,"tags":{"entrance":"yes"}}},{"type":"Feature","geometry":{"type":"Point","coordinates":[24.5778144,46.5541107]},"properties":{"id":"n1260283790","label":"","label_key":null,"entrance":"yes","building_id":null,"link":null,"dist_m":null,"housenumber":null,"wheelchair":null,"tags":{"entrance":"yes"}}},{"type":"Feature","geometry":{"type":"Point","coordinates":[24.5782007,46.5543314]},"properties":{"id":"n1260283890","label":"","label_key":null,"entrance":"yes","building_id":"w87815397","link":"nearest","dist_m":23.9,"housenumber":null,"wheelchair":null,"tags":{"entrance":"yes"}}},{"type":"Feature","geometry":{"type":"Point","coordinates":[24.5809356,46.5550311]},"properties":{"id":"n1937029337","label":"","label_key":null,"entrance":"yes","building_id":null,"link":null,"dist_m":null,"housenumber":null,"wheelchair":null,"tags":{"entrance":"yes"}}},{"type":"Feature","geometry":{"type":"Point","coordinates":[24.5824284,46.5591232]},"properties":{"id":"n1937029564","label":"","label_key":null,"entrance":"yes","building_id":"r2440668","link":"inside","dist_m":0.0,"housenumber":null,"wheelchair":null,"tags":{"entrance":"yes"}}},{"type":"Feature","geometry":{"type":"Point","coordinates":[24.5760436,46.555344]},"properties":{"id":"n12175491406","label":"","label_key":null,"entrance":"main","building_id":null,"link":null,"dist_m":null,"housenumber":null,"wheelchair":null,"tags":{"door":"yes","entrance":"main"}}},{"type":"Feature","geometry":{"type":"Point","coordinates":[24.5770831,46.5559765]},"properties":{"id":"n13453204585","label":"nr. 2A","label_key":"addr:housenumber","entrance":"yes","building_id":"w87794243","link":"outline","dist_m":0.0,"housenumber":"2A","wheelchair":null,"tags":{"addr:city":"Târgu Mureș","addr:housenumber":"2A","addr:postcode":"540640","addr:street":"Strada Secuilor Martiri","door":"yes","entrance":"yes"}}},{"type":"Feature","geometry":{"type":"Point","coordinates":[24.5771925,46.5558693]},"properties":{"id":"n13453204586","label":"nr. 2B","label_key":"addr:housenumber","entrance":"yes","building_id":"w87794243","link":"outline","dist_m":0.0,"housenumber":"2B","wheelchair":null,"tags":{"addr:city":"Târgu Mureș","addr:housenumber":"2B","addr:postcode":"540640","addr:street":"Strada Secuilor Martiri","door":"yes","entrance":"yes"}}},{"type":"Feature","geometry":{"type":"Point","coordinates":[24.5642127,46.5627082]},"properties":{"id":"n2060221086","label":"","label_key":null,"entrance":"yes","building_id":null,"link":null,"dist_m":null,"housenumber":null,"wheelchair":null,"tags":{"entrance":"yes"}}},{"type":"Feature","geometry":{"type":"Point","coordinates":[24.5728974,46.5601367]},"properties":{"id":"n1842730498","label":"","label_key":null,"entrance":"yes","building_id":null,"link":null,"dist_m":null,"housenumber":null,"wheelchair":null,"tags":{"entrance":"yes"}}},{"type":"Feature","geometry":{"type":"Point","coordinates":[24.5819407,46.5600683]},"properties":{"id":"n1937029724","label":"","label_key":null,"entrance":"yes","building_id":"r2440668","link":"inside","dist_m":0.0,"housenumber":null,"wheelchair":null,"tags":{"entrance":"yes"}}},{"type":"Feature","geometry":{"type":"Point","coordinates":[24.5829309,46.5607139]},"properties":{"id":"n1937029785","label":"","label_key":null,"entrance":"yes","building_id":"w81396817","link":"nearest","dist_m":21.8,"housenumber":null,"wheelchair":null,"tags":{"entrance":"yes"}}},{"type":"Feature","geometry":{"type":"Point","coordinates":[24.600846,46.5264783]},"properties":{"id":"n1790152804","label":"","label_key":null,"entrance":"main","building_id":null,"link":null,"dist_m":null,"housenumber":null,"wheelchair":null,"tags":{"entrance":"main"}}},{"type":"Feature","geometry":{"type":"Point","coordinates":[24.6007625,46.5266996]},"properties":{"id":"n1790152821","label":"","label_key":null,"entrance":"main","building_id":null,"link":null,"dist_m":null,"housenumber":null,"wheelchair":null,"tags":{"entrance":"main"}}},{"type":"Feature","geometry":{"type":"Point","coordinates":[24.5984536,46.5272794]},"properties":{"id":"n2603948520","label":"","label_key":null,"entrance":"yes","building_id":null,"link":null,"dist_m":null,"housenumber":null,"wheelchair":null,"tags":{"entrance":"yes"}}},{"type":"Feature","geometry":{"type":"Point","coordinates":[24.5986551,46.5228138]},"properties":{"id":"n3175585224","label":"","label_key":null,"entrance":"yes","building_id":null,"link":null,"dist_m":null,"housenumber":null,"wheelchair":null,"tags":{"entrance":"yes"}}},{"type":"Feature","geometry":{"type":"Point","coordinates":[24.5988817,46.5229]},"properties":{"id":"n3176601252","label":"","label_key":null,"entrance":"yes","building_id":null,"link":null,"dist_m":null,"housenumber":null,"wheelchair":null,"tags":{"entrance":"yes"}}},{"type":"Feature","geometry":{"type":"Point","coordinates":[24.5891147,46.5331518]},"properties":{"id":"n991555239","label":"nr. 1","label_key":"addr:housenumber","entrance":"yes","building_id":null,"link":null,"dist_m":null,"housenumber":"1","wheelchair":null,"tags":{"addr:city":"Târgu Mureș","addr:housenumber":"1","addr:street":"Strada Livezeni","entrance":"yes"}}},{"type":"Feature","geometry":{"type":"Point","coordinates":[24.5892724,46.5333899]},"properties":{"id":"n991555281","label":"nr. 3","label_key":"addr:housenumber","entrance":"yes","building_id":null,"link":null,"dist_m":null,"housenumber":"3","wheelchair":null,"tags":{"addr:city":"Târgu Mureș","addr:housenumber":"3","addr:street":"Strada Livezeni","entrance":"yes"}}},{"type":"Feature","geometry":{"type":"Point","coordinates":[24.5891833,46.5338269]},"properties":{"id":"n993738540","label":"nr. 35","label_key":"addr:housenumber","entrance":"yes","building_id":null,"link":null,"dist_m":null,"housenumber":"35","wheelchair":null,"tags":{"addr:city":"Târgu Mureș","addr:housenumber":"35","addr:street":"Strada Muncii","entrance":"yes"}}},{"type":"Feature","geometry":{"type":"Point","coordinates":[24.5895802,46.5337625]},"properties":{"id":"n993738562","label":"nr. 37","label_key":"addr:housenumber","entrance":"yes","building_id":null,"link":null,"dist_m":null,"housenumber":"37","wheelchair":null,"tags":{"addr:city":"Târgu Mureș","addr:housenumber":"37","addr:street":"Strada Muncii","entrance":"yes"}}},{"type":"Feature","geometry":{"type":"Point","coordinates":[24.5895903,46.5323811]},"properties":{"id":"n1041365048","label":"nr. 218","label_key":"addr:housenumber","entrance":"main","building_id":null,"link":null,"dist_m":null,"housenumber":"218","wheelchair":null,"tags":{"addr:city":"Târgu Mureș","addr:housenumber":"218","addr:postcode":"540509","addr:street":"Bulevardul 1 Decembrie 1918","entrance":"main"}}},{"type":"Feature","geometry":{"type":"Point","coordinates":[24.5892995,46.5324761]},"properties":{"id":"n1041365130","label":"nr. 216","label_key":"addr:housenumber","entrance":"yes","building_id":null,"link":null,"dist_m":null,"housenumber":"216","wheelchair":null,"tags":{"addr:city":"Târgu Mureș","addr:housenumber":"216","addr:postcode":"540509","addr:street":"Bulevardul 1 Decembrie 1918","entrance":"yes"}}},{"type":"Feature","geometry":{"type":"Point","coordinates":[24.5948549,46.5330431]},"properties":{"id":"n1790153814","label":"","label_key":null,"entrance":"main","building_id":"w88279946","link":"outline","dist_m":0.0,"housenumber":null,"wheelchair":null,"tags":{"entrance":"main"}}},{"type":"Feature","geometry":{"type":"Point","coordinates":[24.5909119,46.5319235]},"properties":{"id":"n2039623993","label":"nr. 226","label_key":"addr:housenumber","entrance":"main","building_id":null,"link":null,"dist_m":null,"housenumber":"226","wheelchair":null,"tags":{"addr:city":"Târgu Mureș","addr:housenumber":"226","addr:postcode":"540509","addr:street":"Bulevardul 1 Decembrie 1918","entrance":"main"}}},{"type":"Feature","geometry":{"type":"Point","coordinates":[24.592645,46.5312675]},"properties":{"id":"n2039623994","label":"nr. 238","label_key":"addr:housenumber","entrance":"main","building_id":null,"link":null,"dist_m":null,"housenumber":"238","wheelchair":null,"tags":{"addr:city":"Târgu Mureș","addr:housenumber":"238","addr:postcode":"540509","addr:street":"Bulevardul 1 Decembrie 1918","entrance":"main"}}},{"type":"Feature","geometry":{"type":"Point","coordinates":[24.5907026,46.5321541]},"properties":{"id":"n2039623997","label":"nr. 224","label_key":"addr:housenumber","entrance":"main","building_id":null,"link":null,"dist_m":null,"housenumber":"224","wheelchair":null,"tags":{"addr:city":"Târgu Mureș","addr:housenumber":"224","addr:postcode":"540509","addr:street":"Bulevardul 1 Decembrie 1918","entrance":"main"}}},{"type":"Feature","geometry":{"type":"Point","coordinates":[24.5915597,46.531836]},"properties":{"id":"n2039624000","label":"nr. 230","label_key":"addr:housenumber","entrance":"main","building_id":null,"link":null,"dist_m":null,"housenumber":"230","wheelchair":null,"tags":{"addr:city":"Târgu Mureș","addr:housenumber":"230","addr:postcode":"540509","addr:street":"Bulevardul 1 Decembrie 1918","entrance":"main"}}},{"type":"Feature","geometry":{"type":"Point","coordinates":[24.591326,46.5319378]},"properties":{"id":"n2039624001","label":"nr. 228","label_key":"addr:housenumber","entrance":"main","building_id":null,"link":null,"dist_m":null,"housenumber":"228","wheelchair":null,"tags":{"addr:city":"Târgu Mureș","addr:housenumber":"228","addr:postcode":"540509","addr:street":"Bulevardul 1 Decembrie 1918","entrance":"main"}}},{"type":"Feature","geometry":{"type":"Point","coordinates":[24.5924332,46.5314949]},"properties":{"id":"n2039624002","label":"nr. 236","label_key":"addr:housenumber","entrance":"main","building_id":null,"link":null,"dist_m":null,"housenumber":"236","wheelchair":null,"tags":{"addr:city":"Târgu Mureș","addr:housenumber":"236","addr:postcode":"540509","addr:street":"Bulevardul 1 Decembrie 1918","entrance":"main"}}},{"type":"Feature","geometry":{"type":"Point","coordinates":[24.5917707,46.5316046]},"properties":{"id":"n2039624003","label":"nr. 232","label_key":"addr:housenumber","entrance":"main","building_id":null,"link":null,"dist_m":null,"housenumber":"232","wheelchair":null,"tags":{"addr:city":"Târgu Mureș","addr:housenumber":"232","addr:postcode":"540509","addr:street":"Bulevardul 1 Decembrie 1918","entrance":"main"}}},{"type":"Feature","geometry":{"type":"Point","coordinates":[24.5899867,46.5323995]},"properties":{"id":"n2039624004","label":"nr. 220","label_key":"addr:housenumber","entrance":"main","building_id":null,"link":null,"dist_m":null,"housenumber":"220","wheelchair":null,"tags":{"addr:city":"Târgu Mureș","addr:housenumber":"220","addr:postcode":"540509","addr:street":"Bulevardul 1 Decembrie 1918","entrance":"main"}}},{"type":"Feature","geometry":{"type":"Point","coordinates":[24.5921954,46.5315906]},"properties":{"id":"n2039624005","label":"nr. 234","label_key":"addr:housenumber","entrance":"main","building_id":null,"link":null,"dist_m":null,"housenumber":"234","wheelchair":null,"tags":{"addr:city":"Târgu Mureș","addr:housenumber":"234","addr:postcode":"540509","addr:street":"Bulevardul 1 Decembrie 1918","entrance":"main"}}},{"type":"Feature","geometry":{"type":"Point","coordinates":[24.5904553,46.5322414]},"properties":{"id":"n2039624006","label":"nr. 222","label_key":"addr:housenumber","entrance":"main","building_id":null,"link":null,"dist_m":null,"housenumber":"222","wheelchair":null,"tags":{"addr:city":"Târgu Mureș","addr:housenumber":"222","addr:postcode":"540509","addr:street":"Bulevardul 1 Decembrie 1918","entrance":"main"}}},{"type":"Feature","geometry":{"type":"Point","coordinates":[24.5916314,46.5312719]},"properties":{"id":"n2039633262","label":"nr. 19A","label_key":"addr:housenumber","entrance":"main","building_id":"w89598389","link":"outline","dist_m":0.0,"housenumber":"19A","wheelchair":null,"tags":{"addr:city":"Târgu Mureș","addr:housenumber":"19A","addr:postcode":"540511","addr:street":"Strada Pomicultorilor","entrance":"main"}}},{"type":"Feature","geometry":{"type":"Point","coordinates":[24.5918366,46.5311785]},"properties":{"id":"n2039633263","label":"nr. 19","label_key":"addr:housenumber","entrance":"main","building_id":"w89598389","link":"outline","dist_m":0.0,"housenumber":"19","wheelchair":null,"tags":{"addr:city":"Târgu Mureș","addr:housenumber":"19","addr:postcode":"540511","addr:street":"Strada Pomicultorilor","entrance":"main"}}},{"type":"Feature","geometry":{"type":"Point","coordinates":[24.5900352,46.5319469]},"properties":{"id":"n2039633264","label":"nr. 3","label_key":"addr:housenumber","entrance":"main","building_id":"w89598321","link":"outline","dist_m":0.0,"housenumber":"3","wheelchair":null,"tags":{"addr:city":"Târgu Mureș","addr:housenumber":"3","addr:postcode":"540511","addr:street":"Strada Pomicultorilor","entrance":"main"}}},{"type":"Feature","geometry":{"type":"Point","coordinates":[24.5913019,46.5310843]},"properties":{"id":"n2039633265","label":"nr. 13","label_key":"addr:housenumber","entrance":"main","building_id":"w89598358","link":"outline","dist_m":0.0,"housenumber":"13","wheelchair":null,"tags":{"addr:city":"Târgu Mureș","addr:housenumber":"13","addr:postcode":"540511","addr:street":"Strada Pomicultorilor","entrance":"main"}}},{"type":"Feature","geometry":{"type":"Point","coordinates":[24.5918869,46.530903]},"properties":{"id":"n2039633266","label":"nr. 17","label_key":"addr:housenumber","entrance":"main","building_id":"w89598358","link":"outline","dist_m":0.0,"housenumber":"17","wheelchair":null,"tags":{"addr:city":"Târgu Mureș","addr:housenumber":"17","addr:postcode":"540511","addr:street":"Strada Pomicultorilor","entrance":"main"}}},{"type":"Feature","geometry":{"type":"Point","coordinates":[24.591083,46.5313955]},"properties":{"id":"n2039633267","label":"nr. 11","label_key":"addr:housenumber","entrance":"main","building_id":"w89598326","link":"outline","dist_m":0.0,"housenumber":"11","wheelchair":null,"tags":{"addr:city":"Târgu Mureș","addr:housenumber":"11","addr:postcode":"540511","addr:street":"Strada Pomicultorilor","entrance":"main"}}},{"type":"Feature","geometry":{"type":"Point","coordinates":[24.5908745,46.5314732]},"properties":{"id":"n2039633268","label":"nr. 9","label_key":"addr:housenumber","entrance":"main","building_id":"w89598326","link":"outline","dist_m":0.0,"housenumber":"9","wheelchair":null,"tags":{"addr:city":"Târgu Mureș","addr:housenumber":"9","addr:postcode":"540511","addr:street":"Strada Pomicultorilor","entrance":"main"}}},{"type":"Feature","geometry":{"type":"Point","coordinates":[24.5915037,46.5309911]},"properties":{"id":"n2039633269","label":"nr. 15","label_key":"addr:housenumber","entrance":"main","building_id":"w89598358","link":"outline","dist_m":0.0,"housenumber":"15","wheelchair":null,"tags":{"addr:city":"Târgu Mureș","addr:housenumber":"15","addr:postcode":"540511","addr:street":"Strada Pomicultorilor","entrance":"main"}}},{"type":"Feature","geometry":{"type":"Point","coordinates":[24.5902462,46.5318723]},"properties":{"id":"n2039633270","label":"nr. 5","label_key":"addr:housenumber","entrance":"main","building_id":"w89598321","link":"outline","dist_m":0.0,"housenumber":"5","wheelchair":null,"tags":{"addr:city":"Târgu Mureș","addr:housenumber":"5","addr:postcode":"540511","addr:street":"Strada Pomicultorilor","entrance":"main"}}},{"type":"Feature","geometry":{"type":"Point","coordinates":[24.5906733,46.531561]},"properties":{"id":"n2039633271","label":"nr. 7","label_key":"addr:housenumber","entrance":"main","building_id":"w89598326","link":"outline","dist_m":0.0,"housenumber":"7","wheelchair":null,"tags":{"addr:city":"Târgu Mureș","addr:housenumber":"7","addr:postcode":"540511","addr:street":"Strada Pomicultorilor","entrance":"main"}}},{"type":"Feature","geometry":{"type":"Point","coordinates":[24.5922054,46.531099]},"properties":{"id":"n2039633272","label":"nr. 21","label_key":"addr:housenumber","entrance":"main","building_id":"w89598389","link":"outline","dist_m":0.0,"housenumber":"21","wheelchair":null,"tags":{"addr:city":"Târgu Mureș","addr:housenumber":"21","addr:postcode":"540511","addr:street":"Strada Pomicultorilor","entrance":"main"}}},{"type":"Feature","geometry":{"type":"Point","coordinates":[24.5898313,46.5320317]},"properties":{"id":"n2039633273","label":"nr. 1","label_key":"addr:housenumber","entrance":"main","building_id":"w89598321","link":"outline","dist_m":0.0,"housenumber":"1","wheelchair":null,"tags":{"addr:city":"Târgu Mureș","addr:housenumber":"1","addr:postcode":"540511","addr:street":"Strada Pomicultorilor","entrance":"main"}}},{"type":"Feature","geometry":{"type":"Point","coordinates":[24.5935205,46.531198]},"properties":{"id":"n2458613883","label":"","label_key":null,"entrance":"yes","building_id":"w238001657","link":"outline","dist_m":0.0,"housenumber":null,"wheelchair":null,"tags":{"entrance":"yes"}}},{"type":"Feature","geometry":{"type":"Point","coordinates":[24.5907198,46.5338015]},"properties":{"id":"n2461226338","label":"","label_key":null,"entrance":"yes","building_id":null,"link":null,"dist_m":null,"housenumber":null,"wheelchair":null,"tags":{"entrance":"yes"}}},{"type":"Feature","geometry":{"type":"Point","coordinates":[24.5904663,46.5305806]},"properties":{"id":"n2797141445","label":"","label_key":null,"entrance":"yes","building_id":"w89598408","link":"outline","dist_m":0.0,"housenumber":null,"wheelchair":null,"tags":{"entrance":"yes"}}},{"type":"Feature","geometry":{"type":"Point","coordinates":[24.5896969,46.5308014]},"properties":{"id":"n2797141466","label":"","label_key":null,"entrance":"main","building_id":"w89598408","link":"nearest","dist_m":20.3,"housenumber":null,"wheelchair":null,"tags":{"entrance":"main"}}},{"type":"Feature","geometry":{"type":"Point","coordinates":[24.5904282,46.5308321]},"properties":{"id":"n2797162274","label":"","label_key":null,"entrance":"yes","building_id":"w89598402","link":"outline","dist_m":0.0,"housenumber":null,"wheelchair":null,"tags":{"entrance":"yes"}}},{"type":"Feature","geometry":{"type":"Point","coordinates":[24.5893163,46.5308531]},"properties":{"id":"n2797162275","label":"","label_key":null,"entrance":"main","building_id":"w1360993737","link":"nearest","dist_m":21.3,"housenumber":null,"wheelchair":null,"tags":{"entrance":"main"}}},{"type":"Feature","geometry":{"type":"Point","coordinates":[24.5895657,46.5308866]},"properties":{"id":"n2797162278","label":"","label_key":null,"entrance":"yes","building_id":"w1360993736","link":"nearest","dist_m":22.1,"housenumber":null,"wheelchair":null,"tags":{"entrance":"yes"}}},{"type":"Feature","geometry":{"type":"Point","coordinates":[24.590229,46.5309158]},"properties":{"id":"n2797162284","label":"","label_key":null,"entrance":"yes","building_id":"w89598402","link":"outline","dist_m":0.0,"housenumber":null,"wheelchair":null,"tags":{"entrance":"yes"}}},{"type":"Feature","geometry":{"type":"Point","coordinates":[24.5893831,46.5309515]},"properties":{"id":"n2797162285","label":"","label_key":null,"entrance":"yes","building_id":"w1360993736","link":"nearest","dist_m":17.8,"housenumber":null,"wheelchair":null,"tags":{"entrance":"yes"}}},{"type":"Feature","geometry":{"type":"Point","coordinates":[24.5905004,46.5309364]},"properties":{"id":"n2797162286","label":"nr. 18","label_key":"addr:housenumber","entrance":"main","building_id":"w89598402","link":"outline","dist_m":0.0,"housenumber":"18","wheelchair":null,"tags":{"addr:city":"Târgu Mureș","addr:housenumber":"18","addr:postcode":"540511","addr:street":"Strada Pomicultorilor","entrance":"main"}}},{"type":"Feature","geometry":{"type":"Point","coordinates":[24.5917618,46.5309917]},"properties":{"id":"n2797162291","label":"","label_key":null,"entrance":"yes","building_id":"w89598358","link":"outline","dist_m":0.0,"housenumber":null,"wheelchair":null,"tags":{"entrance":"yes"}}},{"type":"Feature","geometry":{"type":"Point","coordinates":[24.589175,46.5310256]},"properties":{"id":"n2797162296","label":"","label_key":null,"entrance":"yes","building_id":"w1360993736","link":"nearest","dist_m":17.7,"housenumber":null,"wheelchair":null,"tags":{"entrance":"yes"}}},{"type":"Feature","geometry":{"type":"Point","coordinates":[24.5903053,46.5310184]},"properties":{"id":"n2797162300","label":"nr. 16","label_key":"addr:housenumber","entrance":"main","building_id":"w89598402","link":"outline","dist_m":0.0,"housenumber":"16","wheelchair":null,"tags":{"addr:city":"Târgu Mureș","addr:housenumber":"16","addr:postcode":"540511","addr:street":"Strada Pomicultorilor","entrance":"main"}}},{"type":"Feature","geometry":{"type":"Point","coordinates":[24.590727,46.5310596]},"properties":{"id":"n2797162304","label":"","label_key":null,"entrance":"yes","building_id":"w89598316","link":"outline","dist_m":0.0,"housenumber":null,"wheelchair":null,"tags":{"entrance":"yes"}}},{"type":"Feature","geometry":{"type":"Point","coordinates":[24.5915806,46.5310897]},"properties":{"id":"n2797162309","label":"","label_key":null,"entrance":"yes","building_id":"w89598358","link":"outline","dist_m":0.0,"housenumber":null,"wheelchair":null,"tags":{"entrance":"yes"}}},{"type":"Feature","geometry":{"type":"Point","coordinates":[24.5905209,46.5311488]},"properties":{"id":"n2797162314","label":"","label_key":null,"entrance":"yes","building_id":"w89598316","link":"outline","dist_m":0.0,"housenumber":null,"wheelchair":null,"tags":{"entrance":"yes"}}},{"type":"Feature","geometry":{"type":"Point","coordinates":[24.5907922,46.5311535]},"properties":{"id":"n2797162316","label":"nr. 14","label_key":"addr:housenumber","entrance":"main","building_id":"w89598316","link":"outline","dist_m":0.0,"housenumber":"14","wheelchair":null,"tags":{"addr:city":"Târgu Mureș","addr:housenumber":"14","addr:postcode":"540511","addr:street":"Strada Pomicultorilor","entrance":"main"}}},{"type":"Feature","geometry":{"type":"Point","coordinates":[24.5895746,46.5311573]},"properties":{"id":"n2797162317","label":"","label_key":null,"entrance":"main","building_id":"w1360993736","link":"outline","dist_m":0.0,"housenumber":null,"wheelchair":null,"tags":{"entrance":"main"}}},{"type":"Feature","geometry":{"type":"Point","coordinates":[24.5913791,46.5311819]},"properties":{"id":"n2797162320","label":"","label_key":null,"entrance":"yes","building_id":"w89598358","link":"outline","dist_m":0.0,"housenumber":null,"wheelchair":null,"tags":{"entrance":"yes"}}},{"type":"Feature","geometry":{"type":"Point","coordinates":[24.592075,46.5311886]},"properties":{"id":"n2797162321","label":"","label_key":null,"entrance":"yes","building_id":"w89598389","link":"outline","dist_m":0.0,"housenumber":null,"wheelchair":null,"tags":{"entrance":"yes"}}},{"type":"Feature","geometry":{"type":"Point","coordinates":[24.5891473,46.5312151]},"properties":{"id":"n2797162325","label":"","label_key":null,"entrance":"main","building_id":"w1360993736","link":"outline","dist_m":0.0,"housenumber":null,"wheelchair":null,"tags":{"entrance":"main"}}},{"type":"Feature","geometry":{"type":"Point","coordinates":[24.5903122,46.5312349]},"properties":{"id":"n2797162326","label":"","label_key":null,"entrance":"yes","building_id":"w89598316","link":"outline","dist_m":0.0,"housenumber":null,"wheelchair":null,"tags":{"entrance":"yes"}}},{"type":"Feature","geometry":{"type":"Point","coordinates":[24.5905862,46.5312402]},"properties":{"id":"n2797162329","label":"nr. 12","label_key":"addr:housenumber","entrance":"main","building_id":"w89598316","link":"outline","dist_m":0.0,"housenumber":"12","wheelchair":null,"tags":{"addr:city":"Târgu Mureș","addr:housenumber":"12","addr:postcode":"540511","addr:street":"Strada Pomicultorilor","entrance":"main"}}},{"type":"Feature","geometry":{"type":"Point","coordinates":[24.5894018,46.5312498]},"properties":{"id":"n2797162332","label":"","label_key":null,"entrance":"yes","building_id":"w1360993736","link":"outline","dist_m":0.0,"housenumber":null,"wheelchair":null,"tags":{"entrance":"yes"}}},{"type":"Feature","geometry":{"type":"Point","coordinates":[24.591905,46.531274]},"properties":{"id":"n2797162334","label":"","label_key":null,"entrance":"yes","building_id":"w89598389","link":"outline","dist_m":0.0,"housenumber":null,"wheelchair":null,"tags":{"entrance":"yes"}}},{"type":"Feature","geometry":{"type":"Point","coordinates":[24.5925276,46.5312937]},"properties":{"id":"n2797162337","label":"","label_key":null,"entrance":"yes","building_id":"w89598389","link":"nearest","dist_m":26.5,"housenumber":null,"wheelchair":null,"tags":{"entrance":"yes"}}},{"type":"Feature","geometry":{"type":"Point","coordinates":[24.589223,46.5313127]},"properties":{"id":"n2797162341","label":"","label_key":null,"entrance":"yes","building_id":"w1360993736","link":"outline","dist_m":0.0,"housenumber":null,"wheelchair":null,"tags":{"entrance":"yes"}}},{"type":"Feature","geometry":{"type":"Point","coordinates":[24.5903845,46.5313241]},"properties":{"id":"n2797162344","label":"nr. 10","label_key":"addr:housenumber","entrance":"main","building_id":"w89598316","link":"outline","dist_m":0.0,"housenumber":"10","wheelchair":null,"tags":{"addr:city":"Târgu Mureș","addr:housenumber":"10","addr:postcode":"540511","addr:street":"Strada Pomicultorilor","entrance":"main"}}},{"type":"Feature","geometry":{"type":"Point","coordinates":[24.5917034,46.5313655]},"properties":{"id":"n2797162351","label":"","label_key":null,"entrance":"yes","building_id":"w89598389","link":"outline","dist_m":0.0,"housenumber":null,"wheelchair":null,"tags":{"entrance":"yes"}}},{"type":"Feature","geometry":{"type":"Point","coordinates":[24.5923424,46.5313769]},"properties":{"id":"n2797162353","label":"","label_key":null,"entrance":"yes","building_id":"w89598389","link":"nearest","dist_m":24.4,"housenumber":null,"wheelchair":null,"tags":{"entrance":"yes"}}},{"type":"Feature","geometry":{"type":"Point","coordinates":[24.589566,46.5313987]},"properties":{"id":"n2797162354","label":"","label_key":null,"entrance":"main","building_id":"w1360993735","link":"outline","dist_m":0.0,"housenumber":null,"wheelchair":null,"tags":{"entrance":"main"}}},{"type":"Feature","geometry":{"type":"Point","coordinates":[24.5920984,46.5314659]},"properties":{"id":"n2797162364","label":"","label_key":null,"entrance":"yes","building_id":"w89598389","link":"nearest","dist_m":25.7,"housenumber":null,"wheelchair":null,"tags":{"entrance":"yes"}}},{"type":"Feature","geometry":{"type":"Point","coordinates":[24.5893786,46.531468]},"properties":{"id":"n2797162366","label":"","label_key":null,"entrance":"main","building_id":"w1360993735","link":"outline","dist_m":0.0,"housenumber":null,"wheelchair":null,"tags":{"entrance":"main"}}},{"type":"Feature","geometry":{"type":"Point","coordinates":[24.5896321,46.5314867]},"properties":{"id":"n2797162367","label":"","label_key":null,"entrance":"yes","building_id":"w1360993735","link":"outline","dist_m":0.0,"housenumber":null,"wheelchair":null,"tags":{"entrance":"yes"}}},{"type":"Feature","geometry":{"type":"Point","coordinates":[24.5911534,46.531485]},"properties":{"id":"n2797162669","label":"","label_key":null,"entrance":"yes","building_id":"w89598326","link":"outline","dist_m":0.0,"housenumber":null,"wheelchair":null,"tags":{"entrance":"yes"}}},{"type":"Feature","geometry":{"type":"Point","coordinates":[24.5891589,46.5315372]},"properties":{"id":"n2797162678","label":"","label_key":null,"entrance":"main","building_id":"w1360993735","link":"outline","dist_m":0.0,"housenumber":null,"wheelchair":null,"tags":{"entrance":"main"}}},{"type":"Feature","geometry":{"type":"Point","coordinates":[24.5894248,46.5315616]},"properties":{"id":"n2797162680","label":"","label_key":null,"entrance":"yes","building_id":"w1360993735","link":"outline","dist_m":0.0,"housenumber":null,"wheelchair":null,"tags":{"entrance":"yes"}}},{"type":"Feature","geometry":{"type":"Point","coordinates":[24.5909448,46.5315627]},"properties":{"id":"n2797162683","label":"","label_key":null,"entrance":"yes","building_id":"w89598326","link":"outline","dist_m":0.0,"housenumber":null,"wheelchair":null,"tags":{"entrance":"yes"}}},{"type":"Feature","geometry":{"type":"Point","coordinates":[24.5916534,46.5316317]},"properties":{"id":"n2797162699","label":"","label_key":null,"entrance":"yes","building_id":"w89598389","link":"nearest","dist_m":25.4,"housenumber":null,"wheelchair":null,"tags":{"entrance":"yes"}}},{"type":"Feature","geometry":{"type":"Point","coordinates":[24.589213,46.5316381]},"properties":{"id":"n2797162700","label":"","label_key":null,"entrance":"yes","building_id":"w1360993735","link":"outline","dist_m":0.0,"housenumber":null,"wheelchair":null,"tags":{"entrance":"yes"}}},{"type":"Feature","geometry":{"type":"Point","coordinates":[24.5907445,46.5316516]},"properties":{"id":"n2797162704","label":"","label_key":null,"entrance":"yes","building_id":"w89598326","link":"outline","dist_m":0.0,"housenumber":null,"wheelchair":null,"tags":{"entrance":"yes"}}},{"type":"Feature","geometry":{"type":"Point","coordinates":[24.5897405,46.5316556]},"properties":{"id":"n2797162705","label":"","label_key":null,"entrance":"yes","building_id":"w89598340","link":"outline","dist_m":0.0,"housenumber":null,"wheelchair":null,"tags":{"entrance":"yes"}}},{"type":"Feature","geometry":{"type":"Point","coordinates":[24.5914682,46.5317138]},"properties":{"id":"n2797162715","label":"","label_key":null,"entrance":"yes","building_id":"w89598326","link":"nearest","dist_m":33.7,"housenumber":null,"wheelchair":null,"tags":{"entrance":"yes"}}},{"type":"Feature","geometry":{"type":"Point","coordinates":[24.5895319,46.5317372]},"properties":{"id":"n2797162718","label":"","label_key":null,"entrance":"yes","building_id":"w89598340","link":"outline","dist_m":0.0,"housenumber":null,"wheelchair":null,"tags":{"entrance":"yes"}}},{"type":"Feature","geometry":{"type":"Point","coordinates":[24.5898066,46.5317426]},"properties":{"id":"n2797162719","label":"nr. 6","label_key":"addr:housenumber","entrance":"main","building_id":"w89598340","link":"outline","dist_m":0.0,"housenumber":"6","wheelchair":null,"tags":{"addr:city":"Târgu Mureș","addr:housenumber":"6","addr:street":"Strada Pomicultorilor","entrance":"main"}}},{"type":"Feature","geometry":{"type":"Point","coordinates":[24.5912346,46.5318156]},"properties":{"id":"n2797162728","label":"","label_key":null,"entrance":"yes","building_id":"w89598326","link":"nearest","dist_m":35.1,"housenumber":null,"wheelchair":null,"tags":{"entrance":"yes"}}},{"type":"Feature","geometry":{"type":"Point","coordinates":[24.5893229,46.5318188]},"properties":{"id":"n2797162729","label":"","label_key":null,"entrance":"yes","building_id":"w89598340","link":"outline","dist_m":0.0,"housenumber":null,"wheelchair":null,"tags":{"entrance":"yes"}}},{"type":"Feature","geometry":{"type":"Point","coordinates":[24.5895981,46.5318242]},"properties":{"id":"n2797162730","label":"nr. 4","label_key":"addr:housenumber","entrance":"main","building_id":"w89598340","link":"outline","dist_m":0.0,"housenumber":"4","wheelchair":null,"tags":{"addr:city":"Târgu Mureș","addr:housenumber":"4","addr:postcode":"540511","addr:street":"Strada Pomicultorilor","door":"yes","entrance":"main"}}},{"type":"Feature","geometry":{"type":"Point","coordinates":[24.589389,46.5319057]},"properties":{"id":"n2797162738","label":"nr. 2","label_key":"addr:housenumber","entrance":"main","building_id":"w89598340","link":"outline","dist_m":0.0,"housenumber":"2","wheelchair":null,"tags":{"addr:city":"Târgu Mureș","addr:housenumber":"2","addr:postcode":"540511","addr:street":"Strada Pomicultorilor","entrance":"main"}}},{"type":"Feature","geometry":{"type":"Point","coordinates":[24.5907952,46.5319514]},"properties":{"id":"n2797162741","label":"","label_key":null,"entrance":"yes","building_id":"w89598321","link":"nearest","dist_m":28.9,"housenumber":null,"wheelchair":null,"tags":{"entrance":"yes"}}},{"type":"Feature","geometry":{"type":"Point","coordinates":[24.5903138,46.5319628]},"properties":{"id":"n2797162743","label":"","label_key":null,"entrance":"yes","building_id":"w89598321","link":"outline","dist_m":0.0,"housenumber":null,"wheelchair":null,"tags":{"entrance":"yes"}}},{"type":"Feature","geometry":{"type":"Point","coordinates":[24.5906098,46.5320333]},"properties":{"id":"n2797162749","label":"","label_key":null,"entrance":"yes","building_id":"w89598321","link":"nearest","dist_m":18.8,"housenumber":null,"wheelchair":null,"tags":{"entrance":"yes"}}},{"type":"Feature","geometry":{"type":"Point","coordinates":[24.5901027,46.5320374]},"properties":{"id":"n2797162750","label":"","label_key":null,"entrance":"yes","building_id":"w89598321","link":"outline","dist_m":0.0,"housenumber":null,"wheelchair":null,"tags":{"entrance":"yes"}}},{"type":"Feature","geometry":{"type":"Point","coordinates":[24.590364,46.5321204]},"properties":{"id":"n2797162756","label":"","label_key":null,"entrance":"yes","building_id":"w89598321","link":"nearest","dist_m":17.3,"housenumber":null,"wheelchair":null,"tags":{"entrance":"yes"}}},{"type":"Feature","geometry":{"type":"Point","coordinates":[24.5898992,46.5321235]},"properties":{"id":"n2797162758","label":"","label_key":null,"entrance":"yes","building_id":"w89598321","link":"outline","dist_m":0.0,"housenumber":null,"wheelchair":null,"tags":{"entrance":"yes"}}},{"type":"Feature","geometry":{"type":"Point","coordinates":[24.5898939,46.532276]},"properties":{"id":"n2797162765","label":"","label_key":null,"entrance":"yes","building_id":"w89598321","link":"nearest","dist_m":14.8,"housenumber":null,"wheelchair":null,"tags":{"entrance":"yes"}}},{"type":"Feature","geometry":{"type":"Point","coordinates":[24.5896795,46.5323343]},"properties":{"id":"n2797162969","label":"","label_key":null,"entrance":"yes","building_id":"w89598321","link":"nearest","dist_m":21.1,"housenumber":null,"wheelchair":null,"tags":{"entrance":"yes"}}},{"type":"Feature","geometry":{"type":"Point","coordinates":[24.5905891,46.5304943]},"properties":{"id":"n9950715252","label":"nr. 23","label_key":"addr:housenumber","entrance":"main","building_id":"w89598408","link":"outline","dist_m":0.0,"housenumber":"23","wheelchair":null,"tags":{"addr:city":"Târgu Mureș","addr:country":"RO","addr:housenumber":"23","addr:street":"Strada Apicultorilor","entrance":"main"}}},{"type":"Feature","geometry":{"type":"Point","coordinates":[24.5901902,46.5305258]},"properties":{"id":"n9950715253","label":"","label_key":null,"entrance":"main","building_id":"w89598408","link":"outline","dist_m":0.0,"housenumber":null,"wheelchair":null,"tags":{"entrance":"main"}}},{"type":"Feature","geometry":{"type":"Point","coordinates":[24.5899788,46.5306015]},"properties":{"id":"n9950715254","label":"","label_key":null,"entrance":"main","building_id":"w89598408","link":"outline","dist_m":0.0,"housenumber":null,"wheelchair":null,"tags":{"entrance":"main"}}},{"type":"Feature","geometry":{"type":"Point","coordinates":[24.5900496,46.5306985]},"properties":{"id":"n9950715255","label":"","label_key":null,"entrance":"yes","building_id":"w89598408","link":"outline","dist_m":0.0,"housenumber":null,"wheelchair":null,"tags":{"entrance":"yes"}}},{"type":"Feature","geometry":{"type":"Point","coordinates":[24.590257,46.5306243]},"properties":{"id":"n9950715256","label":"","label_key":null,"entrance":"yes","building_id":"w89598408","link":"outline","dist_m":0.0,"housenumber":null,"wheelchair":null,"tags":{"entrance":"yes"}}},{"type":"Feature","geometry":{"type":"Point","coordinates":[24.5940407,46.5293627]},"properties":{"id":"n10772777551","label":"","label_key":null,"entrance":"yes","building_id":null,"link":null,"dist_m":null,"housenumber":null,"wheelchair":null,"tags":{"entrance":"yes"}}},{"type":"Feature","geometry":{"type":"Point","coordinates":[24.5936855,46.5290121]},"properties":{"id":"n10772777552","label":"","label_key":null,"entrance":"yes","building_id":null,"link":null,"dist_m":null,"housenumber":null,"wheelchair":null,"tags":{"entrance":"yes"}}},{"type":"Feature","geometry":{"type":"Point","coordinates":[24.5946774,46.5286465]},"properties":{"id":"n10777821099","label":"","label_key":null,"entrance":"yes","building_id":null,"link":null,"dist_m":null,"housenumber":null,"wheelchair":null,"tags":{"entrance":"yes"}}},{"type":"Feature","geometry":{"type":"Point","coordinates":[24.5895093,46.5305484]},"properties":{"id":"n12599231949","label":"","label_key":null,"entrance":"main","building_id":"w89598398","link":"outline","dist_m":0.0,"housenumber":null,"wheelchair":null,"tags":{"entrance":"main"}}},{"type":"Feature","geometry":{"type":"Point","coordinates":[24.5901217,46.5303039]},"properties":{"id":"n12599231950","label":"","label_key":null,"entrance":"main","building_id":"w89598314","link":"outline","dist_m":0.0,"housenumber":null,"wheelchair":null,"tags":{"entrance":"main"}}},{"type":"Feature","geometry":{"type":"Point","coordinates":[24.5906739,46.530849]},"properties":{"id":"n12599231952","label":"nr. 20","label_key":"addr:housenumber","entrance":"main","building_id":"w89598402","link":"outline","dist_m":0.0,"housenumber":"20","wheelchair":null,"tags":{"addr:city":"Târgu Mureș","addr:housenumber":"20","addr:postcode":"540511","addr:street":"Strada Pomicultorilor","entrance":"main"}}},{"type":"Feature","geometry":{"type":"Point","coordinates":[24.596926,46.5318282]},"properties":{"id":"n1790153629","label":"","label_key":null,"entrance":"main","building_id":"w255611998","link":"inside","dist_m":0.0,"housenumber":null,"wheelchair":null,"tags":{"entrance":"main"}}},{"type":"Feature","geometry":{"type":"Point","coordinates":[24.5968685,46.5318676]},"properties":{"id":"n1790153652","label":"","label_key":null,"entrance":"main","building_id":"w255611998","link":"inside","dist_m":0.0,"housenumber":null,"wheelchair":null,"tags":{"entrance":"main"}}},{"type":"Feature","geometry":{"type":"Point","coordinates":[24.598195,46.5274031]},"properties":{"id":"n2603948552","label":"","label_key":null,"entrance":"main","building_id":null,"link":null,"dist_m":null,"housenumber":null,"wheelchair":null,"tags":{"entrance":"main"}}},{"type":"Feature","geometry":{"type":"Point","coordinates":[24.5986646,46.5275348]},"properties":{"id":"n2603948583","label":"","label_key":null,"entrance":"yes","building_id":null,"link":null,"dist_m":null,"housenumber":null,"wheelchair":null,"tags":{"entrance":"yes"}}},{"type":"Feature","geometry":{"type":"Point","coordinates":[24.5978312,46.5307703]},"properties":{"id":"n2613484911","label":"","label_key":null,"entrance":"main","building_id":"w24879692","link":"inside","dist_m":0.0,"housenumber":null,"wheelchair":null,"tags":{"entrance":"main"}}},{"type":"Feature","geometry":{"type":"Point","coordinates":[24.6001882,46.5277307]},"properties":{"id":"n2633065755","label":"","label_key":null,"entrance":"main","building_id":"w257659855","link":"inside","dist_m":0.0,"housenumber":null,"wheelchair":null,"tags":{"entrance":"main"}}},{"type":"Feature","geometry":{"type":"Point","coordinates":[24.600005,46.5279093]},"properties":{"id":"n2633065763","label":"","label_key":null,"entrance":"main","building_id":"w257659855","link":"inside","dist_m":0.0,"housenumber":null,"wheelchair":null,"tags":{"entrance":"main"}}},{"type":"Feature","geometry":{"type":"Point","coordinates":[24.5897328,46.5340642]},"properties":{"id":"n2459772982","label":"","label_key":null,"entrance":"yes","building_id":null,"link":null,"dist_m":null,"housenumber":null,"wheelchair":null,"tags":{"entrance":"yes"}}},{"type":"Feature","geometry":{"type":"Point","coordinates":[24.5906049,46.5343552]},"properties":{"id":"n2459772997","label":"","label_key":null,"entrance":"yes","building_id":null,"link":null,"dist_m":null,"housenumber":null,"wheelchair":null,"tags":{"entrance":"yes"}}},{"type":"Feature","geometry":{"type":"Point","coordinates":[24.5897626,46.5342759]},"properties":{"id":"n2470406481","label":"","label_key":null,"entrance":"yes","building_id":"w88107271","link":"nearest","dist_m":39.2,"housenumber":null,"wheelchair":null,"tags":{"entrance":"yes"}}},{"type":"Feature","geometry":{"type":"Point","coordinates":[24.5953171,46.5353093]},"properties":{"id":"n2497920651","label":"","label_key":null,"entrance":"yes","building_id":"w173470050","link":"outline","dist_m":0.0,"housenumber":null,"wheelchair":null,"tags":{"entrance":"yes"}}},{"type":"Feature","geometry":{"type":"Point","coordinates":[24.5954943,46.5353644]},"properties":{"id":"n2497920661","label":"","label_key":null,"entrance":"yes","building_id":"w173470050","link":"outline","dist_m":0.0,"housenumber":null,"wheelchair":null,"tags":{"entrance":"yes"}}},{"type":"Feature","geometry":{"type":"Point","coordinates":[24.5935739,46.5347588]},"properties":{"id":"n3253958127","label":"","label_key":null,"entrance":"yes","building_id":"w1467978998","link":"nearest","dist_m":44.8,"housenumber":null,"wheelchair":null,"tags":{"entrance":"yes"}}},{"type":"Feature","geometry":{"type":"Point","coordinates":[24.5948685,46.5350691]},"properties":{"id":"n3253958182","label":"","label_key":null,"entrance":"yes","building_id":"w259278816","link":"inside","dist_m":0.0,"housenumber":null,"wheelchair":null,"tags":{"entrance":"yes"}}},{"type":"Feature","geometry":{"type":"Point","coordinates":[24.5947989,46.5351746]},"properties":{"id":"n3253958200","label":"","label_key":null,"entrance":"yes","building_id":"w259278816","link":"inside","dist_m":0.0,"housenumber":null,"wheelchair":null,"tags":{"entrance":"yes"}}},{"type":"Feature","geometry":{"type":"Point","coordinates":[24.5932578,46.5356127]},"properties":{"id":"n3254244953","label":"","label_key":null,"entrance":"yes","building_id":"w88291299","link":"nearest","dist_m":41.1,"housenumber":null,"wheelchair":null,"tags":{"entrance":"yes"}}},{"type":"Feature","geometry":{"type":"Point","coordinates":[24.5932072,46.5356914]},"properties":{"id":"n3254250162","label":"nr. 31","label_key":"addr:housenumber","entrance":"main","building_id":null,"link":null,"dist_m":null,"housenumber":"31","wheelchair":null,"tags":{"addr:city":"Târgu Mureș","addr:housenumber":"31","addr:street":"Strada Livezeni","entrance":"main"}}},{"type":"Feature","geometry":{"type":"Point","coordinates":[24.595402,46.53578]},"properties":{"id":"n4945411327","label":"","label_key":"addr:housenumber","entrance":"yes","building_id":"w911604813","link":"outline","dist_m":0.0,"housenumber":"53","wheelchair":null,"tags":{"addr:city":"Târgu Mureș","addr:housenumber":"53","addr:street":"Strada Livezeni","entrance":"yes"},"redundant":true}},{"type":"Feature","geometry":{"type":"Point","coordinates":[24.594163,46.5353679]},"properties":{"id":"n4945426167","label":"nr. 41","label_key":"addr:housenumber","entrance":"yes","building_id":null,"link":null,"dist_m":null,"housenumber":"41","wheelchair":null,"tags":{"addr:city":"Târgu Mureș","addr:housenumber":"41","addr:street":"Strada Livezeni","entrance":"yes"}}},{"type":"Feature","geometry":{"type":"Point","coordinates":[24.5944029,46.535427]},"properties":{"id":"n4945426168","label":"nr. 43","label_key":"addr:housenumber","entrance":"yes","building_id":null,"link":null,"dist_m":null,"housenumber":"43","wheelchair":null,"tags":{"addr:city":"Târgu Mureș","addr:housenumber":"43","addr:street":"Strada Livezeni","entrance":"yes"}}},{"type":"Feature","geometry":{"type":"Point","coordinates":[24.594637,46.5355012]},"properties":{"id":"n4945426169","label":"nr. 45","label_key":"addr:housenumber","entrance":"yes","building_id":null,"link":null,"dist_m":null,"housenumber":"45","wheelchair":null,"tags":{"addr:city":"Târgu Mureș","addr:housenumber":"45","addr:street":"Strada Livezeni","entrance":"yes"}}},{"type":"Feature","geometry":{"type":"Point","coordinates":[24.5948696,46.5356862]},"properties":{"id":"n4945426170","label":"nr. 47","label_key":"addr:housenumber","entrance":"yes","building_id":null,"link":null,"dist_m":null,"housenumber":"47","wheelchair":null,"tags":{"addr:city":"Târgu Mureș","addr:housenumber":"47","addr:street":"Strada Livezeni","entrance":"yes"}}},{"type":"Feature","geometry":{"type":"Point","coordinates":[24.5933205,46.5351108]},"properties":{"id":"n4945426171","label":"nr. 27","label_key":"addr:housenumber","entrance":"yes","building_id":null,"link":null,"dist_m":null,"housenumber":"27","wheelchair":null,"tags":{"addr:city":"Târgu Mureș","addr:housenumber":"27","addr:street":"Strada Livezeni","entrance":"yes"}}},{"type":"Feature","geometry":{"type":"Point","coordinates":[24.5937349,46.5352354]},"properties":{"id":"n4945426172","label":"nr. 33","label_key":"addr:housenumber","entrance":"yes","building_id":null,"link":null,"dist_m":null,"housenumber":"33","wheelchair":null,"tags":{"addr:city":"Târgu Mureș","addr:housenumber":"33","addr:street":"Strada Livezeni","entrance":"yes"}}},{"type":"Feature","geometry":{"type":"Point","coordinates":[24.5934956,46.5354319]},"properties":{"id":"n4945426173","label":"nr. 35","label_key":"addr:housenumber","entrance":"yes","building_id":null,"link":null,"dist_m":null,"housenumber":"35","wheelchair":null,"tags":{"addr:city":"Târgu Mureș","addr:housenumber":"35","addr:street":"Strada Livezeni","entrance":"yes"}}},{"type":"Feature","geometry":{"type":"Point","coordinates":[24.5932191,46.535362]},"properties":{"id":"n4945426174","label":"","label_key":"addr:housenumber","entrance":"yes","building_id":"w88291299","link":"nearest","dist_m":26.1,"housenumber":"29","wheelchair":null,"tags":{"addr:city":"Târgu Mureș","addr:housenumber":"29","addr:street":"Strada Livezeni","entrance":"yes"},"redundant":true}},{"type":"Feature","geometry":{"type":"Point","coordinates":[24.5936381,46.5354724]},"properties":{"id":"n4945426175","label":"nr. 35","label_key":"addr:housenumber","entrance":"yes","building_id":null,"link":null,"dist_m":null,"housenumber":"35","wheelchair":null,"tags":{"addr:city":"Târgu Mureș","addr:housenumber":"35","addr:street":"Strada Livezeni","entrance":"yes"}}},{"type":"Feature","geometry":{"type":"Point","coordinates":[24.5930678,46.5353282]},"properties":{"id":"n4945426176","label":"","label_key":"addr:housenumber","entrance":"yes","building_id":"w88291299","link":"nearest","dist_m":14.2,"housenumber":"29","wheelchair":null,"tags":{"addr:city":"Târgu Mureș","addr:housenumber":"29","addr:street":"Strada Livezeni","entrance":"yes"},"redundant":true}},{"type":"Feature","geometry":{"type":"Point","coordinates":[24.5908439,46.5371797]},"properties":{"id":"n8545051984","label":"","label_key":null,"entrance":"main","building_id":"w331480220","link":"outline","dist_m":0.0,"housenumber":null,"wheelchair":null,"tags":{"entrance":"main"}}},{"type":"Feature","geometry":{"type":"Point","coordinates":[24.590654,46.537274]},"properties":{"id":"n8545051985","label":"","label_key":null,"entrance":"main","building_id":"w331480219","link":"outline","dist_m":0.0,"housenumber":null,"wheelchair":null,"tags":{"entrance":"main"}}},{"type":"Feature","geometry":{"type":"Point","coordinates":[24.5948003,46.5365536]},"properties":{"id":"n8545051989","label":"","label_key":null,"entrance":"main","building_id":"w331480231","link":"outline","dist_m":0.0,"housenumber":null,"wheelchair":null,"tags":{"entrance":"main"}}},{"type":"Feature","geometry":{"type":"Point","coordinates":[24.5943635,46.53657]},"properties":{"id":"n8545051990","label":"","label_key":null,"entrance":"main","building_id":"w331480230","link":"outline","dist_m":0.0,"housenumber":null,"wheelchair":null,"tags":{"entrance":"main"}}},{"type":"Feature","geometry":{"type":"Point","coordinates":[24.5940092,46.5367268]},"properties":{"id":"n8545051992","label":"","label_key":null,"entrance":"main","building_id":"w89582863","link":"outline","dist_m":0.0,"housenumber":null,"wheelchair":null,"tags":{"entrance":"main"}}},{"type":"Feature","geometry":{"type":"Point","coordinates":[24.5936277,46.5366281]},"properties":{"id":"n8545051994","label":"","label_key":null,"entrance":"main","building_id":"w911604818","link":"outline","dist_m":0.0,"housenumber":null,"wheelchair":null,"tags":{"entrance":"main"}}},{"type":"Feature","geometry":{"type":"Point","coordinates":[24.5933876,46.5366326]},"properties":{"id":"n8545051996","label":"","label_key":null,"entrance":"main","building_id":"w911604817","link":"outline","dist_m":0.0,"housenumber":null,"wheelchair":null,"tags":{"entrance":"main"}}},{"type":"Feature","geometry":{"type":"Point","coordinates":[24.5926017,46.5366363]},"properties":{"id":"n8545051998","label":"","label_key":null,"entrance":"main","building_id":"w911604819","link":"outline","dist_m":0.0,"housenumber":null,"wheelchair":null,"tags":{"entrance":"main"}}},{"type":"Feature","geometry":{"type":"Point","coordinates":[24.5929915,46.5367406]},"properties":{"id":"n8545052002","label":"","label_key":null,"entrance":"main","building_id":"w89582856","link":"outline","dist_m":0.0,"housenumber":null,"wheelchair":null,"tags":{"entrance":"main"}}},{"type":"Feature","geometry":{"type":"Point","coordinates":[24.5915461,46.5368704]},"properties":{"id":"n8545052004","label":"","label_key":null,"entrance":"main","building_id":"w331480222","link":"outline","dist_m":0.0,"housenumber":null,"wheelchair":null,"tags":{"entrance":"main"}}},{"type":"Feature","geometry":{"type":"Point","coordinates":[24.5917686,46.5367968]},"properties":{"id":"n8545052005","label":"","label_key":null,"entrance":"main","building_id":"w331480223","link":"outline","dist_m":0.0,"housenumber":null,"wheelchair":null,"tags":{"entrance":"main"}}},{"type":"Feature","geometry":{"type":"Point","coordinates":[24.5921964,46.5367542]},"properties":{"id":"n8545052006","label":"","label_key":null,"entrance":"main","building_id":"w331480224","link":"outline","dist_m":0.0,"housenumber":null,"wheelchair":null,"tags":{"entrance":"main"}}},{"type":"Feature","geometry":{"type":"Point","coordinates":[24.5891533,46.5376372]},"properties":{"id":"n8545101145","label":"nr. 35","label_key":"addr:housenumber","entrance":"main","building_id":null,"link":null,"dist_m":null,"housenumber":"35","wheelchair":null,"tags":{"addr:city":"Târgu Mureș","addr:housenumber":"35","addr:postcode":"540456","addr:postcode:source":"Date de la Poșta Română, publicate sub Licența pentru Guvernare Deschisă v1.0 la http://date.gov.ro/organization/posta-romana","addr:street":"Strada Cutezanței","entrance":"main"}}},{"type":"Feature","geometry":{"type":"Point","coordinates":[24.5893411,46.5375422]},"properties":{"id":"n8545101146","label":"nr. 33","label_key":"addr:housenumber","entrance":"main","building_id":null,"link":null,"dist_m":null,"housenumber":"33","wheelchair":null,"tags":{"addr:city":"Târgu Mureș","addr:housenumber":"33","addr:postcode":"540456","addr:postcode:source":"Date de la Poșta Română, publicate sub Licența pentru Guvernare Deschisă v1.0 la http://date.gov.ro/organization/posta-romana","addr:street":"Strada Cutezanței","entrance":"main"}}},{"type":"Feature","geometry":{"type":"Point","coordinates":[24.5906018,46.5368971]},"properties":{"id":"n8545101151","label":"nr. 25","label_key":"addr:housenumber","entrance":"main","building_id":null,"link":null,"dist_m":null,"housenumber":"25","wheelchair":null,"tags":{"addr:city":"Târgu Mureș","addr:housenumber":"25","addr:postcode":"540457","addr:postcode:source":"Date de la Poșta Română, publicate sub Licența pentru Guvernare Deschisă v1.0 la http://date.gov.ro/organization/posta-romana","addr:street":"Strada Cutezanței","entrance":"main"}}},{"type":"Feature","geometry":{"type":"Point","coordinates":[24.5901197,46.537145]},"properties":{"id":"n8545101152","label":"nr. 29","label_key":"addr:housenumber","entrance":"main","building_id":null,"link":null,"dist_m":null,"housenumber":"29","wheelchair":null,"tags":{"addr:city":"Târgu Mureș","addr:housenumber":"29","addr:postcode":"540457","addr:postcode:source":"Date de la Poșta Română, publicate sub Licența pentru Guvernare Deschisă v1.0 la http://date.gov.ro/organization/posta-romana","addr:street":"Strada Cutezanței","entrance":"main"}}},{"type":"Feature","geometry":{"type":"Point","coordinates":[24.5896123,46.5373732]},"properties":{"id":"n8545101153","label":"nr. 31","label_key":"addr:housenumber","entrance":"main","building_id":null,"link":null,"dist_m":null,"housenumber":"31","wheelchair":null,"tags":{"addr:city":"Târgu Mureș","addr:housenumber":"31","addr:postcode":"540456","addr:postcode:source":"Date de la Poșta Română, publicate sub Licența pentru Guvernare Deschisă v1.0 la http://date.gov.ro/organization/posta-romana","addr:street":"Strada Cutezanței","entrance":"main"}}},{"type":"Feature","geometry":{"type":"Point","coordinates":[24.5904406,46.5369892]},"properties":{"id":"n8545101154","label":"nr. 27","label_key":"addr:housenumber","entrance":"main","building_id":null,"link":null,"dist_m":null,"housenumber":"27","wheelchair":null,"tags":{"addr:city":"Târgu Mureș","addr:housenumber":"27","addr:postcode":"540457","addr:postcode:source":"Date de la Poșta Română, publicate sub Licența pentru Guvernare Deschisă v1.0 la http://date.gov.ro/organization/posta-romana","addr:street":"Strada Cutezanței","entrance":"main"}}},{"type":"Feature","geometry":{"type":"Point","coordinates":[24.5938608,46.5358989]},"properties":{"id":"n9805751701","label":"nr. 37","label_key":"addr:housenumber","entrance":"main","building_id":null,"link":null,"dist_m":null,"housenumber":"37","wheelchair":null,"tags":{"addr:city":"Târgu Mureș","addr:housenumber":"37","addr:postcode":"540565","addr:street":"Strada Livezeni","entrance":"main"}}},{"type":"Feature","geometry":{"type":"Point","coordinates":[24.5893932,46.5371926]},"properties":{"id":"n13463989378","label":"nr. 17","label_key":"addr:housenumber","entrance":"yes","building_id":"w1467978994","link":"outline","dist_m":0.0,"housenumber":"17","wheelchair":null,"tags":{"addr:city":"Târgu Mureș","addr:housenumber":"17","addr:postcode":"540441","addr:street":"Strada Progresului","entrance":"yes"}}},{"type":"Feature","geometry":{"type":"Point","coordinates":[24.5892116,46.5368966]},"properties":{"id":"n13463989379","label":"nr. 15","label_key":"addr:housenumber","entrance":"yes","building_id":"w1467978994","link":"outline","dist_m":0.0,"housenumber":"15","wheelchair":null,"tags":{"addr:city":"Târgu Mureș","addr:housenumber":"15","addr:postcode":"540441","addr:street":"Strada Progresului","entrance":"yes"}}},{"type":"Feature","geometry":{"type":"Point","coordinates":[24.5902265,46.5363576]},"properties":{"id":"n13463989398","label":"nr. 10","label_key":"addr:housenumber","entrance":"yes","building_id":"w1467978995","link":"outline","dist_m":0.0,"housenumber":"10","wheelchair":null,"tags":{"addr:city":"Târgu Mureș","addr:housenumber":"10","addr:postcode":"540457","addr:street":"Strada Rodniciei","entrance":"yes"}}},{"type":"Feature","geometry":{"type":"Point","coordinates":[24.5898379,46.5364863]},"properties":{"id":"n13463989399","label":"nr. 12","label_key":"addr:housenumber","entrance":"yes","building_id":"w1467978995","link":"outline","dist_m":0.0,"housenumber":"12","wheelchair":null,"tags":{"addr:city":"Târgu Mureș","addr:housenumber":"12","addr:postcode":"540457","addr:street":"Strada Rodniciei","entrance":"yes"}}},{"type":"Feature","geometry":{"type":"Point","coordinates":[24.5896343,46.536582]},"properties":{"id":"n13463989400","label":"nr. 14","label_key":"addr:housenumber","entrance":"yes","building_id":"w1467978995","link":"outline","dist_m":0.0,"housenumber":"14","wheelchair":null,"tags":{"addr:city":"Târgu Mureș","addr:housenumber":"14","addr:postcode":"540457","addr:street":"Strada Rodniciei","entrance":"yes"}}},{"type":"Feature","geometry":{"type":"Point","coordinates":[24.5894527,46.536686]},"properties":{"id":"n13464024916","label":"nr. 6","label_key":"addr:housenumber","entrance":"yes","building_id":"w1467978996","link":"outline","dist_m":0.0,"housenumber":"6","wheelchair":null,"tags":{"addr:city":"Târgu Mureș","addr:housenumber":"6","addr:postcode":"540457","addr:street":"Strada Progresului","entrance":"yes"}}},{"type":"Feature","geometry":{"type":"Point","coordinates":[24.5896065,46.5369374]},"properties":{"id":"n13464024917","label":"nr. 8","label_key":"addr:housenumber","entrance":"yes","building_id":"w1467978996","link":"outline","dist_m":0.0,"housenumber":"8","wheelchair":null,"tags":{"addr:city":"Târgu Mureș","addr:housenumber":"8","addr:postcode":"540457","addr:street":"Strada Progresului","entrance":"yes"}}},{"type":"Feature","geometry":{"type":"Point","coordinates":[24.5923932,46.5352439]},"properties":{"id":"n13464024932","label":"nr. 4","label_key":"addr:housenumber","entrance":"yes","building_id":"w1467978997","link":"outline","dist_m":0.0,"housenumber":"4","wheelchair":null,"tags":{"addr:city":"Târgu Mureș","addr:housenumber":"4","addr:postcode":"540565","addr:street":"Strada Rodniciei","entrance":"yes"}}},{"type":"Feature","geometry":{"type":"Point","coordinates":[24.5925105,46.5350711]},"properties":{"id":"n13464024933","label":"nr. 2","label_key":"addr:housenumber","entrance":"yes","building_id":"w1467978997","link":"outline","dist_m":0.0,"housenumber":"2","wheelchair":null,"tags":{"addr:city":"Târgu Mureș","addr:housenumber":"2","addr:postcode":"540565","addr:street":"Strada Rodniciei","entrance":"yes"}}},{"type":"Feature","geometry":{"type":"Point","coordinates":[24.5927493,46.5348449]},"properties":{"id":"n13464024948","label":"nr. 23","label_key":"addr:housenumber","entrance":"yes","building_id":"w1467978998","link":"outline","dist_m":0.0,"housenumber":"23","wheelchair":null,"tags":{"addr:city":"Târgu Mureș","addr:housenumber":"23","addr:postcode":"540565","addr:street":"Strada Livezeni","entrance":"yes"}}},{"type":"Feature","geometry":{"type":"Point","coordinates":[24.5930375,46.5350048]},"properties":{"id":"n13464024949","label":"nr. 25","label_key":"addr:housenumber","entrance":"yes","building_id":"w1467978998","link":"outline","dist_m":0.0,"housenumber":"25","wheelchair":null,"tags":{"addr:city":"Târgu Mureș","addr:housenumber":"25","addr:postcode":"540565","addr:street":"Strada Livezeni","entrance":"yes"}}},{"type":"Feature","geometry":{"type":"Point","coordinates":[24.5895845,46.5364075]},"properties":{"id":"n13464024967","label":"nr. 37","label_key":"addr:housenumber","entrance":"yes","building_id":"w88271681","link":"outline","dist_m":0.0,"housenumber":"37","wheelchair":null,"tags":{"addr:city":"Târgu Mureș","addr:housenumber":"37","addr:postcode":"540457","addr:street":"Strada Rodniciei","entrance":"yes"}}},{"type":"Feature","geometry":{"type":"Point","coordinates":[24.5898114,46.5362801]},"properties":{"id":"n13464024968","label":"nr. 35","label_key":"addr:housenumber","entrance":"yes","building_id":"w88271681","link":"outline","dist_m":0.0,"housenumber":"35","wheelchair":null,"tags":{"addr:city":"Târgu Mureș","addr:housenumber":"35","addr:postcode":"540457","addr:street":"Strada Rodniciei","entrance":"yes"}}},{"type":"Feature","geometry":{"type":"Point","coordinates":[24.5900003,46.5361856]},"properties":{"id":"n13464024969","label":"nr. 33","label_key":"addr:housenumber","entrance":"yes","building_id":"w88271681","link":"outline","dist_m":0.0,"housenumber":"33","wheelchair":null,"tags":{"addr:city":"Târgu Mureș","addr:housenumber":"33","addr:postcode":"540457","addr:street":"Strada Rodniciei","entrance":"yes"}}},{"type":"Feature","geometry":{"type":"Point","coordinates":[24.5903083,46.5360417]},"properties":{"id":"n13464024970","label":"nr. 29","label_key":"addr:housenumber","entrance":"yes","building_id":"w88271673","link":"outline","dist_m":0.0,"housenumber":"29","wheelchair":null,"tags":{"addr:city":"Târgu Mureș","addr:housenumber":"29","addr:postcode":"540457","addr:street":"Strada Rodniciei","entrance":"yes"}}},{"type":"Feature","geometry":{"type":"Point","coordinates":[24.5902031,46.5358156]},"properties":{"id":"n13464024971","label":"nr. 31","label_key":"addr:housenumber","entrance":"yes","building_id":"w88271673","link":"outline","dist_m":0.0,"housenumber":"31","wheelchair":null,"tags":{"addr:city":"Târgu Mureș","addr:housenumber":"31","addr:postcode":"540457","addr:street":"Strada Rodniciei","entrance":"yes"}}},{"type":"Feature","geometry":{"type":"Point","coordinates":[24.5906507,46.5358692]},"properties":{"id":"n13464024972","label":"nr. 27","label_key":"addr:housenumber","entrance":"yes","building_id":"w88271685","link":"outline","dist_m":0.0,"housenumber":"27","wheelchair":null,"tags":{"addr:city":"Târgu Mureș","addr:housenumber":"27","addr:postcode":"540457","addr:street":"Strada Rodniciei","entrance":"yes"}}},{"type":"Feature","geometry":{"type":"Point","coordinates":[24.5905246,46.5356496]},"properties":{"id":"n13464024973","label":"nr. 25","label_key":"addr:housenumber","entrance":"yes","building_id":"w88271685","link":"outline","dist_m":0.0,"housenumber":"25","wheelchair":null,"tags":{"addr:city":"Târgu Mureș","addr:housenumber":"25","addr:postcode":"540457","addr:street":"Strada Rodniciei","entrance":"yes"}}},{"type":"Feature","geometry":{"type":"Point","coordinates":[24.5902651,46.5354068]},"properties":{"id":"n13464024974","label":"nr. 23","label_key":"addr:housenumber","entrance":"yes","building_id":"w88271685","link":"outline","dist_m":0.0,"housenumber":"23","wheelchair":null,"tags":{"addr:city":"Târgu Mureș","addr:housenumber":"23","addr:postcode":"540457","addr:street":"Strada Rodniciei","entrance":"yes"}}},{"type":"Feature","geometry":{"type":"Point","coordinates":[24.5910042,46.5356992]},"properties":{"id":"n13464024975","label":"nr. 13","label_key":"addr:housenumber","entrance":"yes","building_id":"w88271672","link":"outline","dist_m":0.0,"housenumber":"13","wheelchair":null,"tags":{"addr:city":"Târgu Mureș","addr:housenumber":"13","addr:postcode":"540457","addr:street":"Strada Rodniciei","entrance":"yes"}}},{"type":"Feature","geometry":{"type":"Point","coordinates":[24.5908605,46.5354519]},"properties":{"id":"n13464024976","label":"nr. 15","label_key":"addr:housenumber","entrance":"yes","building_id":"w88271672","link":"outline","dist_m":0.0,"housenumber":"15","wheelchair":null,"tags":{"addr:city":"Târgu Mureș","addr:housenumber":"15","addr:postcode":"540457","addr:street":"Strada Rodniciei","entrance":"yes"}}},{"type":"Feature","geometry":{"type":"Point","coordinates":[24.5907209,46.5353184]},"properties":{"id":"n13464024977","label":"nr. 17","label_key":"addr:housenumber","entrance":"yes","building_id":"w88271672","link":"outline","dist_m":0.0,"housenumber":"17","wheelchair":null,"tags":{"addr:city":"Târgu Mureș","addr:housenumber":"17","addr:postcode":"540457","addr:street":"Strada Rodniciei","entrance":"yes"}}},{"type":"Feature","geometry":{"type":"Point","coordinates":[24.5906381,46.5352216]},"properties":{"id":"n13464024978","label":"nr. 19","label_key":"addr:housenumber","entrance":"yes","building_id":"w88271672","link":"outline","dist_m":0.0,"housenumber":"19","wheelchair":null,"tags":{"addr:city":"Târgu Mureș","addr:housenumber":"19","addr:postcode":"540457","addr:street":"Strada Rodniciei","entrance":"yes"}}},{"type":"Feature","geometry":{"type":"Point","coordinates":[24.5904633,46.5351047]},"properties":{"id":"n13464024979","label":"nr. 21","label_key":"addr:housenumber","entrance":"yes","building_id":"w88271672","link":"outline","dist_m":0.0,"housenumber":"21","wheelchair":null,"tags":{"addr:city":"Târgu Mureș","addr:housenumber":"21","addr:postcode":"540457","addr:street":"Strada Rodniciei","entrance":"yes"}}},{"type":"Feature","geometry":{"type":"Point","coordinates":[24.5913467,46.535489]},"properties":{"id":"n13464024980","label":"nr. 11","label_key":"addr:housenumber","entrance":"yes","building_id":"w88271686","link":"outline","dist_m":0.0,"housenumber":"11","wheelchair":null,"tags":{"addr:city":"Târgu Mureș","addr:housenumber":"11","addr:postcode":"540457","addr:street":"Strada Rodniciei","entrance":"yes"}}},{"type":"Feature","geometry":{"type":"Point","coordinates":[24.5915441,46.5353888]},"properties":{"id":"n13464024981","label":"nr. 9","label_key":"addr:housenumber","entrance":"yes","building_id":"w88271686","link":"outline","dist_m":0.0,"housenumber":"9","wheelchair":null,"tags":{"addr:city":"Târgu Mureș","addr:housenumber":"9","addr:postcode":"540457","addr:street":"Strada Rodniciei","entrance":"yes"}}},{"type":"Feature","geometry":{"type":"Point","coordinates":[24.5916148,46.5350605]},"properties":{"id":"n13464024982","label":"nr. 7","label_key":"addr:housenumber","entrance":"yes","building_id":"w88271686","link":"outline","dist_m":0.0,"housenumber":"7","wheelchair":null,"tags":{"addr:city":"Târgu Mureș","addr:housenumber":"7","addr:postcode":"540457","addr:street":"Strada Rodniciei","entrance":"yes"}}},{"type":"Feature","geometry":{"type":"Point","coordinates":[24.5914602,46.5349904]},"properties":{"id":"n13464024983","label":"nr. 5","label_key":"addr:housenumber","entrance":"yes","building_id":"w88271686","link":"outline","dist_m":0.0,"housenumber":"5","wheelchair":null,"tags":{"addr:city":"Târgu Mureș","addr:housenumber":"5","addr:postcode":"540457","addr:street":"Strada Rodniciei","entrance":"yes"}}},{"type":"Feature","geometry":{"type":"Point","coordinates":[24.5920528,46.5351201]},"properties":{"id":"n13464024990","label":"nr. 3","label_key":"addr:housenumber","entrance":"yes","building_id":"w1467978999","link":"outline","dist_m":0.0,"housenumber":"3","wheelchair":null,"tags":{"addr:city":"Târgu Mureș","addr:housenumber":"3","addr:postcode":"540565","addr:street":"Strada Rodniciei","entrance":"yes"}}},{"type":"Feature","geometry":{"type":"Point","coordinates":[24.5922473,46.5349368]},"properties":{"id":"n13464024991","label":"nr. 1","label_key":"addr:housenumber","entrance":"yes","building_id":"w1467978999","link":"outline","dist_m":0.0,"housenumber":"1","wheelchair":null,"tags":{"addr:city":"Târgu Mureș","addr:housenumber":"1","addr:postcode":"540565","addr:street":"Strada Rodniciei","entrance":"yes"}}},{"type":"Feature","geometry":{"type":"Point","coordinates":[24.5957152,46.53594]},"properties":{"id":"n4945411328","label":"","label_key":"addr:housenumber","entrance":"yes","building_id":"w89582828","link":"outline","dist_m":0.0,"housenumber":"53A","wheelchair":null,"tags":{"addr:city":"Târgu Mureș","addr:housenumber":"53A","addr:street":"Strada Livezeni","entrance":"yes"},"redundant":true}},{"type":"Feature","geometry":{"type":"Point","coordinates":[24.5968476,46.5362443]},"properties":{"id":"n4945411329","label":"","label_key":"addr:housenumber","entrance":"yes","building_id":"w911604809","link":"outline","dist_m":0.0,"housenumber":"61","wheelchair":null,"tags":{"addr:city":"Târgu Mureș","addr:housenumber":"61","addr:street":"Strada Livezeni","entrance":"yes"},"redundant":true}},{"type":"Feature","geometry":{"type":"Point","coordinates":[24.5966145,46.5364564]},"properties":{"id":"n4945411330","label":"","label_key":"addr:housenumber","entrance":"yes","building_id":"w89582868","link":"outline","dist_m":0.0,"housenumber":"63","wheelchair":null,"tags":{"addr:city":"Târgu Mureș","addr:housenumber":"63","addr:street":"Strada Livezeni","entrance":"yes"},"redundant":true}},{"type":"Feature","geometry":{"type":"Point","coordinates":[24.5965453,46.5360457]},"properties":{"id":"n4945411331","label":"","label_key":"addr:housenumber","entrance":"yes","building_id":"w911604810","link":"outline","dist_m":0.0,"housenumber":"59","wheelchair":null,"tags":{"addr:city":"Târgu Mureș","addr:housenumber":"59","addr:street":"Strada Livezeni","entrance":"yes"},"redundant":true}},{"type":"Feature","geometry":{"type":"Point","coordinates":[24.5963286,46.5359796]},"properties":{"id":"n4945411332","label":"","label_key":"addr:housenumber","entrance":"yes","building_id":"w911604811","link":"outline","dist_m":0.0,"housenumber":"57","wheelchair":null,"tags":{"addr:city":"Târgu Mureș","addr:housenumber":"57","addr:street":"Strada Livezeni","entrance":"yes"},"redundant":true}},{"type":"Feature","geometry":{"type":"Point","coordinates":[24.5961312,46.5359381]},"properties":{"id":"n4945411333","label":"","label_key":"addr:housenumber","entrance":"yes","building_id":"w911604812","link":"outline","dist_m":0.0,"housenumber":"55","wheelchair":null,"tags":{"addr:city":"Târgu Mureș","addr:housenumber":"55","addr:street":"Strada Livezeni","entrance":"yes"},"redundant":true}},{"type":"Feature","geometry":{"type":"Point","coordinates":[24.6101682,46.5379916]},"properties":{"id":"n1381978086","label":"","label_key":null,"entrance":"yes","building_id":"w124085561","link":"outline","dist_m":0.0,"housenumber":null,"wheelchair":null,"tags":{"entrance":"yes"}}},{"type":"Feature","geometry":{"type":"Point","coordinates":[24.6102329,46.5380476]},"properties":{"id":"n1381978089","label":"","label_key":null,"entrance":"yes","building_id":"w124085561","link":"outline","dist_m":0.0,"housenumber":null,"wheelchair":null,"tags":{"entrance":"yes"}}},{"type":"Feature","geometry":{"type":"Point","coordinates":[24.6102976,46.5381035]},"properties":{"id":"n1381978091","label":"","label_key":null,"entrance":"yes","building_id":"w124085561","link":"outline","dist_m":0.0,"housenumber":null,"wheelchair":null,"tags":{"entrance":"yes"}}},{"type":"Feature","geometry":{"type":"Point","coordinates":[24.6103624,46.5381595]},"properties":{"id":"n1381978095","label":"","label_key":null,"entrance":"yes","building_id":"w124085561","link":"outline","dist_m":0.0,"housenumber":null,"wheelchair":null,"tags":{"entrance":"yes"}}},{"type":"Feature","geometry":{"type":"Point","coordinates":[24.6104271,46.5382154]},"properties":{"id":"n1381978103","label":"","label_key":null,"entrance":"yes","building_id":"w124085561","link":"outline","dist_m":0.0,"housenumber":null,"wheelchair":null,"tags":{"entrance":"yes"}}},{"type":"Feature","geometry":{"type":"Point","coordinates":[24.6105961,46.5383652]},"properties":{"id":"n1381978119","label":"","label_key":null,"entrance":"yes","building_id":"w124085562","link":"outline","dist_m":0.0,"housenumber":null,"wheelchair":null,"tags":{"entrance":"yes"}}},{"type":"Feature","geometry":{"type":"Point","coordinates":[24.610663,46.538423]},"properties":{"id":"n1381978122","label":"","label_key":null,"entrance":"yes","building_id":"w124085562","link":"outline","dist_m":0.0,"housenumber":null,"wheelchair":null,"tags":{"entrance":"yes"}}},{"type":"Feature","geometry":{"type":"Point","coordinates":[24.6107299,46.5384808]},"properties":{"id":"n1381978125","label":"","label_key":null,"entrance":"yes","building_id":"w124085562","link":"outline","dist_m":0.0,"housenumber":null,"wheelchair":null,"tags":{"entrance":"yes"}}},{"type":"Feature","geometry":{"type":"Point","coordinates":[24.6119728,46.5385172]},"properties":{"id":"n1381978133","label":"","label_key":null,"entrance":"yes","building_id":null,"link":null,"dist_m":null,"housenumber":null,"wheelchair":null,"tags":{"entrance":"yes"}}},{"type":"Feature","geometry":{"type":"Point","coordinates":[24.6107968,46.5385386]},"properties":{"id":"n1381978135","label":"","label_key":null,"entrance":"yes","building_id":"w124085562","link":"outline","dist_m":0.0,"housenumber":null,"wheelchair":null,"tags":{"entrance":"yes"}}},{"type":"Feature","geometry":{"type":"Point","coordinates":[24.6108637,46.5385965]},"properties":{"id":"n1381978147","label":"","label_key":null,"entrance":"yes","building_id":"w124085562","link":"outline","dist_m":0.0,"housenumber":null,"wheelchair":null,"tags":{"entrance":"yes"}}},{"type":"Feature","geometry":{"type":"Point","coordinates":[24.5898827,46.5519088]},"properties":{"id":"n346179751","label":"","label_key":null,"entrance":"main","building_id":null,"link":null,"dist_m":null,"housenumber":null,"wheelchair":null,"tags":{"entrance":"main"}}},{"type":"Feature","geometry":{"type":"Point","coordinates":[24.5548192,46.5762086]},"properties":{"id":"n4314741757","label":"","label_key":null,"entrance":"yes","building_id":null,"link":null,"dist_m":null,"housenumber":null,"wheelchair":null,"tags":{"entrance":"yes"}}},{"type":"Feature","geometry":{"type":"Point","coordinates":[24.5549075,46.5762775]},"properties":{"id":"n4314741762","label":"","label_key":null,"entrance":"yes","building_id":null,"link":null,"dist_m":null,"housenumber":null,"wheelchair":null,"tags":{"entrance":"yes"}}},{"type":"Feature","geometry":{"type":"Point","coordinates":[24.6232286,46.5935992]},"properties":{"id":"n537968297","label":"","label_key":null,"entrance":"yes","building_id":"w42942793","link":"outline","dist_m":0.0,"housenumber":null,"wheelchair":null,"tags":{"entrance":"yes"}}}]}