{"type":"FeatureCollection","metadata":{"source":"© OpenStreetMap contributors, ODbL","osm_timestamp":"2026-10-07T21:29:21Z"},"features":[{"type":"Feature","geometry":{"type":"Point","coordinates":[24.471602,46.49252]},"properties":{"n":"Mureș","k":"amenity","v":"fuel"}},{"type":"Feature","geometry":{"type":"Point","coordinates":[24.481511,46.496598]},"properties":{"n":"Cargus","k":"amenity","v":"post_office","st":"Strada Principală","hn":"475","oh":"Mo-Fr 09:00-17:00","w":"https://www.cargus.ro/"}},{"type":"Feature","geometry":{"type":"Point","coordinates":[24.490792,46.50196]},"properties":{"n":"Mirage","k":"amenity","v":"gambling"}},{"type":"Feature","geometry":{"type":"Point","coordinates":[24.495867,46.50524]},"properties":{"n":"Târgu Mureș Sud","k":"railway","v":"station","alt":["Maroskeresztúr","CFR"]}},{"type":"Feature","geometry":{"type":"Point","coordinates":[24.491079,46.501736]},"properties":{"n":"Darina","k":"shop","v":"supermarket"}},{"type":"Feature","geometry":{"type":"Point","coordinates":[24.491072,46.5021]},"properties":{"n":"Farmacia Sf. Lazăr","k":"amenity","v":"pharmacy"}},{"type":"Feature","geometry":{"type":"Point","coordinates":[24.490978,46.502048]},"properties":{"n":"Bufet","k":"amenity","v":"bar"}},{"type":"Feature","geometry":{"type":"Point","coordinates":[24.491889,46.502491]},"properties":{"n":"Timko","k":"shop","v":"bakery"}},{"type":"Feature","geometry":{"type":"Point","coordinates":[24.491826,46.502462]},"properties":{"n":"Petry","k":"shop","v":"butcher"}},{"type":"Feature","geometry":{"type":"Point","coordinates":[24.492294,46.502093]},"properties":{"n":"Banca Transilvania","k":"amenity","v":"atm"}},{"type":"Feature","geometry":{"type":"Point","coordinates":[24.509632,46.508081]},"properties":{"n":"Cinema City","k":"amenity","v":"cinema","ph":"+40-365-423000","w":"https://www.cinemacity.ro/"}},{"type":"Feature","geometry":{"type":"Point","coordinates":[24.509389,46.508393]},"properties":{"n":"Hervis","k":"shop","v":"sports","w":"http://www.hervis-sports.ro/"}},{"type":"Feature","geometry":{"type":"Point","coordinates":[24.506298,46.509663]},"properties":{"n":"MBO","k":"amenity","v":"fuel"}},{"type":"Feature","geometry":{"type":"Point","coordinates":[24.51046,46.508847]},"properties":{"n":"H&M","k":"shop","v":"clothes"}},{"type":"Feature","geometry":{"type":"Point","coordinates":[24.510406,46.51184]},"properties":{"n":"Rompetrol","k":"amenity","v":"fuel","oh":"24/7","ph":"+40 372 903 522","w":"https://www.rompetrol.ro"}},{"type":"Feature","geometry":{"type":"Point","coordinates":[24.510094,46.508783]},"properties":{"n":"CCC","k":"shop","v":"shoes"}},{"type":"Feature","geometry":{"type":"Point","coordinates":[24.510405,46.508451]},"properties":{"n":"HalfPrice","k":"shop","v":"clothes"}},{"type":"Feature","geometry":{"type":"Point","coordinates":[24.510276,46.509123]},"properties":{"n":"New Yorker","k":"shop","v":"clothes"}},{"type":"Feature","geometry":{"type":"Point","coordinates":[24.510287,46.508769]},"properties":{"n":"TEDi","k":"shop","v":"variety_store"}},{"type":"Feature","geometry":{"type":"Point","coordinates":[24.509865,46.508952]},"properties":{"n":"Optiblu","k":"shop","v":"optician","alt":["OPTICAL INVESTMENT GROUP S.A"],"oh":"Mo-Su 09:00-21:00","ph":"+40 737 800 480","w":"https://www.optiblu.ro"}},{"type":"Feature","geometry":{"type":"Point","coordinates":[24.509782,46.520398]},"properties":{"n":"Echipro","k":"shop","v":"appliance","st":"Strada Mureșeni","hn":"50","oh":"Mo-Fr 09:00-17:00","ph":"0755088396","w":"https://echipro.ro/"}},{"type":"Feature","geometry":{"type":"Point","coordinates":[24.511834,46.512846]},"properties":{"n":"Halta Azomureș","k":"railway","v":"halt","alt":["Marosvásárhely-Gyártelep","CFR"]}},{"type":"Feature","geometry":{"type":"Point","coordinates":[24.512206,46.510193]},"properties":{"n":"BRD","k":"amenity","v":"bank","oh":"Mo-Sa 09:30-21:00; Su 10:30-17:00","ph":"+40-265-326336","w":"https://www.brd.ro/"}},{"type":"Feature","geometry":{"type":"Point","coordinates":[24.512731,46.510452]},"properties":{"n":"Orange","k":"shop","v":"mobile_phone","oh":"Mo-Su 09:00-21:00","w":"https://www.orange.ro/"}},{"type":"Feature","geometry":{"type":"Point","coordinates":[24.511646,46.50893]},"properties":{"n":"CCC","k":"shop","v":"shoes"}},{"type":"Feature","geometry":{"type":"Point","coordinates":[24.51104,46.509403]},"properties":{"n":"Deichmann","k":"shop","v":"shoes","oh":"Mo-Su 10:00-22:00","ph":"+40-265-326396","w":"http://www.deichmann-incaltaminte.ro/"}},{"type":"Feature","geometry":{"type":"Point","coordinates":[24.511395,46.508832]},"properties":{"n":"Pepco","k":"shop","v":"clothes"}},{"type":"Feature","geometry":{"type":"Point","coordinates":[24.511191,46.511359]},"properties":{"n":"Decathlon","k":"shop","v":"sports","oh":"Mo-Su 09:00-21:00","ph":"+40 372 705 605","w":"https://www.decathlon.ro"}},{"type":"Feature","geometry":{"type":"Point","coordinates":[24.511487,46.511064]},"properties":{"n":"Proges","k":"shop","v":"doityourself"}},{"type":"Feature","geometry":{"type":"Point","coordinates":[24.511374,46.511272]},"properties":{"n":"Noriel","k":"shop","v":"toys"}},{"type":"Feature","geometry":{"type":"Point","coordinates":[24.511005,46.509546]},"properties":{"n":"Lensa","k":"shop","v":"optician"}},{"type":"Feature","geometry":{"type":"Point","coordinates":[24.510676,46.508814]},"properties":{"n":"Julius Meinl","k":"amenity","v":"cafe","cu":"coffee_shop"}},{"type":"Feature","geometry":{"type":"Point","coordinates":[24.510943,46.508934]},"properties":{"n":"Fryday","k":"amenity","v":"restaurant","oh":"Mo-Su 10:00-22:00","w":"https://fryday.ro","cu":"burger","lvl":"0"}},{"type":"Feature","geometry":{"type":"Point","coordinates":[24.510836,46.509231]},"properties":{"n":"Marionnaud","k":"shop","v":"perfumery"}},{"type":"Feature","geometry":{"type":"Point","coordinates":[24.510915,46.50927]},"properties":{"n":"Cărturești","k":"shop","v":"books"}},{"type":"Feature","geometry":{"type":"Point","coordinates":[24.510988,46.509257]},"properties":{"n":"Office Shoes","k":"shop","v":"shoes"}},{"type":"Feature","geometry":{"type":"Point","coordinates":[24.511025,46.509226]},"properties":{"n":"Tom Tailor","k":"shop","v":"clothes"}},{"type":"Feature","geometry":{"type":"Point","coordinates":[24.511217,46.509159]},"properties":{"n":"Takko Fashion","k":"shop","v":"clothes","alt":["Takko"]}},{"type":"Feature","geometry":{"type":"Point","coordinates":[24.51156,46.509026]},"properties":{"n":"Optiplaza","k":"shop","v":"optician","alt":["OPTICAL INVESTMENT GROUP S.A"],"oh":"Mo-Su 10:00-22:00","ph":"+40 372 712 710;+40 733 047 593","w":"https://www.optiplaza.ro"}},{"type":"Feature","geometry":{"type":"Point","coordinates":[24.523482,46.513983]},"properties":{"n":"Textor","k":"craft","v":"tailor","st":"Strada Duzilor"}},{"type":"Feature","geometry":{"type":"Point","coordinates":[24.518961,46.510027]},"properties":{"n":"OMV","k":"amenity","v":"fuel","oh":"24/7","ph":"+40 372868202"}},{"type":"Feature","geometry":{"type":"Point","coordinates":[24.522277,46.515901]},"properties":{"n":"Mondo Trade","k":"shop","v":"car_parts","st":"Strada Gheorghe Doja"}},{"type":"Feature","geometry":{"type":"Point","coordinates":[24.521877,46.517336]},"properties":{"n":"Leco","k":"shop","v":"hardware","alt":["Lecoimpex SRL"],"st":"Strada Gheorghe Doja","hn":"260","oh":"Mo-Fr 08:00-16:30","ph":"0365401171","w":"https://www.leco.ro"}},{"type":"Feature","geometry":{"type":"Point","coordinates":[24.520795,46.516053]},"properties":{"n":"Hartmann Group","k":"office","v":"logistics","st":"Strada Gheorghe Doja","hn":"231","ph":"+40748523697","w":"https://www.hartmann-group.ro/"}},{"type":"Feature","geometry":{"type":"Point","coordinates":[24.517035,46.515144]},"properties":{"n":"Petrom","k":"amenity","v":"fuel"}},{"type":"Feature","geometry":{"type":"Point","coordinates":[24.520731,46.516129]},"properties":{"n":"Skuba","k":"shop","v":"truck","oh":"Mo-Fr 08:00-18:00; Sa 09:00-13:00","ph":"+40 756 117 278","w":"https://www.skuba.ro/"}},{"type":"Feature","geometry":{"type":"Point","coordinates":[24.528375,46.520724]},"properties":{"n":"Lukoil","k":"amenity","v":"fuel"}},{"type":"Feature","geometry":{"type":"Point","coordinates":[24.524351,46.518628]},"properties":{"n":"Medisal","k":"shop","v":"medical_supply","st":"Strada Gheorghe Doja","hn":"234","oh":"Mo-Fr 08:00-16:00","ph":"+40265211411","w":"https://medisal.ro/"}},{"type":"Feature","geometry":{"type":"Point","coordinates":[24.524317,46.518665]},"properties":{"n":"Marionnaud","k":"shop","v":"perfumery","oh":"Mo-Su 10:00-22:00","ph":"+40 751 131 261","w":"https://www.marionnaud.ro"}},{"type":"Feature","geometry":{"type":"Point","coordinates":[24.527046,46.520253]},"properties":{"n":"MobilaDalin","k":"shop","v":"furniture","st":"Strada Rampei","hn":"2","oh":"Mo-Fr 10:00-18:00; Sa 10:00-15:00","ph":"0724276786","w":"https://www.mobiladalin.ro/"}},{"type":"Feature","geometry":{"type":"Point","coordinates":[24.475538,46.533359]},"properties":{"n":"Sprint diesel","k":"amenity","v":"fuel"}},{"type":"Feature","geometry":{"type":"Point","coordinates":[24.471424,46.555303]},"properties":{"n":"Timko","k":"shop","v":"bakery"}},{"type":"Feature","geometry":{"type":"Point","coordinates":[24.50192,46.536907]},"properties":{"n":"Biserica Ortodoxă Nazna","k":"amenity","v":"place_of_worship"}},{"type":"Feature","geometry":{"type":"Point","coordinates":[24.503752,46.537647]},"properties":{"n":"Biserica Reformată Nazna","k":"amenity","v":"place_of_worship"}},{"type":"Feature","geometry":{"type":"Point","coordinates":[24.497838,46.534185]},"properties":{"n":"Opal","k":"amenity","v":"bar"}},{"type":"Feature","geometry":{"type":"Point","coordinates":[24.51278,46.524899]},"properties":{"n":"Citadin Prest","k":"amenity","v":"recycling","st":"Strada Dezrobirii","hn":"65C","oh":"Mo-Fr 09:00-16:00"}},{"type":"Feature","geometry":{"type":"Point","coordinates":[24.513819,46.526418]},"properties":{"n":"Bittbau","k":"shop","v":"hardware","st":"Strada Prutului","hn":"4","oh":"Mo-Fr 08:00-16:00","ph":"0265260183","w":"https://www.bittbau.ro/"}},{"type":"Feature","geometry":{"type":"Point","coordinates":[24.518485,46.523918]},"properties":{"n":"Adiana Com","k":"shop","v":"doityourself","st":"Strada Dezrobirii","hn":"40","oh":"Mo-Fr 07:30-16:30; Sa 07:30-12:00","ph":"0751515681","w":"https://adianacom.ro/"}},{"type":"Feature","geometry":{"type":"Point","coordinates":[24.523039,46.521828]},"properties":{"n":"Renania","k":"shop","v":"clothes","st":"Strada Dezrobirii","hn":"19","oh":"Mo-Fr 08:00-16:30","ph":"0372759230","w":"https://www.renania.ro/"}},{"type":"Feature","geometry":{"type":"Point","coordinates":[24.519796,46.524887]},"properties":{"n":"Agritech","k":"shop","v":"car_repair","st":"Strada Libertății","hn":"147","oh":"Mo-Fr 07:30-16:30","ph":"0744607000","w":"https://agritech.ro/"}},{"type":"Feature","geometry":{"type":"Point","coordinates":[24.51734,46.524993]},"properties":{"n":"Ever Green","k":"office","v":"construction","st":"Strada Dezrobirii","hn":"50","oh":"Mo-Fr 08:00-16:00","ph":"+40365441342","w":"http://www.ever-green.ro"}},{"type":"Feature","geometry":{"type":"Point","coordinates":[24.529958,46.520913]},"properties":{"n":"BCR","k":"amenity","v":"bank","alt":["Banca Comercială Română"],"oh":"Mo-Fr 09:00-17:30","ph":"+40-265-206060","w":"https://www.bcr.ro/"}},{"type":"Feature","geometry":{"type":"Point","coordinates":[24.529168,46.521118]},"properties":{"n":"Bardi Auto","k":"shop","v":"car","st":"Strada Gheorghe Doja","hn":"204","oh":"Mo-Fr 08:00-18:00; Sa 09:00-13:00","ph":"+40-265-306090","w":"https://www.bardiauto.ro/"}},{"type":"Feature","geometry":{"type":"Point","coordinates":[24.529843,46.520857]},"properties":{"n":"Fabory","k":"shop","v":"trade","ph":"+40-372-723829","w":"http://www.fabory.ro/"}},{"type":"Feature","geometry":{"type":"Point","coordinates":[24.527041,46.523118]},"properties":{"n":"Modena","k":"shop","v":"furniture","w":"https://www.modena.ro/"}},{"type":"Feature","geometry":{"type":"Point","coordinates":[24.526578,46.523222]},"properties":{"n":"Natürlich","k":"shop","v":"furniture","st":"Strada Depozitelor","hn":"45-47","oh":"Mo-Fr 08:00-20:00; Sa 08:00-17:00; Su 09:00-15:00","ph":"+40-265-259029","w":"https://www.naturlich.ro/"}},{"type":"Feature","geometry":{"type":"Point","coordinates":[24.525823,46.521589]},"properties":{"n":"Vulcanizare","k":"shop","v":"car_repair"}},{"type":"Feature","geometry":{"type":"Point","coordinates":[24.525271,46.525675]},"properties":{"n":"Turbo-Trans","k":"shop","v":"trade","st":"Strada Albinei","hn":"3","oh":"Mo-Fr 08:00-17:00","ph":"+40265261941","w":"http://www.turbotrans.ro/"}},{"type":"Feature","geometry":{"type":"Point","coordinates":[24.526035,46.525729]},"properties":{"n":"Europrint","k":"shop","v":"copyshop","alt":["S.C. Europrint S.R.L."],"st":"Strada Băneasa","hn":"16`","oh":"Mo-Fr 08:00-16:00","ph":"+40265250899","w":"http://www.tipografiaeuroprint.ro/"}},{"type":"Feature","geometry":{"type":"Point","coordinates":[24.528862,46.520814]},"properties":{"n":"Marbo Secoprod","k":"shop","v":"stationery","st":"Strada Gheorghe Doja","hn":"204D","oh":"Mo-Fr 08:00-16:00","ph":"0265253230","w":"http://www.marbo.ro/"}},{"type":"Feature","geometry":{"type":"Point","coordinates":[24.533297,46.522532]},"properties":{"n":"BRD","k":"amenity","v":"bank","oh":"Mo-Fr 09:00-17:00","ph":"+40-265-259415","w":"https://www.brd.ro/"}},{"type":"Feature","geometry":{"type":"Point","coordinates":[24.533981,46.522493]},"properties":{"n":"Profi","k":"shop","v":"supermarket","alt":["Profi Rom Food"],"oh":"Mo-Sa 07:00-22:00; Su 08:00-22:00","ph":"+40 733 103 116;+40 735 005 288","w":"https://www.profi.ro/"}},{"type":"Feature","geometry":{"type":"Point","coordinates":[24.533495,46.522619]},"properties":{"n":"Banca Transilvania","k":"amenity","v":"bank"}},{"type":"Feature","geometry":{"type":"Point","coordinates":[24.533589,46.522522]},"properties":{"n":"Catena","k":"amenity","v":"pharmacy"}},{"type":"Feature","geometry":{"type":"Point","coordinates":[24.533519,46.523155]},"properties":{"n":"Pizza Rustic","k":"amenity","v":"restaurant","cu":"pizza"}},{"type":"Feature","geometry":{"type":"Point","coordinates":[24.533308,46.523019]},"properties":{"n":"Puiul de Crăiești","k":"shop","v":"butcher"}},{"type":"Feature","geometry":{"type":"Point","coordinates":[24.533377,46.523059]},"properties":{"n":"Gogoșerie","k":"amenity","v":"fast_food","cu":"donut"}},{"type":"Feature","geometry":{"type":"Point","coordinates":[24.53255,46.522757]},"properties":{"n":"Casa Mureșană","k":"amenity","v":"restaurant","cu":"regional"}},{"type":"Feature","geometry":{"type":"Point","coordinates":[24.532632,46.522698]},"properties":{"n":"Junona Games","k":"shop","v":"greengrocer"}},{"type":"Feature","geometry":{"type":"Point","coordinates":[24.53265,46.52268]},"properties":{"n":"Ceragrim","k":"shop","v":"butcher"}},{"type":"Feature","geometry":{"type":"Point","coordinates":[24.532561,46.522648]},"properties":{"n":"Richter","k":"amenity","v":"pharmacy"}},{"type":"Feature","geometry":{"type":"Point","coordinates":[24.533646,46.523172]},"properties":{"n":"Superbet","k":"shop","v":"bookmaker","alt":["Superbet Betting & Gaming SA"],"oh":"Mo-Su 10:00-22:00","ph":"+40 786 401 088","w":"https://www.superbet.ro/"}},{"type":"Feature","geometry":{"type":"Point","coordinates":[24.533996,46.523432]},"properties":{"n":"Centrul General de Arhivare","k":"office","v":"company","st":"Strada Acarului","hn":"1","oh":"Mo-Fr 08:00-16:30","ph":"+40728110210","w":"https://www.cgarhivare.ro"}},{"type":"Feature","geometry":{"type":"Point","coordinates":[24.53216,46.522488]},"properties":{"n":"Junona Games","k":"amenity","v":"casino"}},{"type":"Feature","geometry":{"type":"Point","coordinates":[24.532021,46.522427]},"properties":{"n":"Crown Coffee","k":"amenity","v":"cafe"}},{"type":"Feature","geometry":{"type":"Point","coordinates":[24.531692,46.526186]},"properties":{"n":"Herlitz Romania","k":"shop","v":"stationery","st":"Strada Depozitelor","hn":"22","oh":"Mo-Fr 08:00-16:30","ph":"+40265253722","w":"http://www.herlitzromania.ro/"}},{"type":"Feature","geometry":{"type":"Point","coordinates":[24.534824,46.524035]},"properties":{"n":"Weldmaster","k":"shop","v":"electrical","st":"Strada Spicului","hn":"2","oh":"Mo-Th 09:00-17:00; Fr 09:00-16:00","ph":"+40744387111","w":"https://www.weldmaster.ro/"}},{"type":"Feature","geometry":{"type":"Point","coordinates":[24.530848,46.52137]},"properties":{"n":"Eurosandoor","k":"shop","v":"doors"}},{"type":"Feature","geometry":{"type":"Point","coordinates":[24.530781,46.521338]},"properties":{"n":"Cafe Bar Mar","k":"amenity","v":"cafe"}},{"type":"Feature","geometry":{"type":"Point","coordinates":[24.530714,46.521306]},"properties":{"n":"CEC Bank","k":"amenity","v":"bank"}},{"type":"Feature","geometry":{"type":"Point","coordinates":[24.530646,46.521274]},"properties":{"n":"Mărimea Ta","k":"shop","v":"shoes"}},{"type":"Feature","geometry":{"type":"Point","coordinates":[24.530579,46.521242]},"properties":{"n":"april91","k":"shop","v":"paint","oh":"Mo-Fr 08:00-18:00; Sa 09:00-13:00"}},{"type":"Feature","geometry":{"type":"Point","coordinates":[24.529161,46.527329]},"properties":{"n":"Europa Ballroom","k":"amenity","v":"events_venue","st":"Strada Băneasa","hn":"8","ph":"+40745059968","w":"https://www.pensiuneaeuropa.ro/"}},{"type":"Feature","geometry":{"type":"Point","coordinates":[24.52905,46.530116]},"properties":{"n":"Via Super Clin","k":"craft","v":"cleaning","st":"Strada Libertății","hn":"128","oh":"Mo-Fr 08:00-16:00","ph":"+40770993405","w":"https://www.superclin.ro/"}},{"type":"Feature","geometry":{"type":"Point","coordinates":[24.530293,46.527752]},"properties":{"n":"Uniprest","k":"craft","v":"hvac","st":"Strada Băneasa","hn":"8","oh":"Mo-Fr 08:00-17:00","ph":"+40365882078","w":"https://www.uniprest.ro/"}},{"type":"Feature","geometry":{"type":"Point","coordinates":[24.517694,46.546088]},"properties":{"n":"Post de Poliție","k":"amenity","v":"police"}},{"type":"Feature","geometry":{"type":"Point","coordinates":[24.517785,46.545594]},"properties":{"n":"Primăria Sâncraiu de Mureș","k":"amenity","v":"townhall"}},{"type":"Feature","geometry":{"type":"Point","coordinates":[24.534645,46.53441]},"properties":{"n":"Aeroportul Sportiv Elie Carafoli","k":"aeroway","v":"aerodrome","alt":["Elie Carafoli Sportrepülőtér","Aeroclubul Elie Carafoli"],"st":"Strada Libertății","hn":"120","ph":"+40-372-761329","w":"https://www.aeroclubul-mures.ro/"}},{"type":"Feature","geometry":{"type":"Point","coordinates":[24.536648,46.534651]},"properties":{"n":"Rompetrol","k":"amenity","v":"fuel","oh":"24/7","ph":"+40 265 236 256","w":"https://www.rompetrol.ro"}},{"type":"Feature","geometry":{"type":"Point","coordinates":[24.53649,46.535301]},"properties":{"n":"CONSORTIUM MOTORS GROUP-SERVICE CAMIOANE","k":"shop","v":"car_repair","alt":["CONSORTIUM MOTORS GROUP - TRUCK SERVICE","ALL MOTORS GROUP"],"st":"Strada Libertății","hn":"120","oh":"24/7","ph":"0758277209"}},{"type":"Feature","geometry":{"type":"Point","coordinates":[24.536538,46.535339]},"properties":{"n":"EURO MARKET INTERNATIONAL","k":"shop","v":"car_repair","alt":["EURO MARKET"],"st":"Strada Libertății","hn":"120 GARAJ","ph":"0758277209"}},{"type":"Feature","geometry":{"type":"Point","coordinates":[24.535953,46.538102]},"properties":{"n":"Valentino","k":"shop","v":"cosmetics","st":"Strada Barajului","hn":"3","oh":"Mo-Fr 07:30-16:00","ph":"+40265331178","w":"https://valentinocosmetics.ro/"}},{"type":"Feature","geometry":{"type":"Point","coordinates":[24.533503,46.539898]},"properties":{"n":"FAN Courier","k":"amenity","v":"post_office","st":"Strada Barajului","hn":"11A","oh":"Mo-Fr 09:00-19:00; Sa 09:00-14:00","ph":"+40265311470","w":"https://www.fancourier.ro/"}},{"type":"Feature","geometry":{"type":"Point","coordinates":[24.535541,46.544708]},"properties":{"n":"Hotel Black Lord","k":"tourism","v":"hotel","st":"Strada Insulei","hn":"35","ph":"+40-265-264791","w":"https://www.blacklord.ro/"}},{"type":"Feature","geometry":{"type":"Point","coordinates":[24.534675,46.542592]},"properties":{"n":"Frizeria","k":"shop","v":"hairdresser","st":"Strada Barajului","hn":"9","ph":"+40-753-697742"}},{"type":"Feature","geometry":{"type":"Point","coordinates":[24.5354,46.540901]},"properties":{"n":"Tekarom","k":"shop","v":"car_parts","st":"Strada Barajului","hn":"11","oh":"Mo-Fr 08:00-16:30","ph":"+40737713181","w":"https://www.tekarom.com/"}},{"type":"Feature","geometry":{"type":"Point","coordinates":[24.535195,46.54112]},"properties":{"n":"Colect Com","k":"amenity","v":"recycling","st":"Strada Barajului","hn":"19","oh":"Mo-Fr 08:00-17:00; Sa 08:00-13:00","ph":"+40724978977"}},{"type":"Feature","geometry":{"type":"Point","coordinates":[24.533512,46.54202]},"properties":{"n":"Resac Serv","k":"shop","v":"car_repair","st":"Strada Barajului","hn":"21","ph":"+40721283271","w":"https://resac.ro/"}},{"type":"Feature","geometry":{"type":"Point","coordinates":[24.535204,46.543036]},"properties":{"n":"Elit","k":"shop","v":"car_parts","st":"Strada Barajului","hn":"9","oh":"Mo-Fr 08:00-18:00; Sa 08:00-13:00","ph":"+40316203473","w":"https://www.elit.ro/"}},{"type":"Feature","geometry":{"type":"Point","coordinates":[24.531405,46.545572]},"properties":{"n":"Big Brother Delivery","k":"amenity","v":"fast_food","st":"Strada Sălcilor","hn":"29","oh":"Mo-Su 08:00-20:00","ph":"+40 723 330 088","cu":"regional;sandwich;chicken;romanian;craft_beer;barbecue"}},{"type":"Feature","geometry":{"type":"Point","coordinates":[24.510508,46.552406]},"properties":{"n":"Mille Saporri","k":"amenity","v":"restaurant","st":"Strada Răsăritului","hn":"78","ph":"+40 751 380 867","cu":"pizza"}},{"type":"Feature","geometry":{"type":"Point","coordinates":[24.537081,46.501559]},"properties":{"n":"Magazin Universal","k":"shop","v":"convenience"}},{"type":"Feature","geometry":{"type":"Point","coordinates":[24.585337,46.508765]},"properties":{"n":"Reformatus Templom","k":"amenity","v":"place_of_worship"}},{"type":"Feature","geometry":{"type":"Point","coordinates":[24.59241,46.498863]},"properties":{"n":"Liceul Integritas Internațional","k":"amenity","v":"school"}},{"type":"Feature","geometry":{"type":"Point","coordinates":[24.613331,46.512253]},"properties":{"n":"Hotel Păsăreanu","k":"tourism","v":"motel"}},{"type":"Feature","geometry":{"type":"Point","coordinates":[24.607165,46.518151]},"properties":{"n":"Gospomarket","k":"shop","v":"department_store","hn":"391","oh":"Mo-Fr","ph":"0744573830","w":"https://gospomarket.ro/"}},{"type":"Feature","geometry":{"type":"Point","coordinates":[24.619067,46.507394]},"properties":{"n":"TOYOTA TARGU MURES - Euro-Car Trading","k":"shop","v":"car","alt":["Toyota"]}},{"type":"Feature","geometry":{"type":"Point","coordinates":[24.620392,46.520064]},"properties":{"n":"Poliția Corunca","k":"amenity","v":"police"}},{"type":"Feature","geometry":{"type":"Point","coordinates":[24.617354,46.520585]},"properties":{"n":"Primăria Corunca","k":"amenity","v":"townhall"}},{"type":"Feature","geometry":{"type":"Point","coordinates":[24.619248,46.52027]},"properties":{"n":"Pensiunea Sodaru","k":"tourism","v":"guest_house"}},{"type":"Feature","geometry":{"type":"Point","coordinates":[24.618755,46.520624]},"properties":{"n":"Timko","k":"shop","v":"bakery","alt":["Tim Ko Brut Srl"],"oh":"Mo-Fr 05:00-21:00, Sa 05:00-17:00"}},{"type":"Feature","geometry":{"type":"Point","coordinates":[24.633001,46.519259]},"properties":{"n":"BabyPort","k":"amenity","v":"childcare","alt":["http://www.babyport.ro/"],"hn":"145N/1","w":"http://www.babyport.ro/"}},{"type":"Feature","geometry":{"type":"Point","coordinates":[24.541645,46.527017]},"properties":{"n":"Mureș","k":"amenity","v":"fuel"}},{"type":"Feature","geometry":{"type":"Point","coordinates":[24.537201,46.524161]},"properties":{"n":"Bardi auto","k":"shop","v":"car","oh":"Mo-Fr 08:00-16:00; Sa 09:00-13:00","ph":"+40-265-314008","w":"https://www.bardiauto.ro/webshop/"}},{"type":"Feature","geometry":{"type":"Point","coordinates":[24.537851,46.52533]},"properties":{"n":"Xedex","k":"shop","v":"car_parts","st":"Strada Gheorghe Doja","hn":"112","oh":"Mo-Fr 07:00-17:30; Sa 08:00-13:00","ph":"+40-265-306600","w":"https://www.xedex.ro/"}},{"type":"Feature","geometry":{"type":"Point","coordinates":[24.541779,46.523849]},"properties":{"n":"Autogara Balint Trans","k":"amenity","v":"bus_station","st":"Strada Bega","hn":"9","ph":"+40265999"}},{"type":"Feature","geometry":{"type":"Point","coordinates":[24.538667,46.524821]},"properties":{"n":"Hit Gyülekezete Marosvásárhely","k":"amenity","v":"place_of_worship","st":"Strada Gheorghe Doja","hn":"177"}},{"type":"Feature","geometry":{"type":"Point","coordinates":[24.542239,46.527284]},"properties":{"n":"Bear King","k":"amenity","v":"restaurant","st":"Strada Gheorghe Doja","hn":"80","ph":"0757462893","w":"https://www.bearking.ro/","cu":"bavarian"}},{"type":"Feature","geometry":{"type":"Point","coordinates":[24.548278,46.52412]},"properties":{"n":"Autogara Transport Auto Marfă (TAM)","k":"amenity","v":"bus_station","st":"Strada Budiului","hn":"101"}},{"type":"Feature","geometry":{"type":"Point","coordinates":[24.548969,46.522881]},"properties":{"n":"Plastic and Glass","k":"shop","v":"car_repair","st":"Strada Budiului","hn":"101","oh":"Mo-Fr 08:00-17:00;Sa 09:00-13:00","ph":"+40 265 266 803","w":"https://www.plasticandglass.ro/"}},{"type":"Feature","geometry":{"type":"Point","coordinates":[24.54844,46.523752]},"properties":{"n":"I.T.P.","k":"shop","v":"car_repair","st":"Strada Budiului","hn":"101"}},{"type":"Feature","geometry":{"type":"Point","coordinates":[24.547961,46.52348]},"properties":{"n":"Service roți","k":"shop","v":"car_repair"}},{"type":"Feature","geometry":{"type":"Point","coordinates":[24.547861,46.523521]},"properties":{"n":"Autoservice Plastic And Glass","k":"shop","v":"car_repair","st":"Strada Budiului","hn":"101","oh":"Mo-Fr 08:00-17:00; Sa 09:00-13:00","ph":"+40 744-193 126","w":"https://www.plasticandglass.ro/"}},{"type":"Feature","geometry":{"type":"Point","coordinates":[24.54795,46.52595]},"properties":{"n":"Protego","k":"amenity","v":"car_wash","st":"Strada Alba Iulia","hn":"36","ph":"+40265250054"}},{"type":"Feature","geometry":{"type":"Point","coordinates":[24.544369,46.52249]},"properties":{"n":"Nerta","k":"amenity","v":"car_wash","st":"Strada Bega","hn":"2A","ph":"+40265260304","w":"https://www.nerta.ro"}},{"type":"Feature","geometry":{"type":"Point","coordinates":[24.544017,46.52209]},"properties":{"n":"EuranisRo","k":"shop","v":"appliance","st":"Strada Bega","hn":"70","oh":"Mo-Fr 09:00-18:00","ph":"+40265265176","w":"https://www.euranis.ro/"}},{"type":"Feature","geometry":{"type":"Point","coordinates":[24.543328,46.523046]},"properties":{"n":"Transport Local","k":"office","v":"transport","st":"Strada Bega","hn":"2","ph":"0265269077","w":"https://www.transportlocal.ro/"}},{"type":"Feature","geometry":{"type":"Point","coordinates":[24.547205,46.524412]},"properties":{"n":"Blondy Romania","k":"shop","v":"agrarian","st":"Strada Budiului","hn":"68","oh":"Mo-Fr 08:00-16:00","ph":"+40265237086","w":"https://blondyromania.ro/"}},{"type":"Feature","geometry":{"type":"Point","coordinates":[24.546135,46.520819]},"properties":{"n":"Apex Shop","k":"craft","v":"cleaning","st":"Strada Budiului","hn":"105","oh":"Mo-Fr 08:00-17:00","ph":"+40747077601","w":"https://www.apex-shop.ro/"}},{"type":"Feature","geometry":{"type":"Point","coordinates":[24.547847,46.524309]},"properties":{"n":"Renania","k":"shop","v":"clothes","st":"Strada Budiului","hn":"68","oh":"Mo-Fr 08:00-16:30","ph":"0724089110","w":"https://renania.ro/"}},{"type":"Feature","geometry":{"type":"Point","coordinates":[24.541003,46.527376]},"properties":{"n":"Nemo Expres","k":"amenity","v":"post_office","st":"Strada Gheorghe Doja","hn":"84","ph":"+40-727-348042","w":"https://www.nemoexpres.ro/"}},{"type":"Feature","geometry":{"type":"Point","coordinates":[24.542812,46.528068]},"properties":{"n":"Laguna","k":"shop","v":"furniture"}},{"type":"Feature","geometry":{"type":"Point","coordinates":[24.542783,46.528097]},"properties":{"n":"Diego","k":"shop","v":"carpet"}},{"type":"Feature","geometry":{"type":"Point","coordinates":[24.541414,46.531784]},"properties":{"n":"Anubius Auto","k":"shop","v":"car_parts","st":"Strada Băneasa","hn":"33","oh":"Mo-Fr 08:30-16:30; Sa 09:00-14:00","ph":"+40750140005"}},{"type":"Feature","geometry":{"type":"Point","coordinates":[24.542619,46.532326]},"properties":{"n":"MC Turism","k":"shop","v":"travel_agency","st":"Strada Băneasa","hn":"29","ph":"+40745487777"}},{"type":"Feature","geometry":{"type":"Point","coordinates":[24.541369,46.533808]},"properties":{"n":"Maurer Residence","k":"amenity","v":"charging_station","alt":["EV Connect Romania"]}},{"type":"Feature","geometry":{"type":"Point","coordinates":[24.542479,46.527371]},"properties":{"n":"Renania","k":"shop","v":"clothes","st":"Strada Gheorghe Doja","hn":"78","oh":"Mo-Fr 08:00-16:30","ph":"0372759255","w":"https://magazin.renania.ro/"}},{"type":"Feature","geometry":{"type":"Point","coordinates":[24.542191,46.527326]},"properties":{"n":"Fryzilla","k":"amenity","v":"restaurant","st":"Strada Gheorghe Doja","hn":"80","ph":"0757462893","w":"https://www.bearking.ro/"}},{"type":"Feature","geometry":{"type":"Point","coordinates":[24.542153,46.527367]},"properties":{"n":"Atelier du Tacos","k":"amenity","v":"restaurant","st":"Strada Gheorghe Doja","hn":"80","ph":"0757462893","w":"https://www.bearking.ro/"}},{"type":"Feature","geometry":{"type":"Point","coordinates":[24.549096,46.533442]},"properties":{"n":"Târgu Mureș","k":"railway","v":"station","alt":["Marosvásárhely","CFR"]}},{"type":"Feature","geometry":{"type":"Point","coordinates":[24.543362,46.528835]},"properties":{"n":"Urgent Curier","k":"amenity","v":"post_office","st":"Strada Gheorghe Doja","hn":"76","ph":"+40-726-723045","w":"http://www.urgent-curier.ro/"}},{"type":"Feature","geometry":{"type":"Point","coordinates":[24.546504,46.530643]},"properties":{"n":"Dr. Max","k":"amenity","v":"pharmacy","alt":["Dr.Max"],"oh":"Mo-Sa 08:00-22:00; Su 08:00-20:00","ph":"+40-265-264425","w":"https://www.drmax.ro"}},{"type":"Feature","geometry":{"type":"Point","coordinates":[24.544396,46.527531]},"properties":{"n":"Sală de așteptare autogară","k":"building","v":"public","oh":"24/7"}},{"type":"Feature","geometry":{"type":"Point","coordinates":[24.544139,46.527399]},"properties":{"n":"Restaurant Ciao","k":"amenity","v":"restaurant","cu":"regional"}},{"type":"Feature","geometry":{"type":"Point","coordinates":[24.544241,46.527454]},"properties":{"n":"Fast-Food Demnard","k":"amenity","v":"fast_food","cu":"fast_food"}},{"type":"Feature","geometry":{"type":"Point","coordinates":[24.545793,46.530423]},"properties":{"n":"Deichmann","k":"shop","v":"shoes","st":"Strada Gheorghe Doja","hn":"64-68","oh":"Mo-Su 09:00-21:00","ph":"+40-265-708407","w":"http://www.deichmann-incaltaminte.ro/"}},{"type":"Feature","geometry":{"type":"Point","coordinates":[24.545949,46.52948]},"properties":{"n":"Flanco","k":"shop","v":"electronics","st":"Strada Gheorghe Doja","hn":"64-68","oh":"Mo-Su 09:00-21:00","ph":"+40-265-427600","w":"https://www.flanco.ro/"}},{"type":"Feature","geometry":{"type":"Point","coordinates":[24.545579,46.529828]},"properties":{"n":"Merkúr","k":"shop","v":"supermarket","st":"Strada Gheorghe Doja","hn":"64-68","oh":"Mo-Sa 07:00-21:30; Su 08:00-16:00","ph":"+40-735-198544","w":"http://www.merkuraruhaz.ro/"}},{"type":"Feature","geometry":{"type":"Point","coordinates":[24.545699,46.529715]},"properties":{"n":"dm","k":"shop","v":"chemist","alt":["SC dm drogerie markt SRL"],"st":"Strada Gheorghe Doja","hn":"64-68","oh":"Mo-Sa 09:00-20:00; Su 10:00-18:00","ph":"+40-374-772076","w":"https://www.dm-drogeriemarkt.ro/"}},{"type":"Feature","geometry":{"type":"Point","coordinates":[24.54586,46.529564]},"properties":{"n":"Animax","k":"shop","v":"pet","alt":["Animax Pet Shop"],"st":"Strada Gheorghe Doja","hn":"64-68","oh":"Mo-Sa 09:00-21:00, Su 09:00-18:00","ph":"+40-725-888884","w":"https://animax.ro/"}},{"type":"Feature","geometry":{"type":"Point","coordinates":[24.545665,46.530364]},"properties":{"n":"C&A","k":"shop","v":"clothes","st":"Strada Gheorghe Doja","hn":"64-68","oh":"09:00-21:00","ph":"+40-786-775933","w":"https://www.c-and-a.com/"}},{"type":"Feature","geometry":{"type":"Point","coordinates":[24.545793,46.529627]},"properties":{"n":"Mr. Gift","k":"shop","v":"gift","st":"Strada Gheorghe Doja","hn":"64-68","oh":"Mo-Sa 09:00-20:00","ph":"+40-772-238590","w":"https://www.mrgift.ro/"}},{"type":"Feature","geometry":{"type":"Point","coordinates":[24.546055,46.530542]},"properties":{"n":"Pepco","k":"shop","v":"clothes","st":"Strada Gheorghe Doja","hn":"64-68","oh":"09:00-21:00","w":"https://www.pepco.ro/"}},{"type":"Feature","geometry":{"type":"Point","coordinates":[24.546196,46.530606]},"properties":{"n":"Sportisimo","k":"shop","v":"sports","st":"Strada Gheorghe Doja","hn":"64-68","oh":"09:00-21:00","ph":"+40-799-733662","w":"https://www.sportisimo.ro/"}},{"type":"Feature","geometry":{"type":"Point","coordinates":[24.545955,46.530496]},"properties":{"n":"Takko Fashion","k":"shop","v":"clothes","alt":["Takko"],"st":"Strada Gheorghe Doja","hn":"64-68","oh":"09:00-21:00","ph":"+40-372-773290","w":"https://www.takko.com/"}},{"type":"Feature","geometry":{"type":"Point","coordinates":[24.547125,46.529241]},"properties":{"n":"taka.ro showroom","k":"shop","v":"furniture","st":"Strada Gheorghe Doja","hn":"117","oh":"Mo-Su 11:00-18:00","ph":"0723647168","w":"http://ww.taka.ro"}},{"type":"Feature","geometry":{"type":"Point","coordinates":[24.546354,46.529285]},"properties":{"n":"Raiffeisen Bank","k":"amenity","v":"bank"}},{"type":"Feature","geometry":{"type":"Point","coordinates":[24.546295,46.52935]},"properties":{"n":"DIGI RDS","k":"office","v":"company"}},{"type":"Feature","geometry":{"type":"Point","coordinates":[24.546225,46.529317]},"properties":{"n":"Arobs","k":"office","v":"company"}},{"type":"Feature","geometry":{"type":"Point","coordinates":[24.546295,46.529254]},"properties":{"n":"Bitdefender","k":"office","v":"company","w":"https://www.bitdefender.com"}},{"type":"Feature","geometry":{"type":"Point","coordinates":[24.544256,46.528295]},"properties":{"n":"Fiko's CarWash","k":"amenity","v":"car_wash"}},{"type":"Feature","geometry":{"type":"Point","coordinates":[24.548954,46.531936]},"properties":{"n":"Raiffeisen Bank","k":"amenity","v":"atm"}},{"type":"Feature","geometry":{"type":"Point","coordinates":[24.54814,46.530169]},"properties":{"n":"e-charge","k":"amenity","v":"charging_station","alt":["Renovatio Asset Management SRL"]}},{"type":"Feature","geometry":{"type":"Point","coordinates":[24.549533,46.533452]},"properties":{"n":"Farmatop","k":"amenity","v":"pharmacy","alt":["S.C. Farmatop S.R.L."],"st":"Piața Gării","hn":"1","oh":"Mo-Fr 08:00-20:00; Sa-Su 08:00-14:00"}},{"type":"Feature","geometry":{"type":"Point","coordinates":[24.544199,46.53296]},"properties":{"n":"Wonderland Kids Party","k":"leisure","v":"indoor_play","st":"Strada Băneasa","hn":"23","oh":"Mo-Fr 12:00-21:00; Sa-Su 09:00-21:00","ph":"+40740797996"}},{"type":"Feature","geometry":{"type":"Point","coordinates":[24.549182,46.532809]},"properties":{"n":"Sahara Transport","k":"office","v":"logistics","st":"Piața Gării","hn":"1","ph":"+40 365 440 074","w":"https://saharatransport.ro/"}},{"type":"Feature","geometry":{"type":"Point","coordinates":[24.544643,46.527985]},"properties":{"n":"Novatrix","k":"shop","v":"rental","st":"Strada Gheorghe Doja","hn":"139","oh":"Mo-Fr 08:00-17:00; Sa 07:00-13:00","ph":"+40265262419"}},{"type":"Feature","geometry":{"type":"Point","coordinates":[24.545138,46.528179]},"properties":{"n":"Zegat Com","k":"shop","v":"doityourself","st":"Strada Gheorghe Doja","hn":"133","oh":"Mo-Fr 08:00-16:00","ph":"+40365455617"}},{"type":"Feature","geometry":{"type":"Point","coordinates":[24.549498,46.53297]},"properties":{"n":"Darina","k":"amenity","v":"restaurant"}},{"type":"Feature","geometry":{"type":"Point","coordinates":[24.545762,46.528898]},"properties":{"n":"Banca Transilvania","k":"amenity","v":"bank","st":"Strada Gheorghe Doja","hn":"74","oh":"Mo-Fr 09:00-17:00"}},{"type":"Feature","geometry":{"type":"Point","coordinates":[24.551231,46.526573]},"properties":{"n":"BKF Carwash","k":"amenity","v":"car_wash","oh":"24/7"}},{"type":"Feature","geometry":{"type":"Point","coordinates":[24.555735,46.52605]},"properties":{"n":"Maryflor","k":"shop","v":"convenience","st":"Strada Godeanu","hn":"42"}},{"type":"Feature","geometry":{"type":"Point","coordinates":[24.555848,46.526076]},"properties":{"n":"Pari Slot","k":"shop","v":"bookmaker","st":"Strada Godeanu","hn":"42"}},{"type":"Feature","geometry":{"type":"Point","coordinates":[24.560521,46.527221]},"properties":{"n":"Ponderosa","k":"shop","v":"butcher"}},{"type":"Feature","geometry":{"type":"Point","coordinates":[24.55568,46.52975]},"properties":{"n":"Macho","k":"amenity","v":"restaurant","st":"Bulevardul 1848","hn":"57","oh":"Mo-Th 07:00-00:00; Fr-Su 07:00-04:00","ph":"+40753696167","w":"https://machopizza-pub.ro/","cu":"pizza"}},{"type":"Feature","geometry":{"type":"Point","coordinates":[24.556159,46.530932]},"properties":{"n":"Banca Transilvania","k":"amenity","v":"bank","alt":["Transilvania Bank"],"st":"Bulevardul 1848","hn":"46A","oh":"Mo-Fr 09:00-17:00","ph":"+40-265-266080","w":"https://www.bancatransilvania.ro/"}},{"type":"Feature","geometry":{"type":"Point","coordinates":[24.554765,46.529755]},"properties":{"n":"Palas","k":"shop","v":"supermarket","st":"Bulevardul 1848","hn":"56","oh":"Mo-Su 07:00-22:00","ph":"+40265306225","w":"https://www.palascom.ro"}},{"type":"Feature","geometry":{"type":"Point","coordinates":[24.551488,46.533108]},"properties":{"n":"Optica Medicală Sandor Mezek","k":"shop","v":"optician"}},{"type":"Feature","geometry":{"type":"Point","coordinates":[24.55072,46.533791]},"properties":{"n":"Oficiul Poștal nr. 2","k":"amenity","v":"post_office","st":"Strada Liviu Rebreanu","hn":"41","oh":"Mo-Fr 08:00-19:00","ph":"+40265251059","w":"https://www.posta-romana.ro/"}},{"type":"Feature","geometry":{"type":"Point","coordinates":[24.555889,46.530708]},"properties":{"n":"Carrefour Market","k":"shop","v":"supermarket","st":"Bulevardul 1848","hn":"46A","oh":"Mo-Sa 06:00-22:00; Su 08:00-21:00","ph":"+40265233617","w":"https://carrefour.ro/"}},{"type":"Feature","geometry":{"type":"Point","coordinates":[24.551191,46.527464]},"properties":{"n":"PC Studio","k":"shop","v":"computer","st":"Strada Caraiman","hn":"2","oh":"Mo-Fr 09:00-18:00; Sa 09:00-13:00","ph":"+40-740-976569","w":"http://www.pc-studio.ro/"}},{"type":"Feature","geometry":{"type":"Point","coordinates":[24.551103,46.527791]},"properties":{"n":"1001 Articole","k":"shop","v":"variety_store"}},{"type":"Feature","geometry":{"type":"Point","coordinates":[24.551638,46.533206]},"properties":{"n":"Euromarket","k":"shop","v":"convenience"}},{"type":"Feature","geometry":{"type":"Point","coordinates":[24.550891,46.533398]},"properties":{"n":"Superbet","k":"shop","v":"bookmaker","alt":["Superbet Betting & Gaming SA"],"oh":"Mo-Su 10:00-22:00","ph":"+40 786 401 088","w":"https://www.superbet.ro/"}},{"type":"Feature","geometry":{"type":"Point","coordinates":[24.554619,46.528777]},"properties":{"n":"Superbet","k":"shop","v":"bookmaker","alt":["Superbet Betting & Gaming SA"],"st":"Bulevardul 1848","hn":"71","oh":"Mo-Su 10:00-22:00","ph":"0786401088","w":"https://www.superbet.ro/"}},{"type":"Feature","geometry":{"type":"Point","coordinates":[24.555659,46.529649]},"properties":{"n":"Profi","k":"shop","v":"supermarket","alt":["Profi Rom Food"],"st":"Bulevardul 1848","hn":"59-63","oh":"Mo-Sa 07:00-22:00; Su 08:00-22:00","ph":"0751169501","w":"https://www.profi.ro/"}},{"type":"Feature","geometry":{"type":"Point","coordinates":[24.55467,46.529696]},"properties":{"n":"CTC Store","k":"shop","v":"stationery","alt":["SC CTC STORE SRL"],"st":"Bulevardul 1848","hn":"54-56","ph":"+40741143447","w":"https://ctcstore.ro/"}},{"type":"Feature","geometry":{"type":"Point","coordinates":[24.555241,46.530167]},"properties":{"n":"Farmacia Universității","k":"amenity","v":"pharmacy","st":"Bulevardul 1848","hn":"46A","oh":"Mo-Fr 08:00-20:00, Sa 09:00-15:00, Su 10:00-13:00","ph":"0799 888 818","w":"https://farmaciauniversitatii.ro/"}},{"type":"Feature","geometry":{"type":"Point","coordinates":[24.554489,46.528149]},"properties":{"n":"Pizzeria Morandi","k":"amenity","v":"restaurant","st":"Bulevardul 1848","hn":"77","oh":"Mo-Su 10:00-23:00","ph":"+40365882525","w":"http://www.pizzeriamorandi.ro/","cu":"pizza"}},{"type":"Feature","geometry":{"type":"Point","coordinates":[24.554856,46.528991]},"properties":{"n":"Dr. Max","k":"amenity","v":"pharmacy","st":"Bulevardul 1848","hn":"71","oh":"Mo-Fr 08:00-20:00, Sa 09:00-17:00","ph":"+40737477217","w":"https://www.drmax.ro"}},{"type":"Feature","geometry":{"type":"Point","coordinates":[24.55521,46.529299]},"properties":{"n":"TimKo","k":"shop","v":"bakery","st":"Bulevardul 1848","hn":"67","oh":"Mo-Fr 05:30-21:00, Sa 06:00-16:00"}},{"type":"Feature","geometry":{"type":"Point","coordinates":[24.555866,46.529392]},"properties":{"n":"Restaurant Darina","k":"amenity","v":"restaurant","st":"Bulevardul 1848","hn":"57","oh":"Mo-Su 08:00-22:00","ph":"+40771260737","w":"https://darina.ro/","cu":"pizza;regional;coffee_shop;international;chicken"}},{"type":"Feature","geometry":{"type":"Point","coordinates":[24.5505,46.532442]},"properties":{"n":"BSG Amanet&Exchange","k":"shop","v":"pawnbroker","st":"Piața Gării","hn":"2A","oh":"Mo-Fr 08:15-16:30; Sa 08:15-21:15","ph":"+40751220978","w":"https://www.amanet.ro/"}},{"type":"Feature","geometry":{"type":"Point","coordinates":[24.550547,46.532308]},"properties":{"n":"Profi","k":"shop","v":"supermarket","alt":["Profi Rom Food"],"st":"Piața Gării","hn":"2","oh":"Mo-Sa 06:00-22:00; Su 08:00-22:00","ph":"+40 741 121 872;+40 741 819 278","w":"https://www.profi.ro"}},{"type":"Feature","geometry":{"type":"Point","coordinates":[24.550653,46.533575]},"properties":{"n":"Ropharma","k":"amenity","v":"pharmacy","st":"Piața Gării","oh":"Mo-Fr 08:00-20:00; Sa 08:00-14:00"}},{"type":"Feature","geometry":{"type":"Point","coordinates":[24.551208,46.53319]},"properties":{"n":"Adial","k":"craft","v":"electronics_repair","st":"Piața Gării","hn":"5","oh":"Mo-Fr 09:00-18:00","ph":"+40770843100","w":"http://www.adial.ro/"}},{"type":"Feature","geometry":{"type":"Point","coordinates":[24.555168,46.529261]},"properties":{"n":"Green Art","k":"shop","v":"florist","st":"Bulevardul 1848","hn":"65-67","oh":"Mo-Sa 08:00-20:00; Su 08:00-13:00","ph":"0756614163"}},{"type":"Feature","geometry":{"type":"Point","coordinates":[24.554373,46.52821]},"properties":{"n":"Therezia","k":"shop","v":"dairy","st":"Bulevardul 1848","hn":"77","oh":"Mo-Fr 07:00-21:00; Sa 07:00-17:00","w":"https://www.therezia.ro/"}},{"type":"Feature","geometry":{"type":"Point","coordinates":[24.551224,46.52736]},"properties":{"n":"Z Security","k":"office","v":"security","st":"Strada Caraiman","hn":"2","oh":"Mo-Fr 09:00-18:00; Sa 10:00-14:00","ph":"+40741731875","w":"https://www.sisteme.video/"}},{"type":"Feature","geometry":{"type":"Point","coordinates":[24.553704,46.529445]},"properties":{"n":"Cabinet individual de psihologie Poruțiu Daniela","k":"healthcare","v":"psychotherapist","st":"Strada Ciucaș","hn":"1","oh":"Mo-Fr 09:00-20:00; Sa 09:00-14:00","ph":"+40722793335"}},{"type":"Feature","geometry":{"type":"Point","coordinates":[24.551058,46.530494]},"properties":{"n":"Zen Moto Tours","k":"office","v":"guide","st":"Strada Budiului","hn":"21","oh":"Mo-Fr 09:00-18:30","ph":"+40743021930","w":"https://zenmoto.eu"}},{"type":"Feature","geometry":{"type":"Point","coordinates":[24.559058,46.532553]},"properties":{"n":"Darina","k":"shop","v":"supermarket","st":"Bulevardul 1848","hn":"17","oh":"Mo-Su 07:00-22:00","ph":"+40265266388","w":"https://darina.ro/"}},{"type":"Feature","geometry":{"type":"Point","coordinates":[24.557402,46.531202]},"properties":{"n":"BRD","k":"amenity","v":"bank","st":"Bulevardul 1848","hn":"23","oh":"Mo-Fr 09:00-17:00","ph":"+40-265-251652","w":"https://www.brd.ro/"}},{"type":"Feature","geometry":{"type":"Point","coordinates":[24.556645,46.530557]},"properties":{"n":"Oficiul Poștal nr. 9","k":"amenity","v":"post_office","st":"Bulevardul 1848","hn":"37","oh":"Mo-Fr 08:00-19:00","ph":"+40-265-251585","w":"https://www.posta-romana.ro/"}},{"type":"Feature","geometry":{"type":"Point","coordinates":[24.556372,46.530117]},"properties":{"n":"Biserica Sfinții Trei Ierarh","k":"amenity","v":"place_of_worship","st":"Bulevardul 1848","hn":"43"}},{"type":"Feature","geometry":{"type":"Point","coordinates":[24.559273,46.532742]},"properties":{"n":"Farma Dan","k":"amenity","v":"pharmacy","st":"Bulevardul 1848","hn":"15","oh":"Mo-Fr 08:00-21:00; Sa 08:00-14:00","ph":"0265231233"}},{"type":"Feature","geometry":{"type":"Point","coordinates":[24.557043,46.530073]},"properties":{"n":"China Shop","k":"shop","v":"variety_store"}},{"type":"Feature","geometry":{"type":"Point","coordinates":[24.556521,46.531185]},"properties":{"n":"Danny Market","k":"shop","v":"convenience","st":"Bulevardul 1848","hn":"44","oh":"24/7"}},{"type":"Feature","geometry":{"type":"Point","coordinates":[24.556604,46.531258]},"properties":{"n":"IFN Sabion Amanet","k":"shop","v":"pawnbroker","st":"Bulevardul 1848","hn":"40-42","oh":"Mo-Fr 08:00-18:00, Sa 08:00-14:00","ph":"+40372766672","w":"https://samanet.ro/"}},{"type":"Feature","geometry":{"type":"Point","coordinates":[24.556706,46.531327]},"properties":{"n":"Romtrust","k":"shop","v":"car_parts","st":"Bulevardul 1848","hn":"42","oh":"Mo-Fr 08:00-17:00, Sa 08:00-12:00","ph":"+40365439376","w":"https://autotrust.ro/"}},{"type":"Feature","geometry":{"type":"Point","coordinates":[24.556765,46.531383]},"properties":{"n":"BSG Amanet & Exchange","k":"shop","v":"pawnbroker","st":"Bulevardul 1848","hn":"42","oh":"Mo-Fr 08:30-21:15, Sa 08:30-16:30","ph":"+40751220548","w":"https://www.amanet.ro/"}},{"type":"Feature","geometry":{"type":"Point","coordinates":[24.557496,46.532097]},"properties":{"n":"Junona Games","k":"amenity","v":"bar","st":"Bulevardul 1848","hn":"30","oh":"Mo-Su 08:00-23:00"}},{"type":"Feature","geometry":{"type":"Point","coordinates":[24.558963,46.533159]},"properties":{"n":"Dentexpert","k":"amenity","v":"dentist","st":"Bulevardul 1848","hn":"20E","oh":"Mo-Fr 08:30-20:00","ph":"+40265263835","w":"https://dentexpert.com.ro/"}},{"type":"Feature","geometry":{"type":"Point","coordinates":[24.556549,46.530392]},"properties":{"n":"Ropharma","k":"amenity","v":"pharmacy","st":"Bulevardul 1848","hn":"37","oh":"Mo-Fr 08:00-20:00; Sa 09:00-14:00","w":"https://ropharma.ro/"}},{"type":"Feature","geometry":{"type":"Point","coordinates":[24.557711,46.531469]},"properties":{"n":"Medimfarm","k":"amenity","v":"pharmacy","st":"Bulevardul 1848","hn":"23B","oh":"Mo-Fr 08:00-20:00; Sa 09:00-14:00","ph":"+40737067395","w":"https://www.medimfarm.ro/"}},{"type":"Feature","geometry":{"type":"Point","coordinates":[24.558275,46.531817]},"properties":{"n":"Petry","k":"shop","v":"butcher","st":"Bulevardul 1848","hn":"22A","oh":"Mo-Fr 08:00-20:00; Sa 08:00-15:00","ph":"+40734730365","w":"http://petry.ro/"}},{"type":"Feature","geometry":{"type":"Point","coordinates":[24.558583,46.532063]},"properties":{"n":"Catena","k":"amenity","v":"pharmacy","st":"Bulevardul 1848","hn":"23","oh":"Mo-Fr 08:00-21:00; Sa 08:00-16:00; Su 08:00-13:00","ph":"+40741106632","w":"https://www.catena.ro/"}},{"type":"Feature","geometry":{"type":"Point","coordinates":[24.558668,46.532143]},"properties":{"n":"Casa Pariurilor","k":"shop","v":"bookmaker","st":"Bulevardul 1848","hn":"21","oh":"Mo-Su 10:00-22:00","ph":"+40212321048","w":"https://www.casapariurilor.ro/"}},{"type":"Feature","geometry":{"type":"Point","coordinates":[24.558631,46.532107]},"properties":{"n":"Digi","k":"office","v":"telecommunication","st":"Bulevardul 1848","hn":"21","oh":"Mo-Fr 09:00-18:00","ph":"+40365400414","w":"https://digiromania.ro/"}},{"type":"Feature","geometry":{"type":"Point","coordinates":[24.558882,46.532319]},"properties":{"n":"Puiul de Crăiești","k":"shop","v":"butcher","st":"Bulevardul 1848","hn":"19","oh":"Mo-Fr 08:00-20:00; Sa 08:00-16:00","ph":"0265427650","w":"https://www.puiuldecraiesti.ro/"}},{"type":"Feature","geometry":{"type":"Point","coordinates":[24.559368,46.532811]},"properties":{"n":"Orange","k":"shop","v":"mobile_phone","st":"Bulevardul 1848","hn":"17","oh":"Mo-Fr 09:00-19:00; Sa 09:00-13:00","w":"https://www.orange.ro/"}},{"type":"Feature","geometry":{"type":"Point","coordinates":[24.559542,46.532956]},"properties":{"n":"IFN Sabion Amanet","k":"shop","v":"pawnbroker","st":"Bulevardul 1848","hn":"11","oh":"Mo-Fr 09:00-17:00; Sa 09:00-14:00","ph":"+40372745692","w":"https://samanet.ro/"}},{"type":"Feature","geometry":{"type":"Point","coordinates":[24.559845,46.533423]},"properties":{"n":"Papetarie Jocuri Jucarii","k":"shop","v":"toys","st":"Bulevardul 1848","hn":"11","oh":"Mo-Fr 08:00-20:00; Sa 08:00-16:00"}},{"type":"Feature","geometry":{"type":"Point","coordinates":[24.559335,46.532784]},"properties":{"n":"Brutăria Eldi Pékség","k":"shop","v":"bakery","st":"Bulevardul 1848","hn":"15","oh":"Mo-Fr 06:00-20:00; Sa 07:00-17:00","ph":"0756133567","w":"https://www.eldi.ro/"}},{"type":"Feature","geometry":{"type":"Point","coordinates":[24.559301,46.532763]},"properties":{"n":"Farmacia Dr. Max","k":"amenity","v":"pharmacy","st":"Bulevardul 1848","hn":"15","oh":"Mo-Fr 08:00-20:00; Sa 08:00-14:00","ph":"0725826078","w":"https://www.drmax.ro/"}},{"type":"Feature","geometry":{"type":"Point","coordinates":[24.558322,46.53187]},"properties":{"n":"Romfulda","k":"shop","v":"dairy","st":"Bulevardul 1848","hn":"23","oh":"Mo-Sa 07:00-19:00"}},{"type":"Feature","geometry":{"type":"Point","coordinates":[24.557798,46.531541]},"properties":{"n":"Gloriosa","k":"shop","v":"florist","st":"Bulevardul 1848","hn":"23","oh":"Mo-Sa 08:00-20:00; Su 09:00-15:00"}},{"type":"Feature","geometry":{"type":"Point","coordinates":[24.557607,46.531374]},"properties":{"n":"Shoe Box","k":"shop","v":"shoes","st":"Bulevardul 1848","hn":"23B","oh":"Mo-Fr 08:00-20:00; Sa 09:00-15:00","ph":"0732152842","w":"https://shoe-box.ro/"}},{"type":"Feature","geometry":{"type":"Point","coordinates":[24.557111,46.530969]},"properties":{"n":"CEC Bank","k":"amenity","v":"bank","st":"Bulevardul 1848","hn":"23","oh":"Mo-Fr 09:00-16:30","ph":"0265251868","w":"https://www.cec.ro/"}},{"type":"Feature","geometry":{"type":"Point","coordinates":[24.558755,46.533013]},"properties":{"n":"Irucont","k":"craft","v":"electronics_repair","st":"Bulevardul 1848","hn":"22","oh":"Mo-Fr 09:00-17:00","ph":"0265269762"}},{"type":"Feature","geometry":{"type":"Point","coordinates":[24.558504,46.532846]},"properties":{"n":"Biooptica","k":"shop","v":"optician","st":"Bulevardul 1848","hn":"24","oh":"Mo-Th 10:00-18:00; Fr 10:00-17:00","ph":"0745059059"}},{"type":"Feature","geometry":{"type":"Point","coordinates":[24.557328,46.53183]},"properties":{"n":"Diószegi","k":"shop","v":"bakery","st":"Bulevardul 1848","hn":"36","oh":"Mo-Fr 06:00-20:00; Sa 07:00-15:00","ph":"0267318284"}},{"type":"Feature","geometry":{"type":"Point","coordinates":[24.557284,46.531795]},"properties":{"n":"Brutăria Kovács","k":"shop","v":"bakery","st":"Bulevardul 1848","hn":"36","oh":"Mo-Fr 05:30-20:00; Sa 06:00-15:00","ph":"0265211678","w":"https://kovacs.ro/"}},{"type":"Feature","geometry":{"type":"Point","coordinates":[24.557237,46.53176]},"properties":{"n":"Benedek","k":"shop","v":"butcher","st":"Bulevardul 1848","hn":"36"}},{"type":"Feature","geometry":{"type":"Point","coordinates":[24.556812,46.531425]},"properties":{"n":"Farmacia Richter","k":"amenity","v":"pharmacy","st":"Bulevardul 1848","hn":"40-42","oh":"Mo-Fr 08:00-20:00; Sa 09:00-15:00","ph":"0265220988","w":"https://richter-farmacia.ro/"}},{"type":"Feature","geometry":{"type":"Point","coordinates":[24.558737,46.532985]},"properties":{"n":"Salon Belladonna","k":"shop","v":"beauty","st":"Bulevardul 1848","hn":"22","oh":"Mo-Fr 08:00-20:00; Sa 08:00-13:00","ph":"+40742092181"}},{"type":"Feature","geometry":{"type":"Point","coordinates":[24.560455,46.532762]},"properties":{"n":"Norbi Bar","k":"amenity","v":"bar","st":"Strada Suceava","hn":"13","oh":"Mo-Su 08:00-22:00"}},{"type":"Feature","geometry":{"type":"Point","coordinates":[24.559846,46.528875]},"properties":{"n":"Darina","k":"shop","v":"convenience"}},{"type":"Feature","geometry":{"type":"Point","coordinates":[24.53747,46.535927]},"properties":{"n":"CONSORTIUM MOTORS GROUP SRL","k":"shop","v":"car_repair","alt":["ALL MOTORS GROUP"],"st":"Strada Libertății","hn":"120 CORP C1","oh":"Mo-Fr 00:00-24:00","ph":"0758277209"}},{"type":"Feature","geometry":{"type":"Point","coordinates":[24.537577,46.53597]},"properties":{"n":"ALL MOTORS GROUP","k":"shop","v":"car","st":"Strada Libertății","hn":"120 CORP C1","ph":"0758277209"}},{"type":"Feature","geometry":{"type":"Point","coordinates":[24.537533,46.535832]},"properties":{"n":"INTERNATIONAL BIO HONEY SRL","k":"shop","v":"convenience","alt":["INTERNATIONAL BIO HONEY"],"st":"Strada Libertății","hn":"120 CORP C1","oh":"Mo-Fr 08:00-18:00; Su 00:00-24:00","ph":"0758277209"}},{"type":"Feature","geometry":{"type":"Point","coordinates":[24.539465,46.537225]},"properties":{"n":"Adimag","k":"shop","v":"doityourself","st":"Strada Barajului","hn":"1","oh":"Mo-Fr 07:30-15:45; Sa 08:00-13:45","ph":"+40758108111","w":"https://www.adimag.ro/"}},{"type":"Feature","geometry":{"type":"Point","coordinates":[24.538099,46.538192]},"properties":{"n":"Arabesque","k":"shop","v":"doityourself","st":"Strada Barajului","hn":"3","oh":"Mo-Fr 08:00-17:30; Sa 08:00-12:00","ph":"+40365430524","w":"https://mathaus.ro/"}},{"type":"Feature","geometry":{"type":"Point","coordinates":[24.537152,46.537739]},"properties":{"n":"Catalonia Inox","k":"craft","v":"metal_construction","st":"Strada Barajului","hn":"3","oh":"Mo-Fr 08:00-16:30","ph":"+40365882240","w":"https://www.cataloniainox.ro/"}},{"type":"Feature","geometry":{"type":"Point","coordinates":[24.539001,46.539746]},"properties":{"n":"Torpi","k":"leisure","v":"sports_centre","st":"Strada Barajului","hn":"4","ph":"+40721444117"}},{"type":"Feature","geometry":{"type":"Point","coordinates":[24.538864,46.53845]},"properties":{"n":"BCR","k":"amenity","v":"atm","alt":["Banca Comercială Română"]}},{"type":"Feature","geometry":{"type":"Point","coordinates":[24.537469,46.535209]},"properties":{"n":"TIR SA","k":"amenity","v":"car_wash"}},{"type":"Feature","geometry":{"type":"Point","coordinates":[24.538985,46.536387]},"properties":{"n":"Multipractic","k":"shop","v":"fabric","st":"Strada Libertății","hn":"120","ph":"0265260333","w":"http://www.multipractic.ro/"}},{"type":"Feature","geometry":{"type":"Point","coordinates":[24.543164,46.53929]},"properties":{"n":"Vitaland","k":"shop","v":"spices","st":"Strada Milcovului","hn":"4","ph":"+40265219332"}},{"type":"Feature","geometry":{"type":"Point","coordinates":[24.542355,46.538932]},"properties":{"n":"Monocassion","k":"shop","v":"car_repair","st":"Strada Libertății","hn":"110","oh":"Mo-Fr 08:00-20:00","ph":"+40720338261"}},{"type":"Feature","geometry":{"type":"Point","coordinates":[24.541822,46.540313]},"properties":{"n":"Vasim Topo","k":"office","v":"architect","st":"Strada Milcovului","hn":"30","oh":"Mo-Fr 08:00-16:00","ph":"+40744695616","w":"https://www.topograf-mures.ro/"}},{"type":"Feature","geometry":{"type":"Point","coordinates":[24.540937,46.536022]},"properties":{"n":"easybox","k":"amenity","v":"parcel_locker","alt":["Sameday"]}},{"type":"Feature","geometry":{"type":"Point","coordinates":[24.537822,46.535752]},"properties":{"n":"Uniprest","k":"craft","v":"hvac","alt":["UNIPREST INSTAL SRL"],"st":"Strada Libertății","hn":"120","ph":"036588207","w":"https://uniprest.ro/"}},{"type":"Feature","geometry":{"type":"Point","coordinates":[24.53918,46.537595]},"properties":{"n":"Catalonia Inox","k":"shop","v":"hardware","st":"Strada Barajului","hn":"3","ph":"0365882240","w":"https://cataloniainox.ro/"}},{"type":"Feature","geometry":{"type":"Point","coordinates":[24.5452,46.540305]},"properties":{"n":"Restaurant Panoramic","k":"amenity","v":"restaurant","cu":"regional"}},{"type":"Feature","geometry":{"type":"Point","coordinates":[24.545203,46.540241]},"properties":{"n":"Darina","k":"shop","v":"convenience","st":"Piața Albert Metz","hn":"12","oh":"07:00-22:00","ph":"+40265266260","w":"https://darina.ro/"}},{"type":"Feature","geometry":{"type":"Point","coordinates":[24.54729,46.539838]},"properties":{"n":"La Curie","k":"amenity","v":"restaurant","st":"Strada Frederic Joliot-Curie","hn":"10","oh":"Mo-Sa 08:00-22:00","ph":"+40-771-652673","w":"http://www.pizzerialacurie.ro/","cu":"pizza"}},{"type":"Feature","geometry":{"type":"Point","coordinates":[24.547447,46.538793]},"properties":{"n":"Sifoneria Handel","k":"shop","v":"tyres","st":"Strada Ialomiței","hn":"15A"}},{"type":"Feature","geometry":{"type":"Point","coordinates":[24.548056,46.538644]},"properties":{"n":"Dr. Wheel","k":"shop","v":"tyres","st":"Piața Armatei","hn":"20","oh":"Mo-Fr 08:00-19:00; Sa 08:00-17:00; Su 08:00-14:00","ph":"+40-365-730767","w":"https://www.drwheel.ro/"}},{"type":"Feature","geometry":{"type":"Point","coordinates":[24.549216,46.538515]},"properties":{"n":"Xedex Trade","k":"shop","v":"car_parts","st":"Piața Armatei","hn":"17","oh":"Mo-Fr 08:00-17:30; Sa 08:30-13:30","ph":"+40-265-266658","w":"https://www.xedex.ro/"}},{"type":"Feature","geometry":{"type":"Point","coordinates":[24.545817,46.539643]},"properties":{"n":"Hungaro Therm","k":"shop","v":"doityourself","st":"Piața Albert Metz","hn":"16A","oh":"Mo-Fr 08:00-17:00","ph":"+40365801917"}},{"type":"Feature","geometry":{"type":"Point","coordinates":[24.548694,46.538081]},"properties":{"n":"Lem's","k":"shop","v":"furniture","st":"Piața Armatei","hn":"27","oh":"Mo-Fr 08:00-20:00; Sa 09:00-14:00","ph":"+40-743-058717","w":"https://www.lemet.ro/"}},{"type":"Feature","geometry":{"type":"Point","coordinates":[24.548506,46.538939]},"properties":{"n":"Auto Nic Drive","k":"amenity","v":"driving_school","st":"Piața Armatei","hn":"16","ph":"+40744299232"}},{"type":"Feature","geometry":{"type":"Point","coordinates":[24.548264,46.537972]},"properties":{"n":"Autobit","k":"shop","v":"car_parts","st":"Piața Armatei","hn":"29","oh":"Mo-Fr 08:00-18:00; Su 09:00-13:00","ph":"+40760600084","w":"https://autobit.ro/"}},{"type":"Feature","geometry":{"type":"Point","coordinates":[24.548787,46.538212]},"properties":{"n":"Miotto Home Design","k":"shop","v":"furniture","st":"Piața Armatei","hn":"25","oh":"Mo-Fr 10:00-18:00; Sa 09:00-14:00","ph":"+40744985382","w":"https://www.home-miotto.ro/"}},{"type":"Feature","geometry":{"type":"Point","coordinates":[24.549335,46.539019]},"properties":{"n":"Eldi","k":"shop","v":"bakery","st":"Piața Armatei","hn":"13","oh":"Mo-Fr 06:00-20:00; Sa 07:00-17:00","ph":"+40757018049","w":"https://www.eldi.ro/"}},{"type":"Feature","geometry":{"type":"Point","coordinates":[24.545087,46.539972]},"properties":{"n":"Cofetăria Trandafirul","k":"shop","v":"pastry","st":"Piața Albert Metz","hn":"1","oh":"Mo-Sa 08:00-19:00; Su 10:00-13:00","ph":"+40744562564"}},{"type":"Feature","geometry":{"type":"Point","coordinates":[24.546028,46.539822]},"properties":{"n":"Bar Bet&Win","k":"amenity","v":"bar","st":"Piața Albert Metz","hn":"17","oh":"08:00-22:00"}},{"type":"Feature","geometry":{"type":"Point","coordinates":[24.545926,46.539904]},"properties":{"n":"Timko","k":"shop","v":"bakery","st":"Piața Albert Metz","hn":"17","oh":"Mo-Sa 05:00-21:00"}},{"type":"Feature","geometry":{"type":"Point","coordinates":[24.545835,46.539962]},"properties":{"n":"TCS Autoserv","k":"shop","v":"car_parts","st":"Piața Albert Metz","hn":"17","oh":"Mo-Fr 09:00-17:00; Sa 09:00-13:00","ph":"+40743844547"}},{"type":"Feature","geometry":{"type":"Point","coordinates":[24.545768,46.540049]},"properties":{"n":"Brutăria Kovács Pékség","k":"shop","v":"bakery","st":"Strada Libertății","hn":"95","oh":"Mo-Fr 05:30-21:00; Sa 06:00-17:00","ph":"+40265211678","w":"https://kovacs.ro/"}},{"type":"Feature","geometry":{"type":"Point","coordinates":[24.544753,46.539742]},"properties":{"n":"Plasmaserv","k":"office","v":"company","st":"Strada Libertății","hn":"98","ph":"0265260652","w":"https://plasmaserv.ro/contact"}},{"type":"Feature","geometry":{"type":"Point","coordinates":[24.539327,46.543209]},"properties":{"n":"Darina","k":"shop","v":"supermarket"}},{"type":"Feature","geometry":{"type":"Point","coordinates":[24.538787,46.543205]},"properties":{"n":"Profi","k":"shop","v":"supermarket","alt":["Profi Rom Food"],"oh":"Mo-Sa 07:00-22:00; Su 08:00-22:00","ph":"+40 737 018 758;+40 737 018 759","w":"https://www.profi.ro/"}},{"type":"Feature","geometry":{"type":"Point","coordinates":[24.541875,46.543794]},"properties":{"n":"FireRo","k":"office","v":"security","st":"Strada Ady Endre","hn":"27","oh":"Mo-Fr 08:00-16:30","ph":"+40265267049"}},{"type":"Feature","geometry":{"type":"Point","coordinates":[24.540085,46.544405]},"properties":{"n":"Gloobus","k":"office","v":"it","st":"Strada Romulus Guga","hn":"1","w":"https://gloobus.it/"}},{"type":"Feature","geometry":{"type":"Point","coordinates":[24.544682,46.540934]},"properties":{"n":"Pantera Med","k":"amenity","v":"veterinary","alt":["Pantera Med SRL"],"st":"Piața Albert Metz","hn":"6","oh":"Mo-Fr 09:00-17:00","ph":"+40722515028","w":"http://www.pantheramed.ro/"}},{"type":"Feature","geometry":{"type":"Point","coordinates":[24.546353,46.542035]},"properties":{"n":"Magnolia","k":"shop","v":"florist","st":"Strada Ady Endre","hn":"11","oh":"Mo-Fr 08:00-20:30; Sa 08:00-17:00","ph":"+40-265-264502","w":"https://www.magnolia.ro/"}},{"type":"Feature","geometry":{"type":"Point","coordinates":[24.54512,46.541065]},"properties":{"n":"B.E.J. Aștelean Florin-Sergiu","k":"office","v":"consulting","st":"Strada Zidarilor","hn":"4","oh":"Mo-Fr 09-15","ph":"+40365735777","w":"http://www.astelean.ro/"}},{"type":"Feature","geometry":{"type":"Point","coordinates":[24.543374,46.542454]},"properties":{"n":"Simadon Comserv","k":"shop","v":"car_repair","st":"Strada Țesătorilor","hn":"7","ph":"+40265250589"}},{"type":"Feature","geometry":{"type":"Point","coordinates":[24.544696,46.54066]},"properties":{"n":"Melinda Funerar","k":"shop","v":"funeral_directors","st":"Piața Albert Metz","hn":"12"}},{"type":"Feature","geometry":{"type":"Point","coordinates":[24.546678,46.542128]},"properties":{"n":"Togheterdance","k":"leisure","v":"dance","st":"Strada Ady Endre","hn":"12","ph":"+40746701352"}},{"type":"Feature","geometry":{"type":"Point","coordinates":[24.548806,46.542597]},"properties":{"n":"New Era Cosmetics","k":"shop","v":"beauty","st":"Strada Câmpului","hn":"6","oh":"Mo-Fr 10:00-19:00","ph":"+40758478147","w":"https://www.neweracosmetics.ro/"}},{"type":"Feature","geometry":{"type":"Point","coordinates":[24.553764,46.534785]},"properties":{"n":"Sissy","k":"shop","v":"hairdresser"}},{"type":"Feature","geometry":{"type":"Point","coordinates":[24.55425,46.534732]},"properties":{"n":"Ferostar","k":"shop","v":"hardware","st":"Strada Gheorghe Doja","hn":"37","oh":"Mo-Fr 08:00-18:00; Sa 08:00-12:00"}},{"type":"Feature","geometry":{"type":"Point","coordinates":[24.550448,46.539629]},"properties":{"n":"Orion Auto","k":"shop","v":"car_parts","st":"Strada Iuliu Maniu","hn":"35","oh":"Mo-Fr 08:00-18:00; Sa 08:00-15:00; Su 08:00-14:00","ph":"+40-365-410512","w":"https://www.orionauto.ro/"}},{"type":"Feature","geometry":{"type":"Point","coordinates":[24.556182,46.539633]},"properties":{"n":"Magnum PC","k":"shop","v":"computer","st":"Strada Tudor Vladimirescu","hn":"52","oh":"Mo-Fr 10:00-17:00","ph":"+40-365-424698","w":"http://www.magnumpc.net/"}},{"type":"Feature","geometry":{"type":"Point","coordinates":[24.552061,46.540092]},"properties":{"n":"SC Alfeus Com SRL (Baterii Auto Rombat)","k":"shop","v":"car_parts","alt":["Rombat"],"oh":"Mo-Fr 08:00-18:00; Sa 09:00-15:00;","ph":"0265.265.450; 0740.209.003"}},{"type":"Feature","geometry":{"type":"Point","coordinates":[24.554561,46.535889]},"properties":{"n":"Serviciul Român de Informații (SRI)","k":"office","v":"company"}},{"type":"Feature","geometry":{"type":"Point","coordinates":[24.554634,46.535694]},"properties":{"n":"SRI TG. MUREȘ","k":"office","v":"company","st":"Strada Gheorghe Doja","hn":"36","ph":"0265 201 000"}},{"type":"Feature","geometry":{"type":"Point","coordinates":[24.553567,46.535903]},"properties":{"n":"Marius Car Wash","k":"amenity","v":"car_wash"}},{"type":"Feature","geometry":{"type":"Point","coordinates":[24.553251,46.53708]},"properties":{"n":"Train Coffee Shop","k":"amenity","v":"cafe","st":"Strada Liviu Rebreanu","hn":"50","oh":"Mo-Fr 08:00-16:00"}},{"type":"Feature","geometry":{"type":"Point","coordinates":[24.555998,46.534621]},"properties":{"n":"Restaurant Privo","k":"amenity","v":"restaurant"}},{"type":"Feature","geometry":{"type":"Point","coordinates":[24.550011,46.539656]},"properties":{"n":"Power Accesories","k":"shop","v":"mobile_phone","st":"Strada Iuliu Maniu","hn":"60","oh":"Mo-Fr 08:00-17:00","ph":"+40741489805","w":"http://www.gsmpower.ro/"}},{"type":"Feature","geometry":{"type":"Point","coordinates":[24.549872,46.539602]},"properties":{"n":"Big Catfish","k":"shop","v":"fishing","st":"Strada Iuliu Maniu","hn":"62","ph":"+40744901074"}},{"type":"Feature","geometry":{"type":"Point","coordinates":[24.550023,46.539469]},"properties":{"n":"Plăcintărie Piața Armatei","k":"shop","v":"pastry","st":"Piața Armatei","hn":"7"}},{"type":"Feature","geometry":{"type":"Point","coordinates":[24.554387,46.534602]},"properties":{"n":"Pensiunea Cristina","k":"tourism","v":"hotel","st":"Strada Piatra de moară","hn":"1A","ph":"0752202916","w":"http://www.pensiunea-cristina.com/"}},{"type":"Feature","geometry":{"type":"Point","coordinates":[24.552753,46.538074]},"properties":{"n":"Systema","k":"office","v":"consulting","st":"Strada Madách Imre","hn":"8"}},{"type":"Feature","geometry":{"type":"Point","coordinates":[24.552698,46.536405]},"properties":{"n":"Centrul medical Topmed","k":"amenity","v":"clinic","st":"Strada Dorobanților","hn":"1","oh":"Mo-Fr 07:00-21:00; Sa 08:00-13:00","ph":"+40265225002","w":"https://www.topmed.ro/"}},{"type":"Feature","geometry":{"type":"Point","coordinates":[24.555622,46.53863]},"properties":{"n":"Cofetăria Egreta","k":"shop","v":"pastry","st":"Strada Rodnei","hn":"24","oh":"Mo-Fr 08:00-20:00; Sa 08:00-15:00; Su 08:00-13:00","ph":"+40265262918","w":"https://www.cofetariaegreta.ro/"}},{"type":"Feature","geometry":{"type":"Point","coordinates":[24.55349,46.53653]},"properties":{"n":"Banca Transilvania","k":"amenity","v":"atm"}},{"type":"Feature","geometry":{"type":"Point","coordinates":[24.553232,46.536268]},"properties":{"n":"Instadraft","k":"office","v":"engineer","st":"Strada Liviu Rebreanu","hn":"29A","oh":"Mo-Fr 08:00-16:00","ph":"+40766962567","w":"https://www.instadraft.ro"}},{"type":"Feature","geometry":{"type":"Point","coordinates":[24.558705,46.539187]},"properties":{"n":"BCR","k":"amenity","v":"bank","alt":["Banca Comercială Română"]}},{"type":"Feature","geometry":{"type":"Point","coordinates":[24.560863,46.539828]},"properties":{"n":"Optistar","k":"shop","v":"optician"}},{"type":"Feature","geometry":{"type":"Point","coordinates":[24.560126,46.539132]},"properties":{"n":"Ropharma","k":"amenity","v":"pharmacy"}},{"type":"Feature","geometry":{"type":"Point","coordinates":[24.558987,46.540148]},"properties":{"n":"CEC Bank","k":"amenity","v":"bank","st":"Bulevardul 1 Decembrie 1918","hn":"1","oh":"Mo-Fr 09:00-17:00","ph":"+40265207510","w":"https://www.cec.ro/"}},{"type":"Feature","geometry":{"type":"Point","coordinates":[24.559839,46.539453]},"properties":{"n":"Catena","k":"amenity","v":"pharmacy"}},{"type":"Feature","geometry":{"type":"Point","coordinates":[24.55734,46.538369]},"properties":{"n":"Mobigry","k":"shop","v":"furniture","st":"Strada Gheorghe Doja","hn":"14"}},{"type":"Feature","geometry":{"type":"Point","coordinates":[24.557424,46.534943]},"properties":{"n":"Auto Doktor","k":"shop","v":"car_repair","st":"Strada Deva","hn":"8","oh":"Mo-Fr 08:00-12:00;Mo-Fr 13:00-16:30","ph":"+40-365-801331","w":"http://www.autodoktor.ro/"}},{"type":"Feature","geometry":{"type":"Point","coordinates":[24.557665,46.539741]},"properties":{"n":"Carrefour Market","k":"shop","v":"supermarket","oh":"Mo-Sa 08:00-22:00; Sa 08:00-18:00","ph":"+40-374-460275","w":"https://carrefour.ro/","lvl":"0"}},{"type":"Feature","geometry":{"type":"Point","coordinates":[24.562224,46.537209]},"properties":{"n":"Darina","k":"shop","v":"convenience"}},{"type":"Feature","geometry":{"type":"Point","coordinates":[24.56058,46.534556]},"properties":{"n":"Profi","k":"shop","v":"supermarket","alt":["Profi Rom Food"],"oh":"Mo-Sa 07:00-22:00;Su 08:00-22:00","ph":"+40 728 729 315;+40 728 729 322;+40 730 770 185","w":"https://www.profi.ro/"}},{"type":"Feature","geometry":{"type":"Point","coordinates":[24.557284,46.539614]},"properties":{"n":"Parcare subterană Mureș Mall","k":"amenity","v":"parking"}},{"type":"Feature","geometry":{"type":"Point","coordinates":[24.556876,46.539375]},"properties":{"n":"Adimag","k":"shop","v":"radiotechnics","st":"Strada Tudor Vladimirescu","hn":"56","oh":"Mo-Fr 08:00-16:00","ph":"+400754216104","w":"https://www.adimag.ro/"}},{"type":"Feature","geometry":{"type":"Point","coordinates":[24.558327,46.53575]},"properties":{"n":"Alprod","k":"shop","v":"radiotechnics","oh":"Mo-Fr 09:00-17:00","ph":"+40-265-230786","w":"https://www.alprod.ro/"}},{"type":"Feature","geometry":{"type":"Point","coordinates":[24.559984,46.540017]},"properties":{"n":"Laborator Clinic My Health","k":"amenity","v":"doctors"}},{"type":"Feature","geometry":{"type":"Point","coordinates":[24.561178,46.539701]},"properties":{"n":"DC-Shop","k":"shop","v":"computer","st":"Bulevardul 1 Decembrie 1918","hn":"23","oh":"Mo-Fr 09:00-17:00","ph":"+40753850972"}},{"type":"Feature","geometry":{"type":"Point","coordinates":[24.557677,46.540233]},"properties":{"n":"Douglas","k":"shop","v":"perfumery"}},{"type":"Feature","geometry":{"type":"Point","coordinates":[24.561742,46.539647]},"properties":{"n":"Uniqa Asigurări","k":"office","v":"insurance","alt":["Uniqa"],"st":"Bulevardul 1 Decembrie 1918","hn":"31","oh":"Mo-Fr 08:00-16:30","ph":"+40744504475","w":"https://www.uniqa.ro/"}},{"type":"Feature","geometry":{"type":"Point","coordinates":[24.556779,46.537017]},"properties":{"n":"Ventrust","k":"office","v":"financial_advisor","st":"Strada Gheorghe Doja","hn":"28-30","oh":"Mo-Fr 09:00-18:00","ph":"+40741231229"}},{"type":"Feature","geometry":{"type":"Point","coordinates":[24.558251,46.537082]},"properties":{"n":"Gelato and Cake House","k":"amenity","v":"ice_cream","st":"Bulevardul 1848","hn":"1","oh":"Mo-Su 10:00-20:30"}},{"type":"Feature","geometry":{"type":"Point","coordinates":[24.558908,46.539333]},"properties":{"n":"Administrația Finanțelor Publice Târgu Mureș","k":"office","v":"government","alt":["Agenția Națională de Administrare Fiscală"],"st":"Strada Gheorghe Doja","hn":"1-3","oh":"Mo-Fr 08:30-16:30","ph":"+40265262173","w":"https://www.anaf.ro/"}},{"type":"Feature","geometry":{"type":"Point","coordinates":[24.562404,46.539562]},"properties":{"n":"99 Bottles Liquor&Smoke","k":"shop","v":"alcohol","st":"Bulevardul 1 Decembrie 1918","hn":"35","oh":"Mo-Sa 09:00-22:00; Su 11:00-16:00","ph":"+40747993399"}},{"type":"Feature","geometry":{"type":"Point","coordinates":[24.561881,46.539628]},"properties":{"n":"Onyx","k":"shop","v":"jewelry","st":"Bulevardul 1 Decembrie 1918","hn":"31","oh":"Mo-Th 09:00-16:00; Fr 09:00-14:00","ph":"+40744546788"}},{"type":"Feature","geometry":{"type":"Point","coordinates":[24.560276,46.53984]},"properties":{"n":"Visioofta","k":"amenity","v":"doctors","st":"Bulevardul 1 Decembrie 1918","hn":"11-13","oh":"Mo-Fr 09:00-19:00","ph":"+40265265370"}},{"type":"Feature","geometry":{"type":"Point","coordinates":[24.562385,46.538389]},"properties":{"n":"Bartel Klara","k":"amenity","v":"doctors","st":"Pasajul Violetelor","hn":"6A","oh":"Mo-Fr 09:00-20:00","ph":"+40265265090"}},{"type":"Feature","geometry":{"type":"Point","coordinates":[24.562697,46.537168]},"properties":{"n":"Kovács Pékség","k":"shop","v":"bakery","st":"Strada Bobâlna","hn":"20","oh":"Mo-Fr 05:30-21:00; Sa 06:00-17:00","ph":"+40265211678","w":"https://kovacs.ro/"}},{"type":"Feature","geometry":{"type":"Point","coordinates":[24.558353,46.536949]},"properties":{"n":"Vibez Kitchen","k":"amenity","v":"fast_food","st":"Bulevardul 1848","hn":"5","oh":"Mo-Fr 09:00-21:00","ph":"0742202833","w":"https://vibez-shisha.business.site","cu":"burger;sandwich;fast_food"}},{"type":"Feature","geometry":{"type":"Point","coordinates":[24.558307,46.535897]},"properties":{"n":"Pretty Woman","k":"shop","v":"beauty","st":"Bulevardul 1848","hn":"4","oh":"Mo-Fr 08:00-20:00; Sa 08:00-14:00","ph":"0365730915"}},{"type":"Feature","geometry":{"type":"Point","coordinates":[24.558426,46.535468]},"properties":{"n":"Happy","k":"amenity","v":"veterinary","st":"Bulevardul 1848","hn":"11"}},{"type":"Feature","geometry":{"type":"Point","coordinates":[24.559706,46.539921]},"properties":{"n":"Imprinto","k":"shop","v":"stationery","st":"Bulevardul 1 Decembrie 1918","hn":"211","oh":"Mo-Fr 09:00-18:00","ph":"0723051863","w":"https://www.stampile.ro/"}},{"type":"Feature","geometry":{"type":"Point","coordinates":[24.560128,46.539856]},"properties":{"n":"Patria Bank","k":"amenity","v":"bank","st":"Bulevardul 1 Decembrie 1918","hn":"11-13","oh":"Mo-Fr 09:00-17:00","ph":"0265262148","w":"https://www.patriabank.ro/"}},{"type":"Feature","geometry":{"type":"Point","coordinates":[24.562262,46.539589]},"properties":{"n":"Apicola","k":"shop","v":"farm","st":"Bulevardul 1 Decembrie 1918","hn":"35","oh":"Mo-Fr 08:00-19:00; Sa 08:30-13:30","ph":"0265267287"}},{"type":"Feature","geometry":{"type":"Point","coordinates":[24.562848,46.539439]},"properties":{"n":"Help Net","k":"amenity","v":"pharmacy","st":"Bulevardul 1 Decembrie 1918","hn":"39","oh":"24/7","ph":"0732.500131","w":"https://www.helpnet.ro/"}},{"type":"Feature","geometry":{"type":"Point","coordinates":[24.561277,46.5392]},"properties":{"n":"Policlinica 2","k":"amenity","v":"hospital","st":"Bulevardul 1 Decembrie 1918","oh":"Mo-Fr 06:30-21:00","ph":"0365882556"}},{"type":"Feature","geometry":{"type":"Point","coordinates":[24.556861,46.540403]},"properties":{"n":"Birotech Pres","k":"shop","v":"stationery","st":"Strada Liviu Rebreanu","hn":"2","oh":"Mo-Fr 09:00-17:00","ph":"0365801886","w":"http://birotech-pres.ro/"}},{"type":"Feature","geometry":{"type":"Point","coordinates":[24.559618,46.534779]},"properties":{"n":"Algocalm II","k":"amenity","v":"clinic","st":"Strada Parângului","hn":"14","oh":"Mo-Fr 08:00-20:00","ph":"0265265490","w":"https://algocalm.ro/"}},{"type":"Feature","geometry":{"type":"Point","coordinates":[24.558433,46.538419]},"properties":{"n":"Népújság","k":"office","v":"newspaper","st":"Strada Gheorghe Doja","hn":"9","oh":"We-Fr 09:00-20:00","ph":"0265266780","w":"https://www.e-nepujsag.ro/"}},{"type":"Feature","geometry":{"type":"Point","coordinates":[24.557114,46.539293]},"properties":{"n":"Goldring SSIF","k":"office","v":"financial_advisor","st":"Strada Tudor Vladimirescu","hn":"56A","oh":"Mo-Fr 09:00-18:00","ph":"+40265269195","w":"https://www.goldring.ro/"}},{"type":"Feature","geometry":{"type":"Point","coordinates":[24.557302,46.539241]},"properties":{"n":"Dominant Electric","k":"shop","v":"electrical","st":"Strada Tudor Vladimirescu","hn":"56A","oh":"Mo-Fr 08:00-16:00","ph":"+40265206370","w":"http://www.dominantelectric.ro/"}},{"type":"Feature","geometry":{"type":"Point","coordinates":[24.561883,46.537049]},"properties":{"n":"Zahana Studio","k":"shop","v":"beauty","st":"Strada Tudor Vladimirescu","hn":"70A","oh":"Mo-Fr 09:00-17:00","ph":"+40726280666","w":"https://zahanastudio.ro"}},{"type":"Feature","geometry":{"type":"Point","coordinates":[24.55959,46.537787]},"properties":{"n":"Westjobs","k":"office","v":"employment_agency","st":"Strada Predeal","hn":"1","oh":"Mo-Th 09:00-18:00; Fr 09:00-15:00","ph":"+40365450000","w":"https://www.westjobs.eu/"}},{"type":"Feature","geometry":{"type":"Point","coordinates":[24.561496,46.537808]},"properties":{"n":"All3DWorks","k":"shop","v":"copyshop","st":"Strada Tudor Vladimirescu","hn":"81","oh":"Mo-Fr 09:00-18:00; Sa 10:00-13:00","ph":"+40753560955","w":"https://all3dworks.com/"}},{"type":"Feature","geometry":{"type":"Point","coordinates":[24.560046,46.538097]},"properties":{"n":"Pizza Drive","k":"amenity","v":"restaurant","st":"Strada Tudor Vladimirescu","hn":"58","oh":"Mo-Sa 11:00-22:00; Su 12:00-21:00","ph":"+40741221112","w":"https://www.pizzadrivemures.ro/","cu":"pizza"}},{"type":"Feature","geometry":{"type":"Point","coordinates":[24.560487,46.537881]},"properties":{"n":"Casa Județeană de Pensii Mureș","k":"office","v":"government","st":"Strada Tudor Vladimirescu","hn":"60","oh":"Mo-Tu 08:30-14:00; Fr 08:30-12:00","ph":"+40265311021","w":"http://www.cjpmures.ro/"}},{"type":"Feature","geometry":{"type":"Point","coordinates":[24.556572,46.54002]},"properties":{"n":"KRAKATAU","k":"amenity","v":"fast_food","st":"Strada Liviu Rebreanu","hn":"2"}},{"type":"Feature","geometry":{"type":"Point","coordinates":[24.551146,46.542716]},"properties":{"n":"Country Pub","k":"amenity","v":"pub","st":"Strada Lavandei","hn":"2","oh":"Mo-Fr 09:00-22:00;Sa-Su 11:00-22:00","w":"http://www.pizzacountrypub.ro/"}},{"type":"Feature","geometry":{"type":"Point","coordinates":[24.550058,46.546922]},"properties":{"n":"Tectona","k":"shop","v":"hardware","st":"Strada Belșugului","hn":"47","ph":"+40-265-266913","w":"https://www.tectona.ro/"}},{"type":"Feature","geometry":{"type":"Point","coordinates":[24.553189,46.540534]},"properties":{"n":"Motor Line","k":"shop","v":"motorcycle","st":"Strada Iuliu Maniu","hn":"9","oh":"Mo-Fr 09:00-17:00","ph":"+40-747-106860"}},{"type":"Feature","geometry":{"type":"Point","coordinates":[24.554948,46.541307]},"properties":{"n":"Uniqa Asigurări","k":"office","v":"insurance","alt":["Uniqa"]}},{"type":"Feature","geometry":{"type":"Point","coordinates":[24.555097,46.542018]},"properties":{"n":"GCafé","k":"amenity","v":"pub","alt":["G-Pont"]}},{"type":"Feature","geometry":{"type":"Point","coordinates":[24.554786,46.546304]},"properties":{"n":"La Casa Pane Dolce","k":"shop","v":"bakery"}},{"type":"Feature","geometry":{"type":"Point","coordinates":[24.555967,46.541817]},"properties":{"n":"Allianz Țiriac","k":"office","v":"insurance","alt":["Allianz"],"st":"Strada Tușnad","hn":"5","oh":"Mo-Fr 09:00-17:00","ph":"+40265265322","w":"https://www.allianztiriac.ro/"}},{"type":"Feature","geometry":{"type":"Point","coordinates":[24.556169,46.540925]},"properties":{"n":"Biserica Greco-Catolică Sf. Nicolae","k":"amenity","v":"place_of_worship","alt":["Szent Miklós görögkatolikus templom"],"st":"Strada Cuza Vodă","hn":"8","ph":"+40 265262226"}},{"type":"Feature","geometry":{"type":"Point","coordinates":[24.55593,46.544447]},"properties":{"n":"Black Book Tattoo","k":"shop","v":"tattoo","st":"Strada Constantin Silvestri","hn":"5","oh":"Mo-Fr 11:00-18:00","ph":"+40720582959"}},{"type":"Feature","geometry":{"type":"Point","coordinates":[24.551708,46.546766]},"properties":{"n":"Grădinița Bambi","k":"amenity","v":"childcare","st":"Strada Belșugului","hn":"28"}},{"type":"Feature","geometry":{"type":"Point","coordinates":[24.55507,46.544945]},"properties":{"n":"Shusha / Ivy","k":"amenity","v":"fast_food","oh":"Mo-Fr 10:00-21:00"}},{"type":"Feature","geometry":{"type":"Point","coordinates":[24.552062,46.543583]},"properties":{"n":"BSG Security","k":"office","v":"security","st":"Strada Libertății","hn":"31","ph":"+40265218103","w":"http://www.bsguarding.ro/"}},{"type":"Feature","geometry":{"type":"Point","coordinates":[24.554987,46.54141]},"properties":{"n":"Zooku Solutions","k":"office","v":"it","st":"Strada Iuliu Maniu","hn":"14","ph":"+40317104216","w":"https://www.zooku.ro/"}},{"type":"Feature","geometry":{"type":"Point","coordinates":[24.550043,46.545147]},"properties":{"n":"Verdinvest","k":"shop","v":"tool_hire","st":"Strada Somnului","hn":"11","ph":"+40265267717","w":"https://verdinvest.ro/"}},{"type":"Feature","geometry":{"type":"Point","coordinates":[24.562624,46.546124]},"properties":{"n":"Taxi Mureș","k":"amenity","v":"taxi"}},{"type":"Feature","geometry":{"type":"Point","coordinates":[24.56246,46.545478]},"properties":{"n":"Avram Iancu","k":"tourism","v":"artwork"}},{"type":"Feature","geometry":{"type":"Point","coordinates":[24.5609,46.544779]},"properties":{"n":"B&B","k":"amenity","v":"pharmacy","st":"Piața Trandafirilor","hn":"16","oh":"Mo-Sa 08:00-22:00"}},{"type":"Feature","geometry":{"type":"Point","coordinates":[24.55857,46.543452]},"properties":{"n":"BRD","k":"amenity","v":"bank","st":"Piața Trandafirilor","hn":"27-30","oh":"Mo-Fr 09:00-17:00","ph":"+40-265-265584","w":"https://www.brd.ro/"}},{"type":"Feature","geometry":{"type":"Point","coordinates":[24.558747,46.543565]},"properties":{"n":"ING","k":"amenity","v":"bank","st":"Piața Trandafirilor","hn":"27-29","oh":"Mo-Fr 09:00-17:30","ph":"+40-365-406 931","w":"https://ing.ro/"}},{"type":"Feature","geometry":{"type":"Point","coordinates":[24.560471,46.544619]},"properties":{"n":"Raiffeisen Bank","k":"amenity","v":"bank","st":"Strada Bartók Béla","hn":"1","oh":"Mo-Fr 09:00-17:00","ph":"+40-265-703760","w":"https://www.raiffeisen.ro/"}},{"type":"Feature","geometry":{"type":"Point","coordinates":[24.561619,46.542889]},"properties":{"n":"Teatrul Studio","k":"amenity","v":"theatre","ph":"+40-265-266281","w":"http://studio.uat.ro/"}},{"type":"Feature","geometry":{"type":"Point","coordinates":[24.556987,46.545164]},"properties":{"n":"Tracia Trade","k":"shop","v":"trade","ph":"+40-265-210281","w":"http://www.traciatrade.ro/"}},{"type":"Feature","geometry":{"type":"Point","coordinates":[24.560217,46.543622]},"properties":{"n":"Banca Transilvania","k":"amenity","v":"bank","alt":["Transilvania Bank"],"st":"Piața Trandafirilor","hn":"39-41","oh":"Mo-Fr 09:00-17:00; Sa 09:30-12:30","ph":"+40-265-267673","w":"https://www.bancatransilvania.ro/"}},{"type":"Feature","geometry":{"type":"Point","coordinates":[24.559073,46.545133]},"properties":{"n":"Teatrul Ariel","k":"amenity","v":"theatre","st":"Strada Poligrafiei","hn":"4","ph":"+40-365-407951","w":"https://teatrulariel.ro/"}},{"type":"Feature","geometry":{"type":"Point","coordinates":[24.562457,46.543711]},"properties":{"n":"Piaf Cafe","k":"amenity","v":"cafe","st":"Strada Bolyai","hn":"10","oh":"Mo-Fr 08:00-23:59; Sa-Su 10:00-23:59","ph":"+40771525526","w":"http://www.piafcafe.ro/","cu":"burger;breakfast;international;ice_cream;tea;coffee_shop;american;fine_dining;regional;coffee"}},{"type":"Feature","geometry":{"type":"Point","coordinates":[24.557087,46.54076]},"properties":{"n":"Policlinica Regina Maria","k":"amenity","v":"clinic","st":"Piața Victoriei","hn":"9"}},{"type":"Feature","geometry":{"type":"Point","coordinates":[24.556997,46.540629]},"properties":{"n":"Adonis Travel","k":"shop","v":"travel_agency","st":"Piața Victoriei","hn":"10","oh":"Mo-Fr 09:00-17:00","ph":"+40 265 260 068","w":"https://www.adonis-travel.com/"}},{"type":"Feature","geometry":{"type":"Point","coordinates":[24.558222,46.545736]},"properties":{"n":"World Travel Shop","k":"shop","v":"travel_agency","st":"Strada Aurel Filimon","hn":"17","oh":"Mo-Fr 09:00-18:00","ph":"+40265269900","w":"https://www.worldtravelshop.ro/"}},{"type":"Feature","geometry":{"type":"Point","coordinates":[24.559005,46.546625]},"properties":{"n":"Groupama","k":"office","v":"insurance","alt":["Groupe des Assurances Mutuelles Agricoles"],"st":"Strada Aurel Filimon","hn":"6","oh":"Mo-Fr 09:00-17:00","ph":"+40 374 110 110;+40 374 711 390","w":"https://www.groupama.ro"}},{"type":"Feature","geometry":{"type":"Point","coordinates":[24.561914,46.546943]},"properties":{"n":"Kamandalu Art&Craft","k":"shop","v":"paint","alt":["Anie Sloan"],"st":"Strada Călărașilor","hn":"7","ph":"+40771680433","w":"https://www.kamandalu.ro/"}},{"type":"Feature","geometry":{"type":"Point","coordinates":[24.56233,46.544903]},"properties":{"n":"OTP Bank","k":"amenity","v":"bank","alt":["OTP","OTP Bank Hungary"],"st":"Piața Trandafirilor","hn":"24","oh":"Mo-Fr 09:00-17:30","ph":"0372504640","w":"https://www.otpbank.ro/"}},{"type":"Feature","geometry":{"type":"Point","coordinates":[24.557449,46.540931]},"properties":{"n":"Troița Eroilor Martiri","k":"historic","v":"memorial"}},{"type":"Feature","geometry":{"type":"Point","coordinates":[24.558118,46.540652]},"properties":{"n":"Banca Românească","k":"amenity","v":"bank","alt":["Popular Bank of Vicena"],"st":"Piața Victoriei","hn":"18","oh":"Mo-Fr 09:00-16:30","ph":"+40-265-266033","w":"https://www.banca-romaneasca.ro/"}},{"type":"Feature","geometry":{"type":"Point","coordinates":[24.559684,46.544128]},"properties":{"n":"Orange","k":"shop","v":"mobile_phone","st":"Piața Trandafirilor","hn":"23","oh":"Mo-Fr 09:00-20:00; Sa 10:00-14:00","ph":"+40212033033","w":"https://www.orange.ro/"}},{"type":"Feature","geometry":{"type":"Point","coordinates":[24.558503,46.543408]},"properties":{"n":"Orange","k":"shop","v":"mobile_phone","st":"Piața Trandafirilor","hn":"23","oh":"Mo-Fr 08:30-19:30; Sa 09:00-15:00","ph":"+40212033033","w":"https://www.orange.ro/"}},{"type":"Feature","geometry":{"type":"Point","coordinates":[24.55927,46.543928]},"properties":{"n":"BCR","k":"amenity","v":"bank","alt":["Banca Comercială Română"],"st":"Piața Trandafirilor","hn":"26","oh":"Mo-Fr 09:00-17:00","ph":"+40373522709","w":"https://www.bcr.ro/"}},{"type":"Feature","geometry":{"type":"Point","coordinates":[24.559202,46.543843]},"properties":{"n":"BCR","k":"amenity","v":"atm","alt":["Banca Comercială Română"]}},{"type":"Feature","geometry":{"type":"Point","coordinates":[24.557646,46.543331]},"properties":{"n":"Muzeul Județean Mureș. Muzeul de Artă","k":"tourism","v":"museum","alt":["Mures County Museum. Art Museum"],"st":"Strada George Enescu","hn":"2","oh":"9:00-16:00; Sa, Su 9:00-13:00","ph":"0365-430.021","w":"http://muzeumures.ro/"}},{"type":"Feature","geometry":{"type":"Point","coordinates":[24.561583,46.545359]},"properties":{"n":"Muzeul Județean Mureș. Secția de Etnografie și Artă Populară","k":"tourism","v":"museum","alt":["Maros Megyei Múzeum, Néprajz és népművészet","Mures County Museum. Ethnography and Folk Art Department"],"st":"Piața Trandafirilor","hn":"11","oh":"Apr-Sep Tu-Su 09:00-17:00; Oct-Mar Tu-We 09:00-16:00, Su 09:00-13:00; Mo off","ph":"0265/250.169","w":"http://muzeumures.ro/"}},{"type":"Feature","geometry":{"type":"Point","coordinates":[24.557958,46.540997]},"properties":{"n":"Banca Transilvania","k":"amenity","v":"bank","alt":["Transilvania Bank"]}},{"type":"Feature","geometry":{"type":"Point","coordinates":[24.557983,46.541384]},"properties":{"n":"Banca Comercială Feroviară","k":"amenity","v":"bank"}},{"type":"Feature","geometry":{"type":"Point","coordinates":[24.557785,46.542812]},"properties":{"n":"Lupoaica","k":"historic","v":"memorial","alt":["Nőstényfarkas"]}},{"type":"Feature","geometry":{"type":"Point","coordinates":[24.560111,46.545867]},"properties":{"n":"Luxor","k":"shop","v":"mall","st":"Piața Teatrului","hn":"1","oh":"Mo-Fr 09:00-20:00; Sa 09:00-14:00","ph":"+40265260702"}},{"type":"Feature","geometry":{"type":"Point","coordinates":[24.561409,46.54631]},"properties":{"n":"Luxor Junior","k":"shop","v":"department_store"}},{"type":"Feature","geometry":{"type":"Point","coordinates":[24.560731,46.545397]},"properties":{"n":"Electro Orizont","k":"shop","v":"computer","st":"Piața Teatrului","hn":"12","ph":"+40-265-268806","w":"https://www.eo.ro/"}},{"type":"Feature","geometry":{"type":"Point","coordinates":[24.560824,46.546148]},"properties":{"n":"Parcare subterană","k":"amenity","v":"parking"}},{"type":"Feature","geometry":{"type":"Point","coordinates":[24.562553,46.546679]},"properties":{"n":"Shine","k":"shop","v":"craft","w":"https://shine-online.ro/"}},{"type":"Feature","geometry":{"type":"Point","coordinates":[24.562193,46.544808]},"properties":{"n":"Cafe Frei","k":"amenity","v":"cafe","st":"Piața Trandafirilor","hn":"49","w":"http://www.cafefrei.hu","cu":"coffee_shop"}},{"type":"Feature","geometry":{"type":"Point","coordinates":[24.561416,46.544351]},"properties":{"n":"dm","k":"shop","v":"chemist","alt":["SC dm drogerie markt SRL"],"st":"Piața Trandafirilor","hn":"45","oh":"Mo-Fr 08:00-20:00; Sa 09:00-20:00","ph":"+40-374-772090","w":"https://www.dm-drogeriemarkt.ro/"}},{"type":"Feature","geometry":{"type":"Point","coordinates":[24.559058,46.545704]},"properties":{"n":"Bartók Béla","k":"tourism","v":"artwork","alt":["Béla Bartók"]}},{"type":"Feature","geometry":{"type":"Point","coordinates":[24.558005,46.540841]},"properties":{"n":"Atelierul de Cafea","k":"amenity","v":"cafe","st":"Piața Victoriei","hn":"18","oh":"Mo-Su 08:00-23:00","ph":"+40746091109","w":"http://www.facebook.com/AtelieruldeCafea","cu":"tea;coffee_shop"}},{"type":"Feature","geometry":{"type":"Point","coordinates":[24.560788,46.545639]},"properties":{"n":"Chicago Blues Steakhouse","k":"amenity","v":"restaurant","st":"Piața Teatrului","hn":"1","oh":"12:00-22:00","ph":"+40-775-622632","cu":"steak_house"}},{"type":"Feature","geometry":{"type":"Point","coordinates":[24.557226,46.545225]},"properties":{"n":"Fire Electric Euroservice","k":"office","v":"company","st":"Strada Aurel Filimon","hn":"36","oh":"Mo-Fr 08:00-16:00","ph":"+40-265-263395","w":"https://firesting.ro/"}},{"type":"Feature","geometry":{"type":"Point","coordinates":[24.557349,46.543446]},"properties":{"n":"112 Coffee & Co.","k":"amenity","v":"cafe","st":"Strada George Enescu","hn":"2","cu":"regional;coffee_shop"}},{"type":"Feature","geometry":{"type":"Point","coordinates":[24.556976,46.54147]},"properties":{"n":"Agenția de turism Family Holiday","k":"shop","v":"travel_agency","alt":["Family Holiday travel agency"],"st":"Strada Tușnad","hn":"1 ap. 8","oh":"Mo-Fr 09:00-17:00","ph":"+40365449833","w":"https://www.family-holiday.ro/"}},{"type":"Feature","geometry":{"type":"Point","coordinates":[24.56098,46.544843]},"properties":{"n":"Kürtős House","k":"amenity","v":"fast_food","st":"Piața Trandafirilor","hn":"16","oh":"Mo-Sa 09:00-22:00; Su 11:00-22:00","cu":"hungarian"}},{"type":"Feature","geometry":{"type":"Point","coordinates":[24.560274,46.544989]},"properties":{"n":"Pelit Instanbul Kebab","k":"amenity","v":"fast_food","st":"Strada Bartók Béla","hn":"4","oh":"Mo 09:00-03:30; Tu-Th 09:00-02:00; Fr-Sa 09:00-05:00; Su 09:00-00:00","ph":"+40720565144","cu":"turkish"}},{"type":"Feature","geometry":{"type":"Point","coordinates":[24.560873,46.546572]},"properties":{"n":"Luar Yard","k":"amenity","v":"restaurant","st":"Piața Teatrului","hn":"1","oh":"10:00-22:00","ph":"+40743985245","w":"https://luar-yard.business.site","cu":"regional;international;pizza"}},{"type":"Feature","geometry":{"type":"Point","coordinates":[24.557554,46.543177]},"properties":{"n":"Turnul Prefecturii","k":"tourism","v":"attraction","alt":["Prefecture Tower"]}},{"type":"Feature","geometry":{"type":"Point","coordinates":[24.559805,46.545994]},"properties":{"n":"Gelateria da Michele","k":"amenity","v":"ice_cream"}},{"type":"Feature","geometry":{"type":"Point","coordinates":[24.560106,46.543545]},"properties":{"n":"Covrigăria Ioan","k":"shop","v":"bakery","alt":["Ioan Bakery"]}},{"type":"Feature","geometry":{"type":"Point","coordinates":[24.559837,46.543827]},"properties":{"n":"Bethlen Gábor","k":"tourism","v":"artwork"}},{"type":"Feature","geometry":{"type":"Point","coordinates":[24.560895,46.544033]},"properties":{"n":"Turcish Food House","k":"amenity","v":"restaurant","st":"Piața Trandafirilor","hn":"43","oh":"Mo, Tu, Th-Sa 08:00-22:00; We 09:00-17:00; Su 09:00-22:00","ph":"+40771169793","cu":"turkish"}},{"type":"Feature","geometry":{"type":"Point","coordinates":[24.560633,46.54468]},"properties":{"n":"Superbet","k":"shop","v":"bookmaker","alt":["Superbet Betting & Gaming SA"],"oh":"Mo-Su 10:00-22:00","ph":"+40 786 401 088","w":"https://www.superbet.ro/"}},{"type":"Feature","geometry":{"type":"Point","coordinates":[24.559342,46.54661]},"properties":{"n":"Aranka György","k":"tourism","v":"artwork"}},{"type":"Feature","geometry":{"type":"Point","coordinates":[24.558552,46.545966]},"properties":{"n":"Aurel Filimon","k":"tourism","v":"artwork"}},{"type":"Feature","geometry":{"type":"Point","coordinates":[24.556692,46.541549]},"properties":{"n":"Periodont","k":"amenity","v":"dentist","alt":["Periodont S.R.L."],"st":"Strada Tușnad","hn":"3","ph":"+40752651387","w":"https://www.periodont.ro/"}},{"type":"Feature","geometry":{"type":"Point","coordinates":[24.559954,46.541354]},"properties":{"n":"Administrația Bazinală de Apă Mureş","k":"office","v":"government","st":"Strada Köteles Sámuel","hn":"33"}},{"type":"Feature","geometry":{"type":"Point","coordinates":[24.560358,46.544716]},"properties":{"n":"Corso","k":"shop","v":"convenience"}},{"type":"Feature","geometry":{"type":"Point","coordinates":[24.560465,46.544822]},"properties":{"n":"Banca Transilvania","k":"amenity","v":"bank"}},{"type":"Feature","geometry":{"type":"Point","coordinates":[24.560092,46.542309]},"properties":{"n":"Le & Le Games","k":"amenity","v":"community_centre","alt":["LeLe Games"],"st":"Strada Artei","hn":"3","oh":"Mo-Sa 10:00-22:00; Su 10:00-22:00","ph":"+40728881352","w":"https://www.lelegames.ro/"}},{"type":"Feature","geometry":{"type":"Point","coordinates":[24.556407,46.541582]},"properties":{"n":"Cardinal Iuliu Hossu, Cardinal Alexandru Todea","k":"historic","v":"memorial"}},{"type":"Feature","geometry":{"type":"Point","coordinates":[24.561015,46.545465]},"properties":{"n":"Green Kitchen","k":"amenity","v":"restaurant","st":"Piața Teatrului","hn":"13","oh":"Mo-Fr 11:00-18:00","ph":"+40770347634","w":"https://www.greenkitchen.ro/","cu":"salad;regional;international"}},{"type":"Feature","geometry":{"type":"Point","coordinates":[24.560208,46.545721]},"properties":{"n":"Sevda Jewelry","k":"shop","v":"jewelry","st":"Piața Teatrului","hn":"1","oh":"Mo-Fr 10:00-19:00; Sa 10:00-14:00","ph":"+40785228827","w":"https://www.sevda.ro/"}},{"type":"Feature","geometry":{"type":"Point","coordinates":[24.560082,46.54572]},"properties":{"n":"Kitchen Shop","k":"shop","v":"houseware","st":"Piața Teatrului","hn":"1","ph":"+40748830957"}},{"type":"Feature","geometry":{"type":"Point","coordinates":[24.561557,46.546574]},"properties":{"n":"Bistro Theatre","k":"amenity","v":"restaurant","st":"Piața Teatrului","hn":"7","oh":"Mo-Fr 09:00-22:00","ph":"+40742645515","cu":"regional;international"}},{"type":"Feature","geometry":{"type":"Point","coordinates":[24.561597,46.546422]},"properties":{"n":"Sienne","k":"shop","v":"perfumery","st":"Piața Teatrului","hn":"7","oh":"Mo-Fr 09:00-20:00; Sa 09:00-14:00","ph":"+40722308579"}},{"type":"Feature","geometry":{"type":"Point","coordinates":[24.561509,46.54619]},"properties":{"n":"KiK","k":"shop","v":"clothes","st":"Piața Teatrului","hn":"3","oh":"Mo-Fr 09:00-20:00; Sa 08:30-21:00","w":"https://www.kik.ro/"}},{"type":"Feature","geometry":{"type":"Point","coordinates":[24.561554,46.546222]},"properties":{"n":"Digi","k":"shop","v":"telecommunication","st":"Piața Teatrului","hn":"3","oh":"Mo-Fr 09:00-18:00","w":"https://www.digi.ro/"}},{"type":"Feature","geometry":{"type":"Point","coordinates":[24.561754,46.546185]},"properties":{"n":"Negro Cafe&Lounge","k":"amenity","v":"restaurant","st":"Piața Teatrului","hn":"7","oh":"08:00-22:00","ph":"+40756122020","cu":"pizza;regional;international;coffee;drinks"}},{"type":"Feature","geometry":{"type":"Point","coordinates":[24.561953,46.546067]},"properties":{"n":"Scarlet Cafe","k":"amenity","v":"cafe","st":"Piața Teatrului","hn":"6","oh":"Mo-Fr 08:00-22:00; Sa-Su 09:00-22:00","ph":"+40770940972","w":"https://scarlet-cafe.business.site/","cu":"coffee"}},{"type":"Feature","geometry":{"type":"Point","coordinates":[24.561348,46.54629]},"properties":{"n":"Pepco","k":"shop","v":"clothes","st":"Piața Teatrului","hn":"7","oh":"Mo-Sa 09:00-20:00; Su 09:00-18:00","ph":"+40316306177","w":"https://pepco.ro/"}},{"type":"Feature","geometry":{"type":"Point","coordinates":[24.561354,46.546062]},"properties":{"n":"Hyperion","k":"shop","v":"books","st":"Piața Teatrului","hn":"7","oh":"Mo-Fr 09:00-19:00; Sa 09:00-14:00","ph":"+40365430162"}},{"type":"Feature","geometry":{"type":"Point","coordinates":[24.561192,46.545476]},"properties":{"n":"Tino","k":"shop","v":"shoes","st":"Piața Teatrului","hn":"10","oh":"Mo-Fr 10:00-18:00","ph":"+40721991441","w":"https://www.incaltaminte-tino.ro/"}},{"type":"Feature","geometry":{"type":"Point","coordinates":[24.561704,46.545473]},"properties":{"n":"Turnul Bisericii Franciscane","k":"tourism","v":"attraction","alt":["Ferences templom tornya"],"st":"Piața Teatrului"}},{"type":"Feature","geometry":{"type":"Point","coordinates":[24.558657,46.543504]},"properties":{"n":"Leon Gourmet","k":"amenity","v":"restaurant","st":"Piața Trandafirilor","hn":"27-30","oh":"Mo-Fr 08:00-22:00; Sa 09:00-22:00; Su 10:00-22:00","ph":"+40754658149","cu":"regional;international;pizza"}},{"type":"Feature","geometry":{"type":"Point","coordinates":[24.558863,46.54363]},"properties":{"n":"Mini GB","k":"amenity","v":"restaurant","st":"Piața Trandafirilor","hn":"27","ph":"+40752831149"}},{"type":"Feature","geometry":{"type":"Point","coordinates":[24.559006,46.543726]},"properties":{"n":"Egreta","k":"shop","v":"pastry","st":"Piața Trandafirilor","hn":"38","oh":"Mo-Fr 07:00-20:00","ph":"+40265262918","w":"https://www.cofetariaegreta.ro/"}},{"type":"Feature","geometry":{"type":"Point","coordinates":[24.559824,46.544208]},"properties":{"n":"Seki","k":"shop","v":"clothes","st":"Piața Trandafirilor","hn":"22","oh":"Mo-Fr 09:00-19:00; Sa 09:00-14:00","w":"https://www.magazineseky.ro"}},{"type":"Feature","geometry":{"type":"Point","coordinates":[24.560033,46.544322]},"properties":{"n":"Garanti Bankası","k":"amenity","v":"bank","st":"Piața Trandafirilor","hn":"20","oh":"Mo-Fr 09:00-17:00"}},{"type":"Feature","geometry":{"type":"Point","coordinates":[24.560163,46.544394]},"properties":{"n":"Opticris","k":"shop","v":"optician","st":"Piața Trandafirilor","hn":"19","oh":"Mo-Sa 10:00-19:00","ph":"+40265269626","w":"https://www.opticris.ro/"}},{"type":"Feature","geometry":{"type":"Point","coordinates":[24.560271,46.544451]},"properties":{"n":"Poșeta","k":"shop","v":"clothes","st":"Piața Trandafirilor","hn":"20","oh":"Mo-Fr 08:00-20:00; Sa 09:00-15:00","ph":"+40265265118","w":"https://www.poseta.ro/"}},{"type":"Feature","geometry":{"type":"Point","coordinates":[24.560767,46.544708]},"properties":{"n":"Puiul Mamei","k":"shop","v":"clothes","st":"Piața Trandafirilor","hn":"17","oh":"Mo-Fr 09:00-20:00; Sa 09:00-14:00","ph":"+40265250129"}},{"type":"Feature","geometry":{"type":"Point","coordinates":[24.561141,46.544971]},"properties":{"n":"Traveler's Coffee&Bistro","k":"amenity","v":"cafe","st":"Piața Trandafirilor","hn":"13","oh":"Mo-Fr 09:00-22:00; Sa-Su 09:30-22:00","ph":"+40745493658"}},{"type":"Feature","geometry":{"type":"Point","coordinates":[24.561484,46.545274]},"properties":{"n":"Stopbutik Outlet","k":"shop","v":"clothes","st":"Piața Trandafirilor","hn":"12","oh":"Mo-Fr 09:00-20:00; Sa 10:00-16:00"}},{"type":"Feature","geometry":{"type":"Point","coordinates":[24.562152,46.545879]},"properties":{"n":"Libra Internet Bank","k":"amenity","v":"bank","st":"Piața Trandafirilor","hn":"6-8","oh":"Mo-Fr 09:00-17:00","ph":"+40374280790","w":"http://www.librabank.ro/"}},{"type":"Feature","geometry":{"type":"Point","coordinates":[24.562245,46.545944]},"properties":{"n":"Ropharma","k":"amenity","v":"pharmacy","st":"Piața Trandafirilor","hn":"7","oh":"Mo-Fr 08:00-20:00; Sa 09:00-14:00","w":"https://ropharma.ro/"}},{"type":"Feature","geometry":{"type":"Point","coordinates":[24.562295,46.545983]},"properties":{"n":"Therezia","k":"shop","v":"dairy","st":"Piața Trandafirilor","hn":"7","oh":"Mo-Sa 07:00-20:00; Su 09:00-14:00","ph":"+40265322440"}},{"type":"Feature","geometry":{"type":"Point","coordinates":[24.562368,46.546041]},"properties":{"n":"Chic","k":"shop","v":"clothes","st":"Piața Trandafirilor","hn":"6","oh":"Mo-Fr 10:00-20:00; Sa 10:00-15:00"}},{"type":"Feature","geometry":{"type":"Point","coordinates":[24.562488,46.546153]},"properties":{"n":"Partidul Social Democrat","k":"office","v":"political_party","st":"Piața Trandafirilor","hn":"5","ph":"+40265250248","w":"https://www.psd.ro/"}},{"type":"Feature","geometry":{"type":"Point","coordinates":[24.562892,46.546518]},"properties":{"n":"EuroGsm","k":"shop","v":"telecommunication","st":"Strada Călărașilor","hn":"1","oh":"Mo-Fr 09:00-19:00; Sa 10:00-14:00","ph":"+40265251012","w":"https://eurogsm.ro/"}},{"type":"Feature","geometry":{"type":"Point","coordinates":[24.562685,46.545085]},"properties":{"n":"Cezar","k":"amenity","v":"restaurant","st":"Piața Trandafirilor","hn":"52","oh":"10:00-22:00","ph":"+40730808096","w":"https://www.restaurantcezar.ro/","cu":"regional;international"}},{"type":"Feature","geometry":{"type":"Point","coordinates":[24.562622,46.54507]},"properties":{"n":"B.EAT The rhythm of food","k":"amenity","v":"restaurant","st":"Piața Trandafirilor","hn":"52","oh":"10:00-22:00","ph":"+40265250201"}},{"type":"Feature","geometry":{"type":"Point","coordinates":[24.562481,46.544973]},"properties":{"n":"Grafton Sandwiches&Coffee","k":"amenity","v":"restaurant","st":"Piața Trandafirilor","hn":"51","oh":"Mo-Fr 07:00-18:00; Sa-Su 09:00-16:00","ph":"+40365410411","w":"https://www.grafton-sandwich.ro/","cu":"international;sandwich;coffee"}},{"type":"Feature","geometry":{"type":"Point","coordinates":[24.562473,46.544904]},"properties":{"n":"Velvet Bistro Club","k":"amenity","v":"restaurant","st":"Piața Trandafirilor","hn":"52/4","oh":"10:00-22:00","ph":"+40746014145"}},{"type":"Feature","geometry":{"type":"Point","coordinates":[24.562042,46.544717]},"properties":{"n":"Idea Bank","k":"amenity","v":"bank","st":"Piața Trandafirilor","hn":"48","oh":"Mo-Fr 09:00-17:00","ph":"+40265212585","w":"http://idea-bank.ro/"}},{"type":"Feature","geometry":{"type":"Point","coordinates":[24.562022,46.544691]},"properties":{"n":"CRTT","k":"shop","v":"travel_agency","st":"Piața Trandafirilor","hn":"48","oh":"Mo-Fr 08:00-18:00; Sa-Su 09:00-13:00","ph":"+40265264495","w":"https://www.crtt.ro/"}},{"type":"Feature","geometry":{"type":"Point","coordinates":[24.561046,46.544129]},"properties":{"n":"Q'Dor","k":"amenity","v":"fast_food","st":"Piața Trandafirilor","hn":"44","oh":"Mo-Fr 11:00-20:00","ph":"+40742447744","cu":"burger;hot_dog;drinks"}},{"type":"Feature","geometry":{"type":"Point","coordinates":[24.560998,46.544113]},"properties":{"n":"UniCredit Bank","k":"amenity","v":"bank","st":"Piața Trandafirilor","hn":"44","oh":"Mo-Fr 09:00-17:00","ph":"+40265261791","w":"https://www.unicredit.ro/"}},{"type":"Feature","geometry":{"type":"Point","coordinates":[24.560809,46.543984]},"properties":{"n":"MAO Imobiliare","k":"office","v":"estate_agent","st":"Piața Trandafirilor","hn":"43","oh":"Mo-Fr 08:00-18:00","ph":"+40745326416","w":"https://agentiamaoimobiliare.ro/"}},{"type":"Feature","geometry":{"type":"Point","coordinates":[24.560602,46.543869]},"properties":{"n":"Vodafone","k":"shop","v":"mobile_phone","st":"Piața Trandafirilor","hn":"42","oh":"Mo-Fr 09:00-18:00","ph":"+40372022222","w":"http://www.vodafone.ro/"}},{"type":"Feature","geometry":{"type":"Point","coordinates":[24.559973,46.54349]},"properties":{"n":"Bee Coffee To Go","k":"amenity","v":"cafe","st":"Piața Trandafirilor","hn":"38","oh":"Mo-Fr 07:00-17:00; Sa 08:00-13:00","ph":"+40771058599","cu":"coffee_shop"}},{"type":"Feature","geometry":{"type":"Point","coordinates":[24.559883,46.543447]},"properties":{"n":"Sabion Central","k":"shop","v":"jewelry","st":"Piața Trandafirilor","hn":"36-38","oh":"Mo-Fr 10:00-18:00; Sa 09:00-14:00","ph":"+40758106558","w":"https://www.sabion.ro/"}},{"type":"Feature","geometry":{"type":"Point","coordinates":[24.559834,46.543421]},"properties":{"n":"Yves Rocher","k":"shop","v":"cosmetics","st":"Piața Trandafirilor","hn":"36-38","oh":"10:00-22:00","ph":"+40374977000","w":"https://www.yves-rocher.ro/"}},{"type":"Feature","geometry":{"type":"Point","coordinates":[24.559792,46.543404]},"properties":{"n":"Piros Hair and Beauty","k":"shop","v":"beauty","st":"Piața Trandafirilor","hn":"36-38","oh":"Mo-Fr 08:00-20:00; Sa 07:00-14:00","ph":"+40265225000","w":"https://piroshairandbeauty.eu/"}},{"type":"Feature","geometry":{"type":"Point","coordinates":[24.559603,46.543313]},"properties":{"n":"Cinema Arta","k":"amenity","v":"cinema","st":"Piața Trandafirilor","hn":"35-37","ph":"+40365730920","w":"http://cinemaarta.ro/"}},{"type":"Feature","geometry":{"type":"Point","coordinates":[24.559174,46.543108]},"properties":{"n":"Interio Home-Decor","k":"shop","v":"interior_decoration","st":"Piața Trandafirilor","hn":"33A","oh":"Mo-Sa 09:00-20:00","ph":"+40744615166"}},{"type":"Feature","geometry":{"type":"Point","coordinates":[24.559088,46.543074]},"properties":{"n":"Filago","k":"shop","v":"shoes","st":"Piața Trandafirilor","hn":"33"}},{"type":"Feature","geometry":{"type":"Point","coordinates":[24.558853,46.542973]},"properties":{"n":"Petry","k":"shop","v":"butcher","st":"Piața Trandafirilor","hn":"33","oh":"Mo-Fr 08:00-20:00; Sa 08:00-15:00","ph":"+40734730373","w":"http://www.petry.ro/"}},{"type":"Feature","geometry":{"type":"Point","coordinates":[24.558791,46.542944]},"properties":{"n":"BSG Amanet&Exchange","k":"shop","v":"pawnbroker","st":"Piața Trandafirilor","hn":"31","oh":"Mo-Fr 08:45-20:45; Sa 08:45-16:45","ph":"+40751220196","w":"https://www.amanet.ro/"}},{"type":"Feature","geometry":{"type":"Point","coordinates":[24.558642,46.542859]},"properties":{"n":"Florăria Francesca","k":"shop","v":"florist","st":"Piața Trandafirilor","hn":"31","oh":"Mo-Sa 08:00-20:00; Su 10:00-18:00","ph":"+40756212311"}},{"type":"Feature","geometry":{"type":"Point","coordinates":[24.558754,46.54271]},"properties":{"n":"Florăria Dalia","k":"shop","v":"florist","st":"Piața Trandafirilor","hn":"31","oh":"08:00-20:00","ph":"+40265260506","w":"https://floraria-dalia.ro/"}},{"type":"Feature","geometry":{"type":"Point","coordinates":[24.558058,46.540904]},"properties":{"n":"Lensa","k":"shop","v":"optician","st":"Piața Victoriei","hn":"18","oh":"Mo-Fr 10:00-18:00","ph":"+40371525777","w":"https://www.lensa.ro/"}},{"type":"Feature","geometry":{"type":"Point","coordinates":[24.558244,46.540565]},"properties":{"n":"Kobak","k":"shop","v":"books","st":"Piața Victoriei","hn":"18","oh":"Mo-Fr 08:00-20:00; Sa 09:00-14:00","ph":"+40365430181"}},{"type":"Feature","geometry":{"type":"Point","coordinates":[24.558003,46.540783]},"properties":{"n":"Catena","k":"amenity","v":"pharmacy","st":"Piața Victoriei","hn":"18","oh":"Mo-Fr 08:00-21:00; Sa 09:00-16:00; Su 09:00-15:00","ph":"+40265265120","w":"https://www.catena.ro/"}},{"type":"Feature","geometry":{"type":"Point","coordinates":[24.558153,46.542124]},"properties":{"n":"Gourmet Caffe","k":"amenity","v":"cafe","st":"Piața Victoriei","hn":"31","oh":"Mo-Fr 08:00-20:00","ph":"+40746781806","cu":"coffee_shop;burger;sandwich"}},{"type":"Feature","geometry":{"type":"Point","coordinates":[24.557055,46.542044]},"properties":{"n":"Inspectoratul Teritorial de Muncă","k":"office","v":"employment_agency","st":"Strada Iuliu Maniu","hn":"2","oh":"Mo-Th 08:30-16:30; Fr 08:30-14:00","ph":"+40265262698","w":"https://www.itmmures.ro/"}},{"type":"Feature","geometry":{"type":"Point","coordinates":[24.559077,46.546751]},"properties":{"n":"PC House","k":"shop","v":"computer","st":"Strada Aurel Filimon","hn":"6","oh":"Mo-Fr 09:00-18:00; Sa 09:00-13:00","ph":"+40733103628","w":"https://www.pchouse.ro/"}},{"type":"Feature","geometry":{"type":"Point","coordinates":[24.559763,46.542773]},"properties":{"n":"Cubi-Metal","k":"craft","v":"metal_construction","st":"Strada Artei","hn":"1","oh":"Mo-Fr 08:00-17:00","ph":"+40744503022","w":"https://www.cubimetal.ro/"}},{"type":"Feature","geometry":{"type":"Point","coordinates":[24.557102,46.545115]},"properties":{"n":"Studio Atletica","k":"leisure","v":"fitness_centre","st":"Strada Aurel Filimon","hn":"20","oh":"Mo-Fr 06:00-22:00; Sa 08:00-16:00","ph":"+40742900119"}},{"type":"Feature","geometry":{"type":"Point","coordinates":[24.55787,46.545747]},"properties":{"n":"ZenZone","k":"shop","v":"massage","st":"Strada Aurel Filimon","hn":"24","ph":"+40758625248","w":"https://zenzone.webnode.hu/"}},{"type":"Feature","geometry":{"type":"Point","coordinates":[24.558342,46.546123]},"properties":{"n":"Sola Scriptura","k":"shop","v":"books","st":"Strada Aurel Filimon","hn":"16","oh":"Mo-Th 09:00-17:00; Fr 09:00-13:00","ph":"+40365430268","w":"http://www.solascriptura.ro/"}},{"type":"Feature","geometry":{"type":"Point","coordinates":[24.559122,46.546841]},"properties":{"n":"Restaurant Friends","k":"amenity","v":"restaurant","st":"Strada Aurel Filimon","hn":"4","oh":"Mo-Fr 11:00-21:00; Sa 12:00-21:00","ph":"+40770961931","cu":"regional;international"}},{"type":"Feature","geometry":{"type":"Point","coordinates":[24.558927,46.545985]},"properties":{"n":"Carit San Medical","k":"healthcare","v":"laboratory","st":"Strada Aurel Filimon","hn":"15","oh":"Mo-Fr 08:00-15:00","ph":"+40265269172","w":"https://www.caritsanmed.ro/"}},{"type":"Feature","geometry":{"type":"Point","coordinates":[24.558921,46.545913]},"properties":{"n":"Grawe","k":"office","v":"insurance","st":"Strada Aurel Filimon","hn":"15","oh":"Mo-Fr 09:00-17:00","ph":"+40265251110","w":"https://www.grawe.ro/"}},{"type":"Feature","geometry":{"type":"Point","coordinates":[24.558047,46.545587]},"properties":{"n":"Casa Județeană de Aigurări de Sănătate","k":"office","v":"government","st":"Strada Aurel Filimon","hn":"19","oh":"Mo-Th 08:30-15:00; Fr 08:30-14:00","ph":"+40265250040","w":"http://www.casan.ro"}},{"type":"Feature","geometry":{"type":"Point","coordinates":[24.558188,46.545508]},"properties":{"n":"Accenture","k":"office","v":"it","st":"Strada Aurel Filimon","hn":"19A","oh":"Mo-Fr 09:00-18:00","ph":"+40372626800","w":"https://www.accenture.com"}},{"type":"Feature","geometry":{"type":"Point","coordinates":[24.557741,46.545263]},"properties":{"n":"Muzeul Evreiesc","k":"tourism","v":"museum","st":"Strada Aurel Filimon","hn":"23","oh":"Mo-Fr 09:30-12:30","ph":"+40265261810","w":"http://izraelsarokms.ro/"}},{"type":"Feature","geometry":{"type":"Point","coordinates":[24.556723,46.545075]},"properties":{"n":"Tranzit","k":"amenity","v":"restaurant","st":"Strada Horea","hn":"25","oh":"Mo-Fr 10:00-22:00; Sa-Su 12:00-22:00","ph":"+40747020495","w":"http://www.pizzatranzitpub.ro/","cu":"pizza"}},{"type":"Feature","geometry":{"type":"Point","coordinates":[24.560365,46.545088]},"properties":{"n":"Thai Kitchen","k":"amenity","v":"restaurant","st":"Piața Teatrului","hn":"11","oh":"Mo-Fr 11:00-21:00; Sa-Su 12:00-21:00","ph":"+40365455788","w":"https://www.thaikitchen.ro/","cu":"thai"}},{"type":"Feature","geometry":{"type":"Point","coordinates":[24.55966,46.545474]},"properties":{"n":"Gify Workshop","k":"shop","v":"hobby","st":"Strada Bartók Béla","hn":"4","oh":"Tu 10:00-14:00; Th 10:00-14:00","ph":"+40726263147","w":"https://gifyws.ro/"}},{"type":"Feature","geometry":{"type":"Point","coordinates":[24.55999,46.545002]},"properties":{"n":"Crown Coffee To Go","k":"amenity","v":"cafe","st":"Strada Bartók Béla","hn":"1-3","oh":"Mo-Fr 07:30-19:00; Sa 07:00-15:00","ph":"+40770313052","w":"https://crowncoffee.ro/","cu":"coffee_shop"}},{"type":"Feature","geometry":{"type":"Point","coordinates":[24.560157,46.544885]},"properties":{"n":"Yodafon","k":"shop","v":"mobile_phone","st":"Strada Bartók Béla","hn":"3","oh":"Mo-Fr 09:00-17:00","ph":"+40265267828","w":"http://www.yodafon.ro/"}},{"type":"Feature","geometry":{"type":"Point","coordinates":[24.562018,46.544242]},"properties":{"n":"Diva Boutique","k":"shop","v":"clothes","st":"Strada Bolyai","hn":"1","oh":"Mo-Fr 10:00-18:00; Sa 10:00-14:00","ph":"+40753353837"}},{"type":"Feature","geometry":{"type":"Point","coordinates":[24.562074,46.544219]},"properties":{"n":"5 to go","k":"amenity","v":"cafe","st":"Strada Bolyai","hn":"1","oh":"Mo-Fr 07:00-18:00; Sa-Su 09:00-18:00","ph":"+40756712122","w":"https://fivetogo.ro/en/","cu":"coffee_shop"}},{"type":"Feature","geometry":{"type":"Point","coordinates":[24.562225,46.544117]},"properties":{"n":"Marta Style","k":"shop","v":"clothes","st":"Strada Bolyai","hn":"1","oh":"Mo-Fr 08:00-20:00; Sa 09:00-14:00"}},{"type":"Feature","geometry":{"type":"Point","coordinates":[24.562414,46.544004]},"properties":{"n":"Epoch Spirits&Elixirs","k":"shop","v":"wine","st":"Strada Bolyai","hn":"1E","oh":"Mo-Fr 09:00-22:00; Sa 10:00-22:00","ph":"+40786790120"}},{"type":"Feature","geometry":{"type":"Point","coordinates":[24.562779,46.543819]},"properties":{"n":"Creperia Cosmos","k":"amenity","v":"restaurant","st":"Strada Bolyai","hn":"3/3","oh":"Mo-Fr 12:00-20:00","ph":"+40770149699","cu":"cake;pancake"}},{"type":"Feature","geometry":{"type":"Point","coordinates":[24.562862,46.543779]},"properties":{"n":"Peony","k":"shop","v":"florist","st":"Strada Bolyai","hn":"3","oh":"Mo-Fr 10:00-19:00; Sa 10:00-15:00","ph":"+40759121617"}},{"type":"Feature","geometry":{"type":"Point","coordinates":[24.562722,46.543581]},"properties":{"n":"Peter's Beauty Shop","k":"shop","v":"cosmetics","st":"Strada Bolyai","hn":"10","oh":"Mo-Fr 09:00-18:00","ph":"+40743128010","w":"https://www.beauty-depo.ro/"}},{"type":"Feature","geometry":{"type":"Point","coordinates":[24.562598,46.543651]},"properties":{"n":"Triumph","k":"shop","v":"clothes","st":"Strada Bolyai","hn":"10","oh":"Mo-Fr 10:00-18:00; Sa 10:00-13:00","ph":"+40745557696"}},{"type":"Feature","geometry":{"type":"Point","coordinates":[24.562389,46.543758]},"properties":{"n":"Gemma Book Café","k":"amenity","v":"cafe","st":"Strada Bolyai","hn":"10","oh":"Mo-Sa 10:00-19:00","ph":"+40771119956","w":"https://gemmabookcafe.ro/"}},{"type":"Feature","geometry":{"type":"Point","coordinates":[24.562224,46.543897]},"properties":{"n":"Heissmann Antiques","k":"shop","v":"antiques","st":"Strada Bolyai","hn":"8","oh":"Mo-Fr 10:00-17:00; Sa 10:00-14:00","ph":"+40747808743"}},{"type":"Feature","geometry":{"type":"Point","coordinates":[24.561956,46.544043]},"properties":{"n":"Paralela 45","k":"shop","v":"travel_agency","st":"Strada Bolyai","hn":"4","oh":"Mo-Fr 09:00-17:00","ph":"+40265251082","w":"https://www.paralela45.ro/"}},{"type":"Feature","geometry":{"type":"Point","coordinates":[24.561834,46.544021]},"properties":{"n":"Route 13 Tattoo Shop","k":"shop","v":"tattoo","st":"Strada Bolyai","hn":"4","oh":"Mo-Fr 10:00-19:00; Sa 09:00-14:00","ph":"+40755913956"}},{"type":"Feature","geometry":{"type":"Point","coordinates":[24.561687,46.544198]},"properties":{"n":"Tribunalul Specializat Mureș","k":"amenity","v":"courthouse","st":"Strada Bolyai","hn":"2","ph":"+40265262010","w":"http://portal.just.ro"}},{"type":"Feature","geometry":{"type":"Point","coordinates":[24.557384,46.54054]},"properties":{"n":"Școala Ardeleană","k":"tourism","v":"artwork"}},{"type":"Feature","geometry":{"type":"Point","coordinates":[24.557569,46.542043]},"properties":{"n":"Emil Dandea","k":"historic","v":"memorial"}},{"type":"Feature","geometry":{"type":"Point","coordinates":[24.559467,46.543228]},"properties":{"n":"McDonald's","k":"amenity","v":"fast_food","st":"Piața Trandafirilor","hn":"35-37","oh":"07:00-22:00","ph":"+40265211018","w":"https://www.mcdonalds.ro/","cu":"burger"}},{"type":"Feature","geometry":{"type":"Point","coordinates":[24.558853,46.545539]},"properties":{"n":"Consilium","k":"office","v":"insurance","st":"Strada Bartók Béla","hn":"11","ph":"0365430982","w":"https://cbk.ro/"}},{"type":"Feature","geometry":{"type":"Point","coordinates":[24.556486,46.540568]},"properties":{"n":"Kallos Cosmetics","k":"shop","v":"cosmetics","st":"Strada Cuza Vodă","hn":"5","oh":"Mo-Fr 09:00-20:00; Sa 09:00-14:00"}},{"type":"Feature","geometry":{"type":"Point","coordinates":[24.558162,46.541808]},"properties":{"n":"Grand Hotel","k":"tourism","v":"hotel","st":"Piața Victoriei","hn":"28-30","ph":"0365730003","w":"https://hotelgrand.ro/"}},{"type":"Feature","geometry":{"type":"Point","coordinates":[24.559127,46.54493]},"properties":{"n":"Tipomur Print","k":"shop","v":"copyshop","st":"Strada Poligrafiei","hn":"3","oh":"Mo-Fr 08:00-17:00; Sa 08:00-13:00","ph":"+40265266623"}},{"type":"Feature","geometry":{"type":"Point","coordinates":[24.56272,46.546595]},"properties":{"n":"Radio GaGa","k":"amenity","v":"studio","st":"Strada Călărașilor","hn":"1","ph":"0265250178","w":"https://www.radiogaga.ro/"}},{"type":"Feature","geometry":{"type":"Point","coordinates":[24.556359,46.542313]},"properties":{"n":"Euro Imobil","k":"office","v":"estate_agent","st":"Strada Tineretului","hn":"1","oh":"Mo-Fr 09:00-17:00; Sa 09:00-13:00","ph":"+40748115541","w":"https://www.euroimobil.ro/"}},{"type":"Feature","geometry":{"type":"Point","coordinates":[24.559611,46.544088]},"properties":{"n":"Slash Web Design","k":"office","v":"it","st":"Piața Trandafirilor","hn":"23","oh":"Mo-Fr 09:00-17:00","ph":"+40745958774"}},{"type":"Feature","geometry":{"type":"Point","coordinates":[24.560674,46.543786]},"properties":{"n":"Vivreliz Beauty Studio","k":"shop","v":"beauty","st":"Piața Trandafirilor","hn":"42","oh":"Mo-Fr 08:00-18:00; Sa 09:00-13:00;","ph":"+40721417193"}},{"type":"Feature","geometry":{"type":"Point","coordinates":[24.561081,46.544917]},"properties":{"n":"Tacoo","k":"amenity","v":"fast_food","st":"Piața Trandafirilor","hn":"15","oh":"Mo-Su 08:00-20:00","cu":"burger;sandwich;chicken"}},{"type":"Feature","geometry":{"type":"Point","coordinates":[24.558954,46.546152]},"properties":{"n":"Caius","k":"shop","v":"clothes","st":"Strada Aurel Filimon","hn":"15","oh":"Mo-Fr 10:00-20:00; Sa 10:00-15:00","ph":"+40757032063"}},{"type":"Feature","geometry":{"type":"Point","coordinates":[24.558088,46.540712]},"properties":{"n":"Beer Biblioteca","k":"amenity","v":"bar"}},{"type":"Feature","geometry":{"type":"Point","coordinates":[24.557946,46.541222]},"properties":{"n":"Maxbet","k":"amenity","v":"casino","alt":["Max Bet SRL"],"oh":"24/7","ph":"+40 21 323 2174;+40 31 405 2949","w":"https://maxbetgroup.ro"}},{"type":"Feature","geometry":{"type":"Point","coordinates":[24.557272,46.544666]},"properties":{"n":"Asociația Suryam","k":"office","v":"ngo","st":"Strada Horea","hn":"21","ph":"0769041200"}},{"type":"Feature","geometry":{"type":"Point","coordinates":[24.559861,46.543436]},"properties":{"n":"Transair Agency","k":"office","v":"guide","st":"Piața Trandafirilor","hn":"36","oh":"Mo-Fr 08:30-18:00; Sa 10:00-13:30","ph":"0265260277","w":"https://www.transair.ro/"}},{"type":"Feature","geometry":{"type":"Point","coordinates":[24.558881,46.546579]},"properties":{"n":"The Diamond","k":"shop","v":"hairdresser","st":"Strada Aurel Filimon","hn":"8","oh":"Mo-Fr 09:00-20:00; Sa 10:00-13:00","ph":"0746467176"}},{"type":"Feature","geometry":{"type":"Point","coordinates":[24.559128,46.5418]},"properties":{"n":"Almășan","k":"office","v":"notary","st":"Piața Unirii","hn":"5","oh":"Mo-Tu 08:00-16:00; Fr 08:00-14:00","ph":"0759848766"}},{"type":"Feature","geometry":{"type":"Point","coordinates":[24.55937,46.541579]},"properties":{"n":"Luminița Moldovan Petruț","k":"office","v":"notary","st":"Piața Unirii","hn":"7","oh":"Mo-Tu 09:00-16:00; Fr 09:00-14:00","ph":"0744530598","w":"https://notarmures.blogspot.ro/"}},{"type":"Feature","geometry":{"type":"Point","coordinates":[24.559336,46.545094]},"properties":{"n":"Trattoria Toscana","k":"amenity","v":"restaurant","st":"Strada Poligrafiei","hn":"3","oh":"Mo-Th 17:00-23:00; Fr-Su 11:00-23:00","ph":"0748699931","w":"https://trattoriatoscana.ro/","cu":"italian"}},{"type":"Feature","geometry":{"type":"Point","coordinates":[24.558269,46.542553]},"properties":{"n":"Elen's Coffee","k":"shop","v":"coffee","st":"Piața Victoriei","hn":"34","ph":"+40 753 643 921"}},{"type":"Feature","geometry":{"type":"Point","coordinates":[24.556978,46.5406]},"properties":{"n":"Hug'n Sip","k":"shop","v":"coffee","st":"Piața Victoriei","hn":"10","w":"https://hugnsip.ro/"}},{"type":"Feature","geometry":{"type":"Point","coordinates":[24.560737,46.54508]},"properties":{"n":"Valfitomed","k":"amenity","v":"doctors"}},{"type":"Feature","geometry":{"type":"Point","coordinates":[24.572004,46.52647]},"properties":{"n":"Wizzard Smart Systems","k":"office","v":"security","st":"Strada Lisabona","hn":"5","ph":"+40744663525","w":"https://www.wss-romania.ro/"}},{"type":"Feature","geometry":{"type":"Point","coordinates":[24.564634,46.531552]},"properties":{"n":"Smart Car Wash","k":"amenity","v":"car_wash","st":"Calea Sighișoarei","oh":"24/7"}},{"type":"Feature","geometry":{"type":"Point","coordinates":[24.571431,46.533731]},"properties":{"n":"MOL","k":"amenity","v":"fuel","st":"Bulevardul Pandurilor","hn":"53A","oh":"Mo-Su,PH 00:00-00:00","w":"https://molromania.ro"}},{"type":"Feature","geometry":{"type":"Point","coordinates":[24.572489,46.533701]},"properties":{"n":"Biserica Sfânta Ana","k":"amenity","v":"place_of_worship"}},{"type":"Feature","geometry":{"type":"Point","coordinates":[24.574427,46.532083]},"properties":{"n":"Biserica Adventistă de Ziua a Șaptea Târgu Mureș - \"Omega\"","k":"amenity","v":"place_of_worship","st":"Strada Transilvania","hn":"25","ph":"+40-744-513127","w":"https://www.facebook.com/bisericaomega/"}},{"type":"Feature","geometry":{"type":"Point","coordinates":[24.573491,46.532759]},"properties":{"n":"Profi","k":"shop","v":"supermarket","alt":["Profi Rom Food"],"st":"Bulevardul Pandurilor","hn":"50","oh":"Mo-Sa 07:00-22:00; Su 08:00-22:00","ph":"+40 723 801 290;+40 735 005 218;+40723801290","w":"https://www.profi.ro/"}},{"type":"Feature","geometry":{"type":"Point","coordinates":[24.575255,46.529989]},"properties":{"n":"Bcz Motors","k":"shop","v":"car_repair","oh":"Mo-Fr 09:00-17:00","ph":"0040744847874","w":"https://www.bczmotors.ro/"}},{"type":"Feature","geometry":{"type":"Point","coordinates":[24.575503,46.533816]},"properties":{"n":"Dance Art","k":"leisure","v":"dance","st":"Aleea Covasna","hn":"1"}},{"type":"Feature","geometry":{"type":"Point","coordinates":[24.575169,46.533271]},"properties":{"n":"Kleopatra","k":"shop","v":"beauty","st":"Bulevardul Pandurilor","hn":"87","oh":"Mo-Fr 08:00-20:00; Sa 08:00-14:00","ph":"+40744490077","w":"http://www.kleobeauty.ro/"}},{"type":"Feature","geometry":{"type":"Point","coordinates":[24.569886,46.533442]},"properties":{"n":"Game Zone 777","k":"amenity","v":"cafe","st":"Bulevardul Pandurilor","hn":"30","oh":"Mo-Su,PH 00:00-00:00"}},{"type":"Feature","geometry":{"type":"Point","coordinates":[24.57004,46.53343]},"properties":{"n":"Terasa Pandurul","k":"amenity","v":"restaurant","st":"Bulevardul Pandurilor","hn":"38-40","oh":"Mo-Su,PH 00:00-00:00"}},{"type":"Feature","geometry":{"type":"Point","coordinates":[24.572296,46.532983]},"properties":{"n":"Delgaz Grid","k":"office","v":"energy_supplier","alt":["DELGAZ GRID SA"],"st":"Bulevardul Pandurilor","hn":"42","oh":"Mo-Fr 08:00-16:00","ph":"+40265260418","w":"https://delgaz.ro/"}},{"type":"Feature","geometry":{"type":"Point","coordinates":[24.573383,46.532625]},"properties":{"n":"Bioclinica","k":"healthcare","v":"laboratory","st":"Bulevardul Pandurilor","hn":"50","oh":"Mo-Fr 07:00-19:00; Sa 08:00-14:00","ph":"+40265255014","w":"https://www.bioclinica.ro/"}},{"type":"Feature","geometry":{"type":"Point","coordinates":[24.573364,46.532665]},"properties":{"n":"BCR","k":"amenity","v":"atm","alt":["Banca Comercială Română"]}},{"type":"Feature","geometry":{"type":"Point","coordinates":[24.57336,46.532733]},"properties":{"n":"Centrul de Dializă Diaverum","k":"healthcare","v":"laboratory","st":"Bulevardul Pandurilor","hn":"50","oh":"Mo, We, Fr 06:30-23:00; Tu, Th, Sa 06:30-18:00;","ph":"+40365730300","w":"https://www.diaverum.com"}},{"type":"Feature","geometry":{"type":"Point","coordinates":[24.573812,46.532526]},"properties":{"n":"BRD","k":"amenity","v":"atm"}},{"type":"Feature","geometry":{"type":"Point","coordinates":[24.57389,46.532542]},"properties":{"n":"CDS Barber Shop","k":"shop","v":"hairdresser","st":"Bulevardul Pandurilor","hn":"52","oh":"Mo-Fr 09:00-21:00; Sa 09:00-18:00","ph":"+40747781354"}},{"type":"Feature","geometry":{"type":"Point","coordinates":[24.574012,46.532547]},"properties":{"n":"Eco Farmacia","k":"amenity","v":"pharmacy","st":"Bulevardul Pandurilor","hn":"54"}},{"type":"Feature","geometry":{"type":"Point","coordinates":[24.574129,46.53255]},"properties":{"n":"Oficiul Poștal 9 Ghișeul 1","k":"amenity","v":"post_office","st":"Bulevardul Pandurilor","hn":"54","oh":"Mo-Fr 08:00-19:00"}},{"type":"Feature","geometry":{"type":"Point","coordinates":[24.574972,46.532699]},"properties":{"n":"18 Gym","k":"leisure","v":"fitness_centre","st":"Bulevardul Pandurilor","hn":"52","oh":"Mo-Fr 07:00-22:00; Sa 09:00-17:00","ph":"+40374010883","w":"https://18gym.ro"}},{"type":"Feature","geometry":{"type":"Point","coordinates":[24.582215,46.533199]},"properties":{"n":"Casa Mureșană Bistro","k":"amenity","v":"restaurant","st":"Bulevardul Pandurilor","hn":"100","oh":"09:00-22:00","ph":"+40-365-882756","w":"https://casamuresana.ro/","cu":"regional;international"}},{"type":"Feature","geometry":{"type":"Point","coordinates":[24.57853,46.533354]},"properties":{"n":"Baby Bear","k":"shop","v":"toys","st":"Bulevardul Pandurilor","hn":"117","oh":"Mo-Fr 11:00-19:00","ph":"+40744808861"}},{"type":"Feature","geometry":{"type":"Point","coordinates":[24.578506,46.532802]},"properties":{"n":"Dicoutured","k":"shop","v":"clothes","st":"Bulevardul Pandurilor","hn":"78","ph":"+40756460350"}},{"type":"Feature","geometry":{"type":"Point","coordinates":[24.579632,46.532871]},"properties":{"n":"Diva Salon","k":"shop","v":"hairdresser","st":"Bulevardul Pandurilor","hn":"84","oh":"Mo-Su 09:00-19:00","ph":"+40365410544"}},{"type":"Feature","geometry":{"type":"Point","coordinates":[24.580596,46.533024]},"properties":{"n":"Junona Games","k":"amenity","v":"bar","st":"Bulevardul Pandurilor","hn":"92","oh":"07:00-22:00"}},{"type":"Feature","geometry":{"type":"Point","coordinates":[24.58174,46.533354]},"properties":{"n":"Naturalia","k":"amenity","v":"pharmacy","st":"Bulevardul Pandurilor","hn":"100","oh":"Mo-Fr 08:00-21:00; Sa 08:00-14:00; Su 09:00-14:00"}},{"type":"Feature","geometry":{"type":"Point","coordinates":[24.581754,46.533291]},"properties":{"n":"Sabion","k":"shop","v":"pawnbroker","st":"Bulevardul Pandurilor","hn":"100"}},{"type":"Feature","geometry":{"type":"Point","coordinates":[24.581851,46.53336]},"properties":{"n":"Darina","k":"shop","v":"supermarket","st":"Bulevardul Pandurilor","hn":"100","oh":"07:00-22:00"}},{"type":"Feature","geometry":{"type":"Point","coordinates":[24.582501,46.533752]},"properties":{"n":"Delcos","k":"shop","v":"clothes","st":"Bulevardul Pandurilor","hn":"108","oh":"Mo-Fr 10:00-19:00; Sa 10:00-14:00","ph":"+40743436668"}},{"type":"Feature","geometry":{"type":"Point","coordinates":[24.57987,46.530389]},"properties":{"n":"EZ Rent A Car","k":"amenity","v":"car_rental","alt":["SC PRO EZRENTACAR SRL"],"st":"Calea Sighișoarei","hn":"29","oh":"24/7","ph":"+40 742 397 368","w":"https://www.ezrentacar.ro"}},{"type":"Feature","geometry":{"type":"Point","coordinates":[24.577181,46.532003]},"properties":{"n":"Dztech","k":"office","v":"it","st":"Strada Banat","hn":"3","oh":"Mo-Fr 08:00-19:00; Sa 08:00-13:00","ph":"+40751159083","w":"https://dztech.ro/"}},{"type":"Feature","geometry":{"type":"Point","coordinates":[24.582396,46.532969]},"properties":{"n":"Magic Pan","k":"shop","v":"bakery","st":"Strada Banat","hn":"45","oh":"Mo-Fr 06:00-21:00; Sa 08:00-13:00"}},{"type":"Feature","geometry":{"type":"Point","coordinates":[24.580284,46.529842]},"properties":{"n":"Autowäsche","k":"amenity","v":"car_wash"}},{"type":"Feature","geometry":{"type":"Point","coordinates":[24.579357,46.533438]},"properties":{"n":"Vimansia","k":"office","v":"advertising_agency","st":"Bulevardul Pandurilor","hn":"119","oh":"Mo-Fr 08:00-18:00","ph":"+40749879208","w":"https://www.vimansiamarketing.ro/"}},{"type":"Feature","geometry":{"type":"Point","coordinates":[24.578262,46.533363]},"properties":{"n":"Vetex Com","k":"amenity","v":"veterinary","st":"Bulevardul Pandurilor","hn":"113","oh":"Mo-Fr 08:00-18:00","ph":"+40265244004"}},{"type":"Feature","geometry":{"type":"Point","coordinates":[24.579108,46.531228]},"properties":{"n":"Harmed Ingrijiri Medicale S.R.L.","k":"healthcare","v":"health_care_services","alt":["Harmed"],"st":"Strada Transilvania","hn":"40","ph":"+40743 026 099","w":"https://www.facebook.com/profile.php?id=100066917495216"}},{"type":"Feature","geometry":{"type":"Point","coordinates":[24.589036,46.532733]},"properties":{"n":"OTP Bank","k":"amenity","v":"bank","alt":["OTP"],"st":"Bulevardul 1 Decembrie 1918","hn":"216","oh":"Mo-Fr 09:00-17:00","ph":"+40372504620","w":"https://www.otpbank.ro/"}},{"type":"Feature","geometry":{"type":"Point","coordinates":[24.586257,46.533689]},"properties":{"n":"Rodimir","k":"shop","v":"hairdresser"}},{"type":"Feature","geometry":{"type":"Point","coordinates":[24.588724,46.533226]},"properties":{"n":"Catena","k":"amenity","v":"pharmacy","st":"Bulevardul 1 Decembrie 1918","hn":"251","oh":"Mo-Fr 08:00-21:00; Sa 08:00-15:00; Su 08:00-14:00","ph":"+40743004152","w":"https://www.catena.ro/"}},{"type":"Feature","geometry":{"type":"Point","coordinates":[24.58528,46.532965]},"properties":{"n":"Magazin universal cu de toate","k":"shop","v":"convenience"}},{"type":"Feature","geometry":{"type":"Point","coordinates":[24.587301,46.533342]},"properties":{"n":"Auto-Motor","k":"shop","v":"car_parts"}},{"type":"Feature","geometry":{"type":"Point","coordinates":[24.588808,46.533197]},"properties":{"n":"Bet Cafe Arena","k":"amenity","v":"bar","st":"Bulevardul 1 Decembrie 1918","hn":"210","oh":"Mo-Fr 08:00-22:00","ph":"+40372035098","w":"http://www.betcafearena.ro/"}},{"type":"Feature","geometry":{"type":"Point","coordinates":[24.588985,46.533159]},"properties":{"n":"Club Colonial","k":"leisure","v":"adult_gaming_centre","st":"Bulevardul 1 Decembrie 1918","hn":"253"}},{"type":"Feature","geometry":{"type":"Point","coordinates":[24.588106,46.533517]},"properties":{"n":"Cramele Recaș","k":"shop","v":"wine","st":"Bulevardul 1 Decembrie 1918","hn":"249","oh":"Mo-Fr 09:00-21:00; Sa 09:00-20:00; Su 09:00-14:00","ph":"+40745963131","w":"http://www.recaswine.ro/"}},{"type":"Feature","geometry":{"type":"Point","coordinates":[24.58852,46.533271]},"properties":{"n":"Dr. Max","k":"amenity","v":"pharmacy","st":"Bulevardul 1 Decembrie 1918","hn":"251","oh":"Mo-Fr 08:00-20:00; Sa 09:00-14:00","ph":"+40799914648","w":"https://www.drmax.ro/"}},{"type":"Feature","geometry":{"type":"Point","coordinates":[24.588521,46.532804]},"properties":{"n":"Salon Mari Cristi","k":"shop","v":"beauty"}},{"type":"Feature","geometry":{"type":"Point","coordinates":[24.58845,46.532825]},"properties":{"n":"Superbet","k":"shop","v":"bookmaker","alt":["Superbet Betting & Gaming SA"],"st":"Bulevardul 1 Decembrie 1918","hn":"212","oh":"Mo-Su 10:00-22:00","ph":"+40786401088","w":"https://www.superbet.ro/"}},{"type":"Feature","geometry":{"type":"Point","coordinates":[24.58837,46.533319]},"properties":{"n":"Eldi","k":"shop","v":"bakery","st":"Bulevardul 1 Decembrie 1918","hn":"251","oh":"Mo-Sa 07:00-17:00","ph":"+40757018050","w":"https://www.eldi.ro/"}},{"type":"Feature","geometry":{"type":"Point","coordinates":[24.58319,46.531865]},"properties":{"n":"Vulcanizare","k":"shop","v":"car_repair"}},{"type":"Feature","geometry":{"type":"Point","coordinates":[24.587442,46.533261]},"properties":{"n":"Shaorma","k":"amenity","v":"fast_food","st":"Bulevardul 1 Decembrie 1918","hn":"206","cu":"kebab"}},{"type":"Feature","geometry":{"type":"Point","coordinates":[24.586017,46.533747]},"properties":{"n":"Desigual","k":"shop","v":"clothes","st":"Bulevardul 1 Decembrie 1918","hn":"196","oh":"Mo-Fr 10:00-19:00; Sa 10:00-15:00","ph":"+40740497248","w":"https://desifashionstores.ro/"}},{"type":"Feature","geometry":{"type":"Point","coordinates":[24.586711,46.53353]},"properties":{"n":"E-Fum","k":"shop","v":"e-cigarette","st":"Bulevardul 1 Decembrie 1918","hn":"202","oh":"Mo-Fr 09:00-20:00; Sa 09:00-16:00","ph":"+40771539123","w":"https://e-fum.ro/"}},{"type":"Feature","geometry":{"type":"Point","coordinates":[24.586594,46.533511]},"properties":{"n":"Crama Sâncrai","k":"shop","v":"wine","st":"Bulevardul 1 Decembrie 1918","hn":"202","oh":"Mo-Fr 10:00-18:00; Sa 09:00-14:00","ph":"+40740340642"}},{"type":"Feature","geometry":{"type":"Point","coordinates":[24.587044,46.533409]},"properties":{"n":"Noblesse Beauty Salon","k":"shop","v":"beauty","st":"Bulevardul 1 Decembrie 1918","hn":"204","oh":"Mo-Sa 09:00-20:00","ph":"+40744499019"}},{"type":"Feature","geometry":{"type":"Point","coordinates":[24.588144,46.532922]},"properties":{"n":"Salon Primadonna","k":"shop","v":"beauty","st":"Bulevardul 1 Decembrie 1918","hn":"210","oh":"Mo-Fr 09:00-21:00; Sa 08:00-14:00"}},{"type":"Feature","geometry":{"type":"Point","coordinates":[24.588007,46.533444]},"properties":{"n":"Eva Textil","k":"shop","v":"clothes","st":"Bulevardul 1 Decembrie 1918","hn":"249/3","oh":"Mo-Fr 09:00-17:00","ph":"+40743271988"}},{"type":"Feature","geometry":{"type":"Point","coordinates":[24.587674,46.533555]},"properties":{"n":"Brutăria Kovács","k":"shop","v":"bakery","st":"Bulevardul 1 Decembrie 1918","hn":"247","oh":"Mo-Fr 05:30-21:00; Sa 06:00-17:00","ph":"+40265211678","w":"https://kovacs.ro/"}},{"type":"Feature","geometry":{"type":"Point","coordinates":[24.587111,46.53376]},"properties":{"n":"Strelitzia","k":"shop","v":"florist","st":"Bulevardul 1 Decembrie 1918","hn":"243","oh":"Mo-Su 08:00-20:00"}},{"type":"Feature","geometry":{"type":"Point","coordinates":[24.587478,46.533653]},"properties":{"n":"Arnold Sport","k":"shop","v":"sports","st":"Bulevardul 1 Decembrie 1918","hn":"245","oh":"Mo-Fr 09:00-18:00; Sa 09:00-13:00"}},{"type":"Feature","geometry":{"type":"Point","coordinates":[24.588455,46.5333]},"properties":{"n":"Duo Marser","k":"shop","v":"car_parts","st":"Bulevardul 1 Decembrie 1918","hn":"251","oh":"Mo-Fr 08:00-18:00; Sa 08:00-13:00","ph":"0742084346"}},{"type":"Feature","geometry":{"type":"Point","coordinates":[24.583296,46.532978]},"properties":{"n":"Wolfbrand","k":"office","v":"advertising_agency","st":"Strada Evreilor Martiri","hn":"23","oh":"Mo-Fr 09:00-17:00","ph":"+40773300703"}},{"type":"Feature","geometry":{"type":"Point","coordinates":[24.58858,46.533254]},"properties":{"n":"TBI Bank","k":"amenity","v":"bank","alt":["TBI BANK EAD Sofia - Bucharest Branch"],"st":"Bulevardul 1 Decembrie 1918","hn":"251","oh":"Mo-Fr 09:00-18:00","ph":"+40 725 939 286","w":"https://tbibank.ro"}},{"type":"Feature","geometry":{"type":"Point","coordinates":[24.564036,46.539307]},"properties":{"n":"Optolens Optofarm","k":"shop","v":"optician","st":"Bulevardul 1 Decembrie 1918","hn":"49","oh":"Mo-Fr 08:00-20:00","ph":"0265263351","w":"https://www.optolens.ro/"}},{"type":"Feature","geometry":{"type":"Point","coordinates":[24.566944,46.538649]},"properties":{"n":"Net Pro PC","k":"shop","v":"computer","st":"Bulevardul 1 Decembrie 1918","hn":"86A","oh":"Mo-Fr 08:00-16:00","ph":"+40-365-882697","w":"http://www.netpro-pc.ro/"}},{"type":"Feature","geometry":{"type":"Point","coordinates":[24.562999,46.53629]},"properties":{"n":"Maren","k":"shop","v":"furniture","st":"Strada Predeal","hn":"31","oh":"Mo-Th 08:00-17:00","ph":"+40-265-265918","w":"https://maren.ro/"}},{"type":"Feature","geometry":{"type":"Point","coordinates":[24.565773,46.535398]},"properties":{"n":"Autostop Vulcanizare","k":"shop","v":"car_repair","st":"Strada Predeal","hn":"63","oh":"Mo-Sa 07:00-20:00","ph":"+40-742-466516","w":"https://vulcanizaremures.wordpress.com/"}},{"type":"Feature","geometry":{"type":"Point","coordinates":[24.565816,46.535162]},"properties":{"n":"XXL Night Club","k":"amenity","v":"stripclub","st":"Strada Predeal","hn":"68","w":"http://xxl.stripclubs.ro/"}},{"type":"Feature","geometry":{"type":"Point","coordinates":[24.565571,46.538651]},"properties":{"n":"Nomasvello Mures","k":"shop","v":"beauty","alt":["Nomasvello"],"st":"Bulevardul 1 Decembrie 1918","hn":"80","oh":"Mo-Fr 09:00-20:00 Sa 10:00-16:00","ph":"+40 770 414 561","w":"https://www.nomasvello.ro"}},{"type":"Feature","geometry":{"type":"Point","coordinates":[24.568352,46.538835]},"properties":{"n":"Clinica SANTE","k":"amenity","v":"clinic","st":"Bulevardul 1 Decembrie 1918","hn":"91","oh":"Mo-Fr 07:00-18:00; Sa 08:00-14:00","ph":"0265220998","w":"https://clinica-sante.ro/"}},{"type":"Feature","geometry":{"type":"Point","coordinates":[24.56719,46.539691]},"properties":{"n":"Centrul Med. Neuron","k":"amenity","v":"clinic","st":"Strada Ștefan cel Mare","hn":"29","oh":"Mo-Fr 09:00-17:00","ph":"0265250199","w":"https://www.centrulneuron.ro/"}},{"type":"Feature","geometry":{"type":"Point","coordinates":[24.563013,46.538064]},"properties":{"n":"Comimpex","k":"shop","v":"convenience","alt":["Comimpex S.R.L."],"st":"Strada Bobâlna","hn":"8","oh":"Lu-Sa 07:00-21:00, Du 08:00-18:00"}},{"type":"Feature","geometry":{"type":"Point","coordinates":[24.563569,46.538881]},"properties":{"n":"Anchor","k":"shop","v":"florist","st":"Bulevardul 1 Decembrie 1918","hn":"74","oh":"Mo-Fr 09:00-16:00; Sa 09:00-14:00; Su 09:00-13:00","ph":"+40742416336"}},{"type":"Feature","geometry":{"type":"Point","coordinates":[24.565692,46.538649]},"properties":{"n":"Tehnoton","k":"shop","v":"lighting","st":"Bulevardul 1 Decembrie 1918","hn":"82","oh":"Mo-Fr 08:00-16:00; Sa 09:00-12:00","ph":"0265311872"}},{"type":"Feature","geometry":{"type":"Point","coordinates":[24.567221,46.538635]},"properties":{"n":"Puzzleshop","k":"shop","v":"gift","st":"Bulevardul 1 Decembrie 1918","hn":"86A","oh":"Mo-Fr 10:00-18:00; Sa 10:00-14:00","ph":"+40751419858"}},{"type":"Feature","geometry":{"type":"Point","coordinates":[24.563916,46.539324]},"properties":{"n":"Bunny Market","k":"shop","v":"convenience","st":"Bulevardul 1 Decembrie 1918","hn":"74","oh":"Mo-Su 06:00-22:00"}},{"type":"Feature","geometry":{"type":"Point","coordinates":[24.563847,46.539334]},"properties":{"n":"Banca Transilvania","k":"amenity","v":"bank","st":"Bulevardul 1 Decembrie 1918","hn":"49","oh":"Mo-Fr 09:00-17:00","ph":"+40265250855","w":"https://www.bancatransilvania.ro/"}},{"type":"Feature","geometry":{"type":"Point","coordinates":[24.564259,46.53834]},"properties":{"n":"Salon Piroska","k":"shop","v":"beauty","st":"Pasajul Mimozelor","hn":"5","oh":"Mo-Fr 08:00-19:00","w":"https://salon-piroska.business.site/"}},{"type":"Feature","geometry":{"type":"Point","coordinates":[24.562994,46.537936]},"properties":{"n":"Timko","k":"shop","v":"bakery","st":"Strada Bobâlna","hn":"10","oh":"Mo-Fr 08:00-20:00; Sa 08:00-17:00"}},{"type":"Feature","geometry":{"type":"Point","coordinates":[24.565542,46.538935]},"properties":{"n":"Anima Cord","k":"amenity","v":"clinic","st":"Bulevardul 1 Decembrie 1918","hn":"69"}},{"type":"Feature","geometry":{"type":"Point","coordinates":[24.566298,46.53865]},"properties":{"n":"Centrul Școlar pentru Educație Incluzivă nr. 1","k":"office","v":"educational_institution","st":"Bulevardul 1 Decembrie 1918","hn":"32","oh":"Mo-Fr 08:00-16:45","ph":"0265265316","w":"http://www.cjmures.ro/centruscolar1/"}},{"type":"Feature","geometry":{"type":"Point","coordinates":[24.567879,46.53862]},"properties":{"n":"Nastimed","k":"shop","v":"medical_supply","st":"Bulevardul 1 Decembrie 1918","hn":"86C","oh":"Mo-Fr 09:00-17:00","ph":"0788434294","w":"https://nastimed.ro/"}},{"type":"Feature","geometry":{"type":"Point","coordinates":[24.565307,46.539451]},"properties":{"n":"Radimed","k":"amenity","v":"doctors","oh":"Mo-Th 08:00-17:00; Fr 08:00-14:00","ph":"+40-265-222446"}},{"type":"Feature","geometry":{"type":"Point","coordinates":[24.567553,46.538854]},"properties":{"n":"Caparol","k":"shop","v":"paint","st":"Strada Ștefan cel Mare","hn":"37","oh":"Mo-Sa 08:00-18:00; Fr 08:00-15:00","ph":"0265264349","w":"https://www.caparol.ro/"}},{"type":"Feature","geometry":{"type":"Point","coordinates":[24.575424,46.535494]},"properties":{"n":"Transaldea","k":"amenity","v":"taxi"}},{"type":"Feature","geometry":{"type":"Point","coordinates":[24.56978,46.53882]},"properties":{"n":"Alex Market","k":"shop","v":"convenience","st":"Bulevardul 1 Decembrie 1918","hn":"97","oh":"24/7"}},{"type":"Feature","geometry":{"type":"Point","coordinates":[24.570799,46.538827]},"properties":{"n":"Studio","k":"leisure","v":"adult_gaming_centre","st":"Bulevardul 1 Decembrie 1918","hn":"107"}},{"type":"Feature","geometry":{"type":"Point","coordinates":[24.571518,46.539184]},"properties":{"n":"Radio Târgu-Mureș","k":"amenity","v":"studio","st":"Bulevardul 1 Decembrie 1918","hn":"109A","ph":"+40-265-267720","w":"https://www.radiomures.ro/"}},{"type":"Feature","geometry":{"type":"Point","coordinates":[24.574797,46.538694]},"properties":{"n":"Sanvita","k":"amenity","v":"pharmacy"}},{"type":"Feature","geometry":{"type":"Point","coordinates":[24.570419,46.53857]},"properties":{"n":"Salvia","k":"amenity","v":"pharmacy"}},{"type":"Feature","geometry":{"type":"Point","coordinates":[24.575401,46.535571]},"properties":{"n":"Macul Roșu","k":"shop","v":"convenience"}},{"type":"Feature","geometry":{"type":"Point","coordinates":[24.571032,46.538118]},"properties":{"n":"Bristol Bus Cafe","k":"amenity","v":"pub","st":"Strada Secerei","hn":"4","oh":"Mo-Fr 08:00-24:00;Sa-Su 10:00-24:00","ph":"+40-265-525500","w":"http://bristolbuscafe.freewb.ro/"}},{"type":"Feature","geometry":{"type":"Point","coordinates":[24.571558,46.535633]},"properties":{"n":"Beltrand Car Wash","k":"amenity","v":"car_wash"}},{"type":"Feature","geometry":{"type":"Point","coordinates":[24.573716,46.537709]},"properties":{"n":"Dr. Max","k":"amenity","v":"pharmacy","alt":["Dr.Max"],"oh":"Mo-Fr 08:00-22:00; Sa 08:00-18:00; Su 08:00-16:00","ph":"+40-737-477218","w":"https://www.drmax.ro"}},{"type":"Feature","geometry":{"type":"Point","coordinates":[24.574043,46.537605]},"properties":{"n":"ATM BCR","k":"amenity","v":"atm","alt":["BCR"]}},{"type":"Feature","geometry":{"type":"Point","coordinates":[24.573309,46.537667]},"properties":{"n":"Darina Restaurant","k":"amenity","v":"restaurant","st":"Strada Brașovului","hn":"2","cu":"regional"}},{"type":"Feature","geometry":{"type":"Point","coordinates":[24.573552,46.537695]},"properties":{"n":"Darina Super Market","k":"shop","v":"convenience","st":"Strada Brașovului","hn":"2"}},{"type":"Feature","geometry":{"type":"Point","coordinates":[24.574061,46.537489]},"properties":{"n":"Eldi","k":"shop","v":"bakery"}},{"type":"Feature","geometry":{"type":"Point","coordinates":[24.574047,46.537555]},"properties":{"n":"Dósa","k":"shop","v":"butcher","oh":"Mo-Fr 08:00-20:00; Sa 08:00-17:00"}},{"type":"Feature","geometry":{"type":"Point","coordinates":[24.574015,46.537675]},"properties":{"n":"Richter","k":"amenity","v":"pharmacy","oh":"Mo-Fr 08:00-20:00; Sa 08:00-14:00"}},{"type":"Feature","geometry":{"type":"Point","coordinates":[24.573774,46.537683]},"properties":{"n":"Agro Prod Com Dosa","k":"shop","v":"butcher"}},{"type":"Feature","geometry":{"type":"Point","coordinates":[24.573953,46.537668]},"properties":{"n":"Centrul medical TOPMED","k":"amenity","v":"hospital","st":"Strada Brașovului","hn":"2","ph":"+40-365-430280"}},{"type":"Feature","geometry":{"type":"Point","coordinates":[24.575542,46.535202]},"properties":{"n":"Transaldea","k":"amenity","v":"driving_school","st":"Strada Moldovei","hn":"8","oh":"Mo-Fr 08:00-16:00","ph":"+40 744 377 879","w":"http://www.transaldea.ro"}},{"type":"Feature","geometry":{"type":"Point","coordinates":[24.574187,46.534228]},"properties":{"n":"Fântâna Tudor Vladimirescu","k":"amenity","v":"drinking_water","alt":["Csorgó"]}},{"type":"Feature","geometry":{"type":"Point","coordinates":[24.57186,46.537733]},"properties":{"n":"Cafeneaua Roasted Brown","k":"amenity","v":"cafe"}},{"type":"Feature","geometry":{"type":"Point","coordinates":[24.57025,46.538562]},"properties":{"n":"Amérie","k":"shop","v":"florist","st":"Bulevardul 1 Decembrie 1918","hn":"94","oh":"Mo-Su 08:00-20:00","ph":"+40771676325"}},{"type":"Feature","geometry":{"type":"Point","coordinates":[24.570557,46.538559]},"properties":{"n":"Scopus","k":"shop","v":"sports","st":"Bulevardul 1 Decembrie 1918","hn":"96","oh":"Mo-Fr 10:00-18:00; Sa 10:00-14:00","ph":"+40265231366","w":"https://www.scopus.ro/"}},{"type":"Feature","geometry":{"type":"Point","coordinates":[24.571586,46.5386]},"properties":{"n":"Salonul Lux","k":"shop","v":"clothes","st":"Bulevardul 1 Decembrie 1918","hn":"104","oh":"Mo-Fr 10:00-18:00; Sa 10:00-15:00","ph":"+40745211366"}},{"type":"Feature","geometry":{"type":"Point","coordinates":[24.572314,46.538611]},"properties":{"n":"Salonul ARA","k":"shop","v":"clothes","st":"Bulevardul 1 Decembrie 1918","hn":"108/4","ph":"+40745251531"}},{"type":"Feature","geometry":{"type":"Point","coordinates":[24.572614,46.538619]},"properties":{"n":"Dr. AcsVasile","k":"amenity","v":"dentist","st":"Bulevardul 1 Decembrie 1918","hn":"110","oh":"Mo-Fr 13:00-18:00","ph":"+40744639249"}},{"type":"Feature","geometry":{"type":"Point","coordinates":[24.573915,46.538663]},"properties":{"n":"Salon Paula","k":"shop","v":"clothes","st":"Bulevardul 1 Decembrie 1918","hn":"118","oh":"Mo-Fr 10:00-18:00; Sa 10:00-15:00","ph":"+40748383085","w":"https://salonpaulamures.business.site/"}},{"type":"Feature","geometry":{"type":"Point","coordinates":[24.575079,46.538698]},"properties":{"n":"Salon Szelena","k":"shop","v":"clothes","st":"Bulevardul 1 Decembrie 1918","hn":"126","oh":"Mo 14:00-19:00; Tu-Fr 10:00-18:00; Sa 10:00-14:00","ph":"0745251531"}},{"type":"Feature","geometry":{"type":"Point","coordinates":[24.575507,46.538752]},"properties":{"n":"SEOlympic","k":"office","v":"advertising_agency","st":"Bulevardul 1 Decembrie 1918","hn":"128/1","oh":"Mo-Th 08:00-20:00; Fr-Sa 08:00-18:00","ph":"+40737017128","w":"https://www.seolympic.com/"}},{"type":"Feature","geometry":{"type":"Point","coordinates":[24.573752,46.538942]},"properties":{"n":"Thermacut","k":"shop","v":"hardware","st":"Bulevardul 1 Decembrie 1918","hn":"127A","oh":"Mo-Fr 09:00-16:00","ph":"+40265263205","w":"https://www.thermacut.ro/"}},{"type":"Feature","geometry":{"type":"Point","coordinates":[24.572418,46.538887]},"properties":{"n":"Salon Allure","k":"shop","v":"clothes","st":"Bulevardul 1 Decembrie 1918","hn":"115/2","oh":"Mo-Fr 10:00-18:00; Sa 10:00-14:00","ph":"+40745798698","w":"http://salonallurebridal.ro/"}},{"type":"Feature","geometry":{"type":"Point","coordinates":[24.569642,46.539459]},"properties":{"n":"MedLife","k":"amenity","v":"clinic","st":"Bulevardul 1 Decembrie 1918","hn":"93","oh":"Mo-Fr 08:00-16:00","ph":"+40733008394","w":"https://www.medlife.ro"}},{"type":"Feature","geometry":{"type":"Point","coordinates":[24.569841,46.53884]},"properties":{"n":"Cloud Shisha Lounge","k":"amenity","v":"bar","st":"Bulevardul 1 Decembrie 1918","hn":"99","oh":"Mo-Su 10:00-00:00"}},{"type":"Feature","geometry":{"type":"Point","coordinates":[24.572813,46.538968]},"properties":{"n":"Aristerm","k":"craft","v":"hvac","st":"Bulevardul 1 Decembrie 1918","hn":"113","oh":"Mo-Fr 08:30-17:00","ph":"0265264125","w":"https://www.aristerm.ro/"}},{"type":"Feature","geometry":{"type":"Point","coordinates":[24.571818,46.538616]},"properties":{"n":"Multidental","k":"amenity","v":"dentist","st":"Bulevardul 1 Decembrie 1918","hn":"104","oh":"Mo-Fr 10:00-20:00; Sa 10:30-13:30","ph":"0727533180"}},{"type":"Feature","geometry":{"type":"Point","coordinates":[24.572068,46.538628]},"properties":{"n":"Bifa & Ectoplast","k":"craft","v":"glaziery","st":"Bulevardul 1 Decembrie 1918","hn":"108","oh":"Mo-Fr 09:00-17:00","ph":"0745301460","w":"http://www.bifa.ro/"}},{"type":"Feature","geometry":{"type":"Point","coordinates":[24.575277,46.538719]},"properties":{"n":"Dora Optics","k":"shop","v":"optician","st":"Bulevardul 1 Decembrie 1918","hn":"126","oh":"Mo, Fr 08:00-16:00; Tu, Th 10:00-19:00; We 10:00-18:00","ph":"0755088379","w":"https://doraoptics.ro/"}},{"type":"Feature","geometry":{"type":"Point","coordinates":[24.572097,46.535701]},"properties":{"n":"Stoma Ortho Plus","k":"amenity","v":"dentist","st":"Strada Secerei","hn":"35","oh":"Mo, We 13:00-19:00; Tu, Th 9:00-16:00; Fr 12:00-17:00","ph":"+40744480506"}},{"type":"Feature","geometry":{"type":"Point","coordinates":[24.573427,46.538922]},"properties":{"n":"Haine XXXXL A La Micutzu","k":"shop","v":"clothes","st":"Bulevardul 1 Decembrie 1918","hn":"125","oh":"Mo-Fr 10:00-13:00","ph":"+40756801721","w":"https://www.hainexxxxl.ro/"}},{"type":"Feature","geometry":{"type":"Point","coordinates":[24.564163,46.543068]},"properties":{"n":"The Office","k":"amenity","v":"pub","st":"Strada Bolyai","hn":"18","oh":"Mo-Fr 09:00-22:00; Sa-Su 17:00-22:00","ph":"+40740147215"}},{"type":"Feature","geometry":{"type":"Point","coordinates":[24.56394,46.54688]},"properties":{"n":"Oficiul Poștal nr. 1","k":"amenity","v":"post_office","st":"Strada Revoluției","hn":"2A","oh":"Mo-Fr 08:00-19:00, Sa 09:00-13:00","ph":"+40265-213386","w":"https://www.posta-romana.ro/"}},{"type":"Feature","geometry":{"type":"Point","coordinates":[24.563747,46.543156]},"properties":{"n":"Dancing Shiva","k":"amenity","v":"cafe","cu":"coffee_shop"}},{"type":"Feature","geometry":{"type":"Point","coordinates":[24.564692,46.542725]},"properties":{"n":"Millenium","k":"shop","v":"convenience","st":"Strada Bolyai","hn":"28","oh":"Mo-Fr 07:00-22:00; Sa-Su 08:00-22:00","ph":"+40265269297"}},{"type":"Feature","geometry":{"type":"Point","coordinates":[24.564402,46.542138]},"properties":{"n":"Poșta Română","k":"amenity","v":"post_box"}},{"type":"Feature","geometry":{"type":"Point","coordinates":[24.563036,46.544771]},"properties":{"n":"Restaurant Caesar","k":"amenity","v":"restaurant","ph":"+40-265-269797","cu":"regional"}},{"type":"Feature","geometry":{"type":"Point","coordinates":[24.568873,46.546314]},"properties":{"n":"La Teo","k":"amenity","v":"restaurant","st":"Strada Alexandru Papiu Ilarian","hn":"1","oh":"Mo-Sa 11:00-22:00; Su 12:00-22:00","ph":"+40-265-212244","w":"http://www.lateo.ro/","cu":"regional;international;italian"}},{"type":"Feature","geometry":{"type":"Point","coordinates":[24.564453,46.543151]},"properties":{"n":"János și Farkas Bolyai","k":"tourism","v":"artwork","alt":["Bolyai Farkas és János"]}},{"type":"Feature","geometry":{"type":"Point","coordinates":[24.563246,46.546861]},"properties":{"n":"Cafe Bulgakov","k":"amenity","v":"cafe","oh":"Mo-Th 09:00-02:00; Fr 09:00-06:00; Sa 12:00-06:00; Su 06:00-02:00","cu":"regional;coffee_shop;russian"}},{"type":"Feature","geometry":{"type":"Point","coordinates":[24.565001,46.546435]},"properties":{"n":"Bernády György","k":"tourism","v":"artwork"}},{"type":"Feature","geometry":{"type":"Point","coordinates":[24.563545,46.542813]},"properties":{"n":"Notar Public Iuliana Dobre","k":"office","v":"lawyer"}},{"type":"Feature","geometry":{"type":"Point","coordinates":[24.563597,46.542852]},"properties":{"n":"SCA Dobre, Damian și Asociații","k":"office","v":"lawyer"}},{"type":"Feature","geometry":{"type":"Point","coordinates":[24.565947,46.545957]},"properties":{"n":"Mihai Viteazul","k":"historic","v":"memorial","alt":["Vitéz Mihály"]}},{"type":"Feature","geometry":{"type":"Point","coordinates":[24.565883,46.542323]},"properties":{"n":"Teka Bistro","k":"amenity","v":"restaurant","st":"Strada Bolyai","hn":"19","oh":"Mo-Fr 08:00-22:00; Sa-Su 10:00-22:00","ph":"+40365430675","cu":"regional;international"}},{"type":"Feature","geometry":{"type":"Point","coordinates":[24.563271,46.54151]},"properties":{"n":"SmartSoft","k":"shop","v":"mobile_phone"}},{"type":"Feature","geometry":{"type":"Point","coordinates":[24.565048,46.545891]},"properties":{"n":"Centrul pentru Sprijinirea si Dezvoltarea Afacerilor Bornemisza","k":"office","v":"government","st":"Strada Târgului","hn":"1"}},{"type":"Feature","geometry":{"type":"Point","coordinates":[24.563844,46.544241]},"properties":{"n":"Shaorma House","k":"amenity","v":"fast_food","st":"Strada Târgului","hn":"18","oh":"Mo-Fr 08:00-24:00; Sa 10:00-24:00; Su off","cu":"kebab"}},{"type":"Feature","geometry":{"type":"Point","coordinates":[24.566069,46.541795]},"properties":{"n":"Pseudosphaera","k":"tourism","v":"artwork","alt":["Pseudosfera;Pseudosphera"]}},{"type":"Feature","geometry":{"type":"Point","coordinates":[24.564749,46.545845]},"properties":{"n":"Cantină","k":"amenity","v":"restaurant","cu":"regional"}},{"type":"Feature","geometry":{"type":"Point","coordinates":[24.563592,46.545673]},"properties":{"n":"First Bank","k":"amenity","v":"bank","st":"Piața Trandafirilor","hn":"58A","oh":"Mo-Fr 09:00-17:00","ph":"+40265250143","w":"https://www.firstbank.ro/"}},{"type":"Feature","geometry":{"type":"Point","coordinates":[24.568265,46.54618]},"properties":{"n":"Alexandru Papiu Ilarian","k":"tourism","v":"artwork"}},{"type":"Feature","geometry":{"type":"Point","coordinates":[24.568453,46.546514]},"properties":{"n":"Petru Maior","k":"tourism","v":"artwork"}},{"type":"Feature","geometry":{"type":"Point","coordinates":[24.567312,46.546196]},"properties":{"n":"Vályi Gyula","k":"tourism","v":"artwork"}},{"type":"Feature","geometry":{"type":"Point","coordinates":[24.563032,46.543419]},"properties":{"n":"Galeria de Artă \"Nagy Imre\"","k":"tourism","v":"museum","alt":["\"Nagy Imre\" Art Gallery"],"st":"Strada Köteles Sámuel","hn":"1","oh":"9:00-17:00; Mo closed","ph":"0265/265.267","w":"http://muzeulmures.ro/nagy-imre-colectia-muzeului-de-arta-din-targu-mures/"}},{"type":"Feature","geometry":{"type":"Point","coordinates":[24.565388,46.54274]},"properties":{"n":"Muzeul Bólyai","k":"tourism","v":"museum","alt":["Teleki Téka","Bólyai Museum"],"st":"Strada Bolyai","hn":"17","oh":"9:00-17:00","ph":"0265/261.857","w":"http://telekiteka.ro/index.php?lang=ro"}},{"type":"Feature","geometry":{"type":"Point","coordinates":[24.564484,46.546771]},"properties":{"n":"Punctul Județean de Prelucrare Curierat Rapid","k":"amenity","v":"post_office","st":"Strada Poștei","hn":"1","oh":"Mo-Fr 08:00-19:00; Sa 09:00-13:00","ph":"+40-265-223917","w":"https://www.posta-romana.ro/"}},{"type":"Feature","geometry":{"type":"Point","coordinates":[24.563132,46.545308]},"properties":{"n":"Taverna Diavolului","k":"amenity","v":"restaurant","st":"Piața Trandafirilor","hn":"55","oh":"Mo-Sa 10:00-22:00; Su 11:00-22:00","ph":"+40-727-758063","cu":"regional;international"}},{"type":"Feature","geometry":{"type":"Point","coordinates":[24.56549,46.542993]},"properties":{"n":"Galeria de Arta Ion Vlasiu","k":"tourism","v":"museum","alt":["Ion Vlasiu Art Gallery"],"oh":"Mo-Fr 09:00-16:00; Sa 09:00-14:00; Su 09:00-13:00","ph":"(+40) 265267179","w":"http://muzeulmures.ro/galeria-ion-vlasiu/"}},{"type":"Feature","geometry":{"type":"Point","coordinates":[24.563861,46.543109]},"properties":{"n":"Száva Dent","k":"amenity","v":"dentist","alt":["Dr. Száva Dániel & Dr. Száva János"],"st":"Strada Bolyai","hn":"16","oh":"Mo-Fr 08:00-20:00","ph":"+40747094405"}},{"type":"Feature","geometry":{"type":"Point","coordinates":[24.564308,46.546104]},"properties":{"n":"El Greco Gyros","k":"amenity","v":"fast_food","st":"Piața Petőfi Sándor","hn":"3","oh":"09:00-22:00","ph":"+40785666060","w":"https://elgrecogyros.ro/","cu":"turkish;greek;shawarma"}},{"type":"Feature","geometry":{"type":"Point","coordinates":[24.564504,46.546059]},"properties":{"n":"Mr Pop","k":"amenity","v":"cafe","st":"Piața Petőfi Sándor","hn":"5","oh":"Mo-Fr 07:30-17:00","ph":"+40733330333","cu":"coffee_shop"}},{"type":"Feature","geometry":{"type":"Point","coordinates":[24.569249,46.546448]},"properties":{"n":"Cofetăria Artizan","k":"shop","v":"confectionery"}},{"type":"Feature","geometry":{"type":"Point","coordinates":[24.565545,46.54512]},"properties":{"n":"Poliția Rutieră","k":"amenity","v":"police"}},{"type":"Feature","geometry":{"type":"Point","coordinates":[24.565103,46.546158]},"properties":{"n":"Foto Smiley","k":"shop","v":"photo","st":"Strada Bernády György","hn":"2","oh":"Mo-Fr 09:00-17:00; Sa 10:00-14:00","ph":"+40365401537","w":"https://www.fotosmiley.ro/"}},{"type":"Feature","geometry":{"type":"Point","coordinates":[24.565379,46.546093]},"properties":{"n":"Orobianco Ristorante","k":"amenity","v":"restaurant","st":"Strada Bernády György","hn":"2","oh":"10:00-22:00","ph":"+40743373146","cu":"italian;regional;international;pizza"}},{"type":"Feature","geometry":{"type":"Point","coordinates":[24.56547,46.546076]},"properties":{"n":"Haller Boutique","k":"tourism","v":"hotel","st":"Strada Bernády György","hn":"2","ph":"+40771744885","w":"https://hallerboutique.business.site"}},{"type":"Feature","geometry":{"type":"Point","coordinates":[24.564694,46.546315]},"properties":{"n":"Dabo Döner","k":"amenity","v":"fast_food","st":"Strada Poștei","hn":"1","oh":"Mo-Fr 10:00-00:00; Sa-Su 12:00-00:00","ph":"+40774034611","w":"https://www.dabodoner.ro/","cu":"regional;burger;pizza;sandwich"}},{"type":"Feature","geometry":{"type":"Point","coordinates":[24.564937,46.546524]},"properties":{"n":"Casa Teleki","k":"tourism","v":"attraction","st":"Piața Bernády György","hn":"3-5"}},{"type":"Feature","geometry":{"type":"Point","coordinates":[24.564783,46.545993]},"properties":{"n":"Fazakas","k":"shop","v":"butcher","st":"Piața Petőfi Sándor","hn":"7","oh":"Mo-Fr 09:00-17:00; Sa 09:00-13:00"}},{"type":"Feature","geometry":{"type":"Point","coordinates":[24.563441,46.545537]},"properties":{"n":"Barbara's Cakes","k":"shop","v":"pastry","st":"Piața Trandafirilor","hn":"57","oh":"Mo-Fr 08:00-19:00; Sa 08:00-17:00","ph":"+40758244373"}},{"type":"Feature","geometry":{"type":"Point","coordinates":[24.563355,46.54547]},"properties":{"n":"Salon Infinity Beauty","k":"shop","v":"beauty","st":"Piața Trandafirilor","hn":"56","oh":"Mo-Fr 08:00-20:00; Sa 07:00-15:00","ph":"+40763022288","w":"https://www.infinitybeauty.ro/"}},{"type":"Feature","geometry":{"type":"Point","coordinates":[24.563325,46.54544]},"properties":{"n":"Inkstingt Tattoo","k":"shop","v":"tattoo","st":"Piața Trandafirilor","hn":"56","oh":"Mo-Fr 10:00-18:00","ph":"+40744730205"}},{"type":"Feature","geometry":{"type":"Point","coordinates":[24.563031,46.54529]},"properties":{"n":"Ballada Transylvanian Pub","k":"amenity","v":"restaurant","st":"Piața Trandafirilor","hn":"55","oh":"10:00-22:00","ph":"+40265250201","cu":"regional;hungarian"}},{"type":"Feature","geometry":{"type":"Point","coordinates":[24.562966,46.545024]},"properties":{"n":"Kilometrul Zero","k":"shop","v":"travel_agency","st":"Piața Trandafirilor","hn":"53","oh":"Mo-Fr 10:00-17:00","ph":"+40744796765","w":"http://www.kilometrulzero.ro/"}},{"type":"Feature","geometry":{"type":"Point","coordinates":[24.563441,46.544721]},"properties":{"n":"The BackStage","k":"amenity","v":"pub","st":"Piața Trandafirilor","hn":"53","oh":"Mo-Fr 14:00-22:00; Sa-Su 16:00-22:00"}},{"type":"Feature","geometry":{"type":"Point","coordinates":[24.566177,46.545519]},"properties":{"n":"Citadela House","k":"tourism","v":"hotel","st":"Strada Băilor","hn":"2","ph":"+40737009977"}},{"type":"Feature","geometry":{"type":"Point","coordinates":[24.562995,46.543717]},"properties":{"n":"Raus","k":"shop","v":"clothes","st":"Strada Bolyai","hn":"3/6B","oh":"Mo-Fr 10:00-19:00; Sa 10:00-14:00","ph":"+40744490209"}},{"type":"Feature","geometry":{"type":"Point","coordinates":[24.562926,46.543754]},"properties":{"n":"J.COB Creative","k":"shop","v":"hairdresser","st":"Strada Bolyai","hn":"3","oh":"Mo-Fr 08:00-20:00; Sa-Su 08:00-14:00","ph":"+40741401166"}},{"type":"Feature","geometry":{"type":"Point","coordinates":[24.563039,46.543703]},"properties":{"n":"Donuterie","k":"amenity","v":"fast_food","st":"Strada Bolyai","hn":"3/4","oh":"Mo-Fr 10:00-18:00","ph":"+40745940635","w":"https://donuterie.ro/","cu":"donut"}},{"type":"Feature","geometry":{"type":"Point","coordinates":[24.563263,46.543596]},"properties":{"n":"Cube","k":"amenity","v":"restaurant","st":"Strada Bolyai","hn":"3/16","oh":"Mo-Sa 11:00-22:00","ph":"+40771510288","cu":"noodle"}},{"type":"Feature","geometry":{"type":"Point","coordinates":[24.563406,46.543535]},"properties":{"n":"Mini Cafe","k":"amenity","v":"cafe","st":"Strada Bolyai","hn":"3/14","oh":"Mo-Fr 07:30-22:00; Sa-Su 09:00-22:00","ph":"+40755419099"}},{"type":"Feature","geometry":{"type":"Point","coordinates":[24.563475,46.543507]},"properties":{"n":"La Piadina","k":"amenity","v":"restaurant","st":"Strada Bolyai","hn":"3/15","oh":"Mo-Fr 08:00-22:00; Sa-Su 10:00-22:00","ph":"+40365455086","cu":"regional;international;coffee"}},{"type":"Feature","geometry":{"type":"Point","coordinates":[24.566057,46.541366]},"properties":{"n":"Atelierul de Flori","k":"shop","v":"florist","st":"Strada Bolyai","hn":"40","oh":"Mo-Fr 09:00-18:00; Sa 09:00-17:00; Su 09:00-13:00","ph":"+40746014100"}},{"type":"Feature","geometry":{"type":"Point","coordinates":[24.564381,46.542939]},"properties":{"n":"Sabion","k":"shop","v":"jewelry","st":"Strada Bolyai","hn":"20","oh":"Mo-Fr 09:00-16:00","ph":"+40748151955","w":"https://www.sabion.ro/"}},{"type":"Feature","geometry":{"type":"Point","coordinates":[24.563207,46.543378]},"properties":{"n":"Psycho Churros & Coffee","k":"amenity","v":"restaurant","st":"Strada Bolyai","hn":"10","oh":"Mo-Fr 12:00-20:00; Sa-Su 16:00-20:00","ph":"+40751690729","w":"https://www.churros.ro/","cu":"dessert;cake;pancake"}},{"type":"Feature","geometry":{"type":"Point","coordinates":[24.563093,46.543427]},"properties":{"n":"Cafe Tutun","k":"amenity","v":"cafe","st":"Strada Köteles Sámuel","hn":"1","oh":"Mo-Sa 07:00-22:00; Su 10:00-22:00","ph":"+40772204254"}},{"type":"Feature","geometry":{"type":"Point","coordinates":[24.563057,46.543441]},"properties":{"n":"La Casa Pane Dolce","k":"shop","v":"pastry","st":"Strada Köteles Sámuel","hn":"1","oh":"Mo-Fr 06:00-21:00; Sa 07:00-15:00","ph":"+40364140814","w":"https://lacasapane.ro/"}},{"type":"Feature","geometry":{"type":"Point","coordinates":[24.566475,46.541853]},"properties":{"n":"True Travel","k":"shop","v":"travel_agency","st":"Strada Bolyai","hn":"27","ph":"+40265200250","w":"https://www.truetravel.ro/"}},{"type":"Feature","geometry":{"type":"Point","coordinates":[24.564948,46.545746]},"properties":{"n":"Gostat","k":"shop","v":"greengrocer"}},{"type":"Feature","geometry":{"type":"Point","coordinates":[24.563388,46.545511]},"properties":{"n":"Tomek","k":"amenity","v":"fast_food","cu":"turkish"}},{"type":"Feature","geometry":{"type":"Point","coordinates":[24.562992,46.545271]},"properties":{"n":"Palas Market","k":"shop","v":"supermarket"}},{"type":"Feature","geometry":{"type":"Point","coordinates":[24.564999,46.540716]},"properties":{"n":"RexoGold","k":"shop","v":"pawnbroker","st":"Strada Franz Liszt","hn":"11","oh":"24/7","ph":"0745251111","w":"https://rexogold.ro/"}},{"type":"Feature","geometry":{"type":"Point","coordinates":[24.568007,46.545523]},"properties":{"n":"Angio Center","k":"amenity","v":"clinic","st":"Strada Liceului","hn":"4","oh":"Mo-Fr 08:00-20:00","ph":"+40265233233","w":"https://angiocenter.ro"}},{"type":"Feature","geometry":{"type":"Point","coordinates":[24.566571,46.544109]},"properties":{"n":"Inspectoratul Județean de Poliție Mureș","k":"amenity","v":"police","st":"Strada Borsos Tamás","hn":"16","oh":"Mo 09:00-15:30; Tu-Th 09:00-16:00; Fr 09:00-12:00","ph":"+40265202300","w":"https://www.politiaromana.ro/"}},{"type":"Feature","geometry":{"type":"Point","coordinates":[24.56394,46.546802]},"properties":{"n":"ZonaMed","k":"amenity","v":"clinic","st":"Strada Revoluției","hn":"2","oh":"Mo-Fr 07:00-19:00","ph":"+40756204632","w":"https://zonamed.ro"}},{"type":"Feature","geometry":{"type":"Point","coordinates":[24.563531,46.546895]},"properties":{"n":"Exclusiv","k":"shop","v":"shoes"}},{"type":"Feature","geometry":{"type":"Point","coordinates":[24.566026,46.546438]},"properties":{"n":"Kálvin János","k":"historic","v":"memorial"}},{"type":"Feature","geometry":{"type":"Point","coordinates":[24.565985,46.546533]},"properties":{"n":"Károli Gáspár","k":"historic","v":"memorial"}},{"type":"Feature","geometry":{"type":"Point","coordinates":[24.562935,46.546806]},"properties":{"n":"Kamilla","k":"shop","v":"nutrition_supplements","st":"Strada Călărașilor","hn":"2"}},{"type":"Feature","geometry":{"type":"Point","coordinates":[24.570547,46.54497]},"properties":{"n":"Ana Maria","k":"tourism","v":"hotel","st":"Strada Alexandru Papiu Ilarian","hn":"17","ph":"+40265264401"}},{"type":"Feature","geometry":{"type":"Point","coordinates":[24.573167,46.54237]},"properties":{"n":"Petkit Pro","k":"amenity","v":"veterinary","st":"Strada Alexandru Papiu Ilarian","hn":"23B","oh":"Mo-Fr 10:00-19:00","ph":"+40744622533"}},{"type":"Feature","geometry":{"type":"Point","coordinates":[24.574431,46.540495]},"properties":{"n":"Colegiul Național Pedagogic Mihai Eminescu","k":"amenity","v":"school","st":"Strada Alexandru Papiu Ilarian","hn":"37","ph":"+40365882694","w":"https://www.pedagogicmures.ro/"}},{"type":"Feature","geometry":{"type":"Point","coordinates":[24.570497,46.54476]},"properties":{"n":"Servicii Funerare PAX","k":"shop","v":"funeral_directors","st":"Strada Alexandru Papiu Ilarian","hn":"10","ph":"+40745547530","w":"https://www.agentieserviciifunerare.ro"}},{"type":"Feature","geometry":{"type":"Point","coordinates":[24.576125,46.538817]},"properties":{"n":"Wisky","k":"shop","v":"hairdresser"}},{"type":"Feature","geometry":{"type":"Point","coordinates":[24.58231,46.536103]},"properties":{"n":"Farmacia Richter","k":"amenity","v":"pharmacy","st":"Bulevardul 1 Decembrie 1918","hn":"211","oh":"Mo-Fr 08:00-20:00; Sa 09:00-14:00","ph":"+40265254082","w":"https://richter-farmacia.ro/"}},{"type":"Feature","geometry":{"type":"Point","coordinates":[24.582197,46.536189]},"properties":{"n":"Derma Med","k":"amenity","v":"doctors","st":"Bulevardul 1 Decembrie 1918","hn":"211","oh":"Mo,Tu,Th 16:00-19:30","ph":"+40365431984"}},{"type":"Feature","geometry":{"type":"Point","coordinates":[24.576849,46.53948]},"properties":{"n":"Centru Medical Gastroenterologie","k":"amenity","v":"hospital"}},{"type":"Feature","geometry":{"type":"Point","coordinates":[24.577192,46.539529]},"properties":{"n":"Centrul Alma Medical","k":"amenity","v":"hospital","ph":"+40-265-255255","w":"http://www.almamedical.ro/"}},{"type":"Feature","geometry":{"type":"Point","coordinates":[24.578147,46.535165]},"properties":{"n":"Red Corner","k":"amenity","v":"pub"}},{"type":"Feature","geometry":{"type":"Point","coordinates":[24.578239,46.535364]},"properties":{"n":"Casa Mureșană","k":"amenity","v":"restaurant","st":"Strada Busuiocului","hn":"6-7","ph":"+40-365-882756","w":"https://casamuresana.ro/","cu":"pizza"}},{"type":"Feature","geometry":{"type":"Point","coordinates":[24.582072,46.536771]},"properties":{"n":"Codekbyte","k":"amenity","v":"office","oh":"Mo-Fr 07:00-16:00 GMT","w":"https://codekbyte.com/"}},{"type":"Feature","geometry":{"type":"Point","coordinates":[24.577776,46.540048]},"properties":{"n":"Service eșapament catalizatoare","k":"shop","v":"car_repair","alt":["sc. Kerub srl."],"st":"Strada Negoiului","hn":"15","oh":"Mo-Fr 08:00-17:00","ph":"+40-740-208999"}},{"type":"Feature","geometry":{"type":"Point","coordinates":[24.578157,46.535505]},"properties":{"n":"Drogheria","k":"shop","v":"herbalist"}},{"type":"Feature","geometry":{"type":"Point","coordinates":[24.578334,46.535202]},"properties":{"n":"Caffe Bar Holly","k":"amenity","v":"pub"}},{"type":"Feature","geometry":{"type":"Point","coordinates":[24.578127,46.535557]},"properties":{"n":"Timko","k":"shop","v":"bakery"}},{"type":"Feature","geometry":{"type":"Point","coordinates":[24.578528,46.535254]},"properties":{"n":"Kovács pékség","k":"shop","v":"bakery","alt":["Brutăria Kovács"]}},{"type":"Feature","geometry":{"type":"Point","coordinates":[24.578211,46.535413]},"properties":{"n":"Ecofarmacia","k":"amenity","v":"pharmacy","w":"https://www.ecofarmacia.ro/"}},{"type":"Feature","geometry":{"type":"Point","coordinates":[24.577151,46.539206]},"properties":{"n":"Atelierul de Bunătăți","k":"shop","v":"pastry","st":"Bulevardul 1 Decembrie 1918","hn":"159","oh":"Mo-Fr 08:00-19:00; Sa 09:00-15:00","ph":"+40265708418","w":"https://www.atelieruldebunatati.ro/"}},{"type":"Feature","geometry":{"type":"Point","coordinates":[24.576291,46.537936]},"properties":{"n":"Digitalrock.ro","k":"office","v":"it","w":"https://www.digitalrock.ro/"}},{"type":"Feature","geometry":{"type":"Point","coordinates":[24.580407,46.534242]},"properties":{"n":"Fundația Alpha Transilvană","k":"office","v":"foundation","st":"Aleea Vrancea","hn":"1","ph":"+40265257057","w":"https://www.alphatransilvana.ro/"}},{"type":"Feature","geometry":{"type":"Point","coordinates":[24.577178,46.538901]},"properties":{"n":"Bijuteria Demeter","k":"shop","v":"jewelry","st":"Bulevardul 1 Decembrie 1918","hn":"140","oh":"Mo-Fr 09:00-17:00","ph":"+40753382012","w":"https://bijuteriademeter.ro/"}},{"type":"Feature","geometry":{"type":"Point","coordinates":[24.577508,46.538883]},"properties":{"n":"MDM Auto Parts","k":"shop","v":"car_parts","st":"Bulevardul 1 Decembrie 1918","hn":"140","oh":"Mo-Fr 09:00-17:00; Sa 09:00-13:00","ph":"+40743808208"}},{"type":"Feature","geometry":{"type":"Point","coordinates":[24.580698,46.536677]},"properties":{"n":"Elixir Cosmetics","k":"shop","v":"cosmetics","st":"Bulevardul 1 Decembrie 1918","hn":"158","oh":"Mo-Fr 10:00-18:00","ph":"+40730591997","w":"https://elixircosmetics.ro/"}},{"type":"Feature","geometry":{"type":"Point","coordinates":[24.580803,46.536383]},"properties":{"n":"CanValy","k":"shop","v":"florist","st":"Bulevardul 1 Decembrie 1918","hn":"160","oh":"Mo-Sa 09:00-18:00","ph":"+40760941265","w":"https://floraria-canvaly.business.site"}},{"type":"Feature","geometry":{"type":"Point","coordinates":[24.582517,46.535882]},"properties":{"n":"Contessa","k":"shop","v":"clothes","st":"Bulevardul 1 Decembrie 1918","hn":"213","oh":"Mo-Fr 09:00-20:00; Sa 09:00-14:00"}},{"type":"Feature","geometry":{"type":"Point","coordinates":[24.582484,46.535931]},"properties":{"n":"Elcom Impex","k":"shop","v":"electronics","st":"Bulevardul 1 Decembrie 1918","hn":"229","oh":"Mo-Fr 09:00-16:00","ph":"+40760609984"}},{"type":"Feature","geometry":{"type":"Point","coordinates":[24.582407,46.536029]},"properties":{"n":"5 to go","k":"amenity","v":"cafe","st":"Bulevardul 1 Decembrie 1918","hn":"213","oh":"Mo-Fr 07:00-19:00","ph":"+40756712122","w":"https://fivetogo.ro/","cu":"coffee_shop"}},{"type":"Feature","geometry":{"type":"Point","coordinates":[24.582067,46.536275]},"properties":{"n":"Studio 77","k":"craft","v":"photographic_laboratory","st":"Bulevardul 1 Decembrie 1918","hn":"209","oh":"Mo-Fr 08:00-20:00; Sa 10:00-15:00","ph":"+40771386639","w":"https://studio77.ro/"}},{"type":"Feature","geometry":{"type":"Point","coordinates":[24.582004,46.536387]},"properties":{"n":"Centrul Medical Provisan","k":"amenity","v":"clinic","st":"Bulevardul 1 Decembrie 1918","hn":"209/1","oh":"Mo-Th 07:00-20:00; Fr 07:00-18:00","ph":"+40265257735","w":"https://www.provisan.ro/"}},{"type":"Feature","geometry":{"type":"Point","coordinates":[24.581455,46.536714]},"properties":{"n":"Piticot","k":"shop","v":"clothes","st":"Bulevardul 1 Decembrie 1918","hn":"201","oh":"Mo-Fr 09:00-20:00; Sa 09:00-15:00","ph":"+40744394159"}},{"type":"Feature","geometry":{"type":"Point","coordinates":[24.581282,46.536886]},"properties":{"n":"Caius","k":"shop","v":"clothes","st":"Bulevardul 1 Decembrie 1918","hn":"199","oh":"Mo-Fr 09:00-21:00; Sa 09:00-15:00"}},{"type":"Feature","geometry":{"type":"Point","coordinates":[24.581182,46.536968]},"properties":{"n":"Casa Pariurilor","k":"shop","v":"bookmaker","st":"Bulevardul 1 Decembrie 1918","hn":"199","oh":"10:00-22:00","ph":"+40212321048","w":"https://www.casapariurilor.ro/"}},{"type":"Feature","geometry":{"type":"Point","coordinates":[24.581094,46.537039]},"properties":{"n":"Bioplant","k":"amenity","v":"pharmacy","st":"Bulevardul 1 Decembrie 1918","hn":"197","oh":"Mo-Fr 09:00-20:00; Sa 09:00-14:00","ph":"+40265241076","w":"https://www.bioplant.com.ro/"}},{"type":"Feature","geometry":{"type":"Point","coordinates":[24.580694,46.537351]},"properties":{"n":"Adelys Studio","k":"shop","v":"beauty","st":"Bulevardul 1 Decembrie 1918","hn":"191","ph":"+40744956771"}},{"type":"Feature","geometry":{"type":"Point","coordinates":[24.58023,46.537709]},"properties":{"n":"Beauty&Infrashape Studio","k":"leisure","v":"fitness_centre","st":"Bulevardul 1 Decembrie 1918","hn":"187","ph":"+40771230526","w":"https://bisstudio.ro/"}},{"type":"Feature","geometry":{"type":"Point","coordinates":[24.579585,46.538185]},"properties":{"n":"TEXTILE house","k":"shop","v":"clothes","st":"Bulevardul 1 Decembrie 1918","hn":"181","oh":"Mo-Fr 10:00-19:00; Sa 10:00-16:00","w":"https://www.textilehouse.ro"}},{"type":"Feature","geometry":{"type":"Point","coordinates":[24.579474,46.538255]},"properties":{"n":"Gold Gym","k":"leisure","v":"fitness_centre","st":"Bulevardul 1 Decembrie 1918","hn":"179","oh":"Mo-Fr 07:00-22:00; Sa 08:00-18:00","ph":"+40365424490","w":"https://gold-gym.ro/"}},{"type":"Feature","geometry":{"type":"Point","coordinates":[24.578536,46.538897]},"properties":{"n":"Zip Cafe&Garden","k":"amenity","v":"restaurant","st":"Bulevardul 1 Decembrie 1918","hn":"167","oh":"Mo-Su 10:00-24:00","cu":"pizza;regional;international"}},{"type":"Feature","geometry":{"type":"Point","coordinates":[24.578392,46.538949]},"properties":{"n":"Freesport","k":"shop","v":"sports","st":"Bulevardul 1 Decembrie 1918","hn":"165A","oh":"Mo-Fr 10:00-18:00; Sa 09:00-14:00","ph":"+40265250310","w":"https://www.freesport.ro/"}},{"type":"Feature","geometry":{"type":"Point","coordinates":[24.576995,46.539191]},"properties":{"n":"Edepres","k":"shop","v":"car_parts","st":"Bulevardul 1 Decembrie 1918","hn":"1","oh":"Mo-Fr 08:00-17:00; Sa 09:00-13:00","ph":"+40265260401","w":"https://www.edepres.ro/"}},{"type":"Feature","geometry":{"type":"Point","coordinates":[24.576133,46.539406]},"properties":{"n":"Orhideea","k":"shop","v":"florist","st":"Strada Alexandru Papiu Ilarian","hn":"64","oh":"Mo-Fr 09:00-16:00; Sa 09:00-14:00","ph":"+40744926687"}},{"type":"Feature","geometry":{"type":"Point","coordinates":[24.57664,46.539144]},"properties":{"n":"Sushi Master","k":"amenity","v":"fast_food","st":"Bulevardul 1 Decembrie 1918","hn":"22","oh":"Mo-Su 10:00-22:00","ph":"0219148","w":"https://sushimaster.ro","cu":"sushi"}},{"type":"Feature","geometry":{"type":"Point","coordinates":[24.577099,46.539201]},"properties":{"n":"Bella casa","k":"shop","v":"doors","st":"Bulevardul 1 Decembrie 1918","hn":"138","oh":"Mo-Fr 10:00-18:00","w":"https://www.bellacasa.ro/"}},{"type":"Feature","geometry":{"type":"Point","coordinates":[24.578912,46.5387]},"properties":{"n":"Thai Kitchen","k":"amenity","v":"restaurant","st":"Bulevardul 1 Decembrie 1918","hn":"171","oh":"Mo-Th 11:00-21:00; Fr 11:00-22:00; Sa 12:00-22:00; Su 12:00-21:00","ph":"0365455788","w":"https://www.thaikitchen.ro/","cu":"thai"}},{"type":"Feature","geometry":{"type":"Point","coordinates":[24.580521,46.53948]},"properties":{"n":"MCA Health Care","k":"amenity","v":"clinic","st":"Strada Lalelelor","hn":"25","oh":"Mo-Th 07:00-19:00","ph":"0365882747"}},{"type":"Feature","geometry":{"type":"Point","coordinates":[24.579985,46.537887]},"properties":{"n":"Centrul de Espressoare","k":"shop","v":"appliance","st":"Bulevardul 1 Decembrie 1918","hn":"185","oh":"Mo-Fr 09:00-17:00","ph":"+40740354177","w":"https://centruldeespressoare.ro/"}},{"type":"Feature","geometry":{"type":"Point","coordinates":[24.579981,46.537315]},"properties":{"n":"ZukaTrend Salon","k":"shop","v":"beauty","st":"Bulevardul 1 Decembrie 1918","hn":"152"}},{"type":"Feature","geometry":{"type":"Point","coordinates":[24.580946,46.537168]},"properties":{"n":"Spa Shoes","k":"shop","v":"shoe_repair","st":"Bulevardul 1 Decembrie 1918","hn":"197","oh":"Mo-Th 10:00-19:00; Fr 10:00-17:00","ph":"+40790660711","w":"https://spashoes.ro/"}},{"type":"Feature","geometry":{"type":"Point","coordinates":[24.582435,46.535352]},"properties":{"n":"Salonul Nunta Perfectă","k":"shop","v":"clothes","st":"Strada Bucinului","hn":"5","oh":"Mo-Fr 10:00-18:00","ph":"+40740263595"}},{"type":"Feature","geometry":{"type":"Point","coordinates":[24.583998,46.535071]},"properties":{"n":"Banca Transilvania","k":"amenity","v":"bank","alt":["Transilvania Bank"],"st":"Bulevardul 1 Decembrie 1918","hn":"219","oh":"Mo-Fr 09:00-17:00","ph":"+40-265-256254","w":"https://www.bancatransilvania.ro/"}},{"type":"Feature","geometry":{"type":"Point","coordinates":[24.584012,46.535445]},"properties":{"n":"ING","k":"amenity","v":"bank","oh":"Mo-Fr 09:30-18:00;Sa 09:30-13:30","ph":"+40-365-406921","w":"https://ing.ro/"}},{"type":"Feature","geometry":{"type":"Point","coordinates":[24.584112,46.535581]},"properties":{"n":"Raiffeisen Bank","k":"amenity","v":"bank","oh":"Mo-Fr 09:00-17:30","ph":"+40-265-703780","w":"https://www.raiffeisen.ro/"}},{"type":"Feature","geometry":{"type":"Point","coordinates":[24.584217,46.534976]},"properties":{"n":"BRD","k":"amenity","v":"bank","st":"Bulevardul 1 Decembrie 1918","hn":"221","oh":"Mo-Fr 09:00-17:00","ph":"+40-265-257174","w":"https://www.brd.ro/"}},{"type":"Feature","geometry":{"type":"Point","coordinates":[24.584083,46.535036]},"properties":{"n":"Profi","k":"shop","v":"supermarket","alt":["Profi Rom Food"],"st":"Bulevardul 1 Decembrie 1918","hn":"221","oh":"Mo-Sa 07:00-22:00; Su 08:00-22:00","ph":"+40 741 056 181;+40 741 294 199;+40741056181;0741056181","w":"https://www.profi.ro/"}},{"type":"Feature","geometry":{"type":"Point","coordinates":[24.583881,46.535131]},"properties":{"n":"Dr. Max","k":"amenity","v":"pharmacy","st":"Bulevardul 1 Decembrie 1918","hn":"219","oh":"Mo-Fr 08:00-20:00; Sa 08:00-15:00","ph":"+40726301369","w":"https://www.drmax.ro/"}},{"type":"Feature","geometry":{"type":"Point","coordinates":[24.583925,46.53459]},"properties":{"n":"Richter","k":"amenity","v":"pharmacy"}},{"type":"Feature","geometry":{"type":"Point","coordinates":[24.583671,46.534697]},"properties":{"n":"Ropharma","k":"amenity","v":"pharmacy"}},{"type":"Feature","geometry":{"type":"Point","coordinates":[24.583586,46.534732]},"properties":{"n":"Farmacia Dona","k":"amenity","v":"pharmacy","st":"Bulevardul 1 Decembrie 1918","hn":"180","oh":"Mo-Fr 07:00-22:00; Sa-Su 09:00-22:00","ph":"+40372401253","w":"https://farmaciiledona.ro"}},{"type":"Feature","geometry":{"type":"Point","coordinates":[24.583302,46.53545]},"properties":{"n":"Carrefour Market","k":"shop","v":"supermarket","st":"Bulevardul 1 Decembrie 1918","hn":"217","oh":"Mo-Su 07:00-22:00","ph":"+40374460954","w":"https://carrefour.ro/"}},{"type":"Feature","geometry":{"type":"Point","coordinates":[24.584221,46.535677]},"properties":{"n":"Novofarm","k":"amenity","v":"pharmacy"}},{"type":"Feature","geometry":{"type":"Point","coordinates":[24.58386,46.535201]},"properties":{"n":"Petry","k":"shop","v":"butcher","st":"Bulevardul 1 Decembrie 1918","hn":"219","oh":"Mo-Fr 08:00-20:00; Sa 08:00-15:00","ph":"+40734730377","w":"http://www.petry.ro/"}},{"type":"Feature","geometry":{"type":"Point","coordinates":[24.583092,46.534392]},"properties":{"n":"Digi","k":"shop","v":"telecommunication","st":"Strada Sârguinței","hn":"1","oh":"Mo-Fr 09:00-18:00; Sa 09:00-14:00","w":"http://www.rcs-rds.ro/"}},{"type":"Feature","geometry":{"type":"Point","coordinates":[24.58596,46.534168]},"properties":{"n":"MagicPC","k":"shop","v":"computer","st":"Bulevardul 1 Decembrie 1918","hn":"235","oh":"Mo-Fr 08:30-16:30","ph":"+40786227655","w":"https://www.magicpc.ro/"}},{"type":"Feature","geometry":{"type":"Point","coordinates":[24.584146,46.534497]},"properties":{"n":"Catena","k":"amenity","v":"pharmacy","w":"https://www.catena.ro/"}},{"type":"Feature","geometry":{"type":"Point","coordinates":[24.583724,46.535785]},"properties":{"n":"Rexo Coffee","k":"amenity","v":"pub","oh":"24/7","ph":"+40-748-250000","w":"http://www.relax-zone.ro/"}},{"type":"Feature","geometry":{"type":"Point","coordinates":[24.583286,46.534642]},"properties":{"n":"GranPan D'or","k":"shop","v":"pastry","st":"Bulevardul Pandurilor","hn":"114-116","oh":"Mo-Fr 08:00-20:00; Sa 10:00-20:00","ph":"+40725808974"}},{"type":"Feature","geometry":{"type":"Point","coordinates":[24.584253,46.535714]},"properties":{"n":"Eldi","k":"shop","v":"bakery"}},{"type":"Feature","geometry":{"type":"Point","coordinates":[24.58401,46.534554]},"properties":{"n":"Orange","k":"shop","v":"mobile_phone","st":"Bulevardul 1 Decembrie 1918","hn":"221","oh":"Mo-Fr 08:30-19:30; Sa 09:00-14:00","ph":"+40212033033","w":"https://www.orange.ro/"}},{"type":"Feature","geometry":{"type":"Point","coordinates":[24.583393,46.534759]},"properties":{"n":"Club Mirage","k":"leisure","v":"adult_gaming_centre","st":"Bulevardul Pandurilor","hn":"114","oh":"24/7"}},{"type":"Feature","geometry":{"type":"Point","coordinates":[24.584614,46.537303]},"properties":{"n":"Farmacia Primula Gyogyszertár","k":"amenity","v":"pharmacy","st":"Strada Înfrățirii","hn":"14","oh":"Mo-Su 08:00-21:00"}},{"type":"Feature","geometry":{"type":"Point","coordinates":[24.588266,46.538518]},"properties":{"n":"Darina","k":"shop","v":"supermarket"}},{"type":"Feature","geometry":{"type":"Point","coordinates":[24.585877,46.536583]},"properties":{"n":"C.M.I Ciuchină Maria-Magdalena","k":"amenity","v":"doctors","st":"Strada Viitorului","hn":"5-7","ph":"+40365447427"}},{"type":"Feature","geometry":{"type":"Point","coordinates":[24.586569,46.536233]},"properties":{"n":"Insedo","k":"shop","v":"art","st":"Strada Viitorului","hn":"15","oh":"Mo-Fr 08:00-17:00","ph":"+40745641193"}},{"type":"Feature","geometry":{"type":"Point","coordinates":[24.583743,46.534674]},"properties":{"n":"BCR","k":"amenity","v":"bank","alt":["Banca Comercială Română"],"st":"Bulevardul 1 Decembrie 1918","hn":"180","oh":"Mo-Fr 09:00-17:00","ph":"+40373522709","w":"https://www.bcr.ro"}},{"type":"Feature","geometry":{"type":"Point","coordinates":[24.584567,46.534393]},"properties":{"n":"AnyFlora","k":"shop","v":"florist","st":"Bulevardul 1 Decembrie 1918","hn":"186","oh":"Mo-Fr 08:30-19:30; Sa 08:30-18:00; Su 09:00-15:00","ph":"+40742692079"}},{"type":"Feature","geometry":{"type":"Point","coordinates":[24.584857,46.534251]},"properties":{"n":"Peneș Curcanul","k":"shop","v":"butcher","st":"Bulevardul 1 Decembrie 1918","hn":"188","oh":"Mo-Fr 09:00-17:00; Sa 09:00-13:00","w":"https://www.penes.ro/"}},{"type":"Feature","geometry":{"type":"Point","coordinates":[24.586226,46.534088]},"properties":{"n":"Weer","k":"shop","v":"shoes","st":"Bulevardul 1 Decembrie 1918","hn":"239","oh":"Mo-Fr 10:00-20:00"}},{"type":"Feature","geometry":{"type":"Point","coordinates":[24.58605,46.534134]},"properties":{"n":"Timko","k":"shop","v":"bakery","st":"Bulevardul 1 Decembrie 1918","hn":"239","oh":"Mo-Sa 05:30-21:00","ph":"+40756128307"}},{"type":"Feature","geometry":{"type":"Point","coordinates":[24.584689,46.534715]},"properties":{"n":"Denta Aur","k":"amenity","v":"dentist","st":"Bulevardul 1 Decembrie 1918","hn":"202","oh":"Mo-Fr 08:00-19:00; Sa 09:00-13:00","ph":"+40365443200"}},{"type":"Feature","geometry":{"type":"Point","coordinates":[24.584682,46.534948]},"properties":{"n":"C.M.I Florea Anca","k":"amenity","v":"dentist","st":"Bulevardul 1 Decembrie 1918","hn":"223","oh":"Mo 14:00-20:00; Tu 09:00-14:00; We 14:00-20:00; Th-Fr 09:00-14:00","ph":"+40745017058"}},{"type":"Feature","geometry":{"type":"Point","coordinates":[24.584437,46.535037]},"properties":{"n":"Bar Angela","k":"amenity","v":"bar","st":"Bulevardul 1 Decembrie 1918","hn":"221","oh":"07:00-22:00"}},{"type":"Feature","geometry":{"type":"Point","coordinates":[24.583155,46.534472]},"properties":{"n":"Timko","k":"shop","v":"bakery","st":"Bulevardul Pandurilor","hn":"114","oh":"Mo-Fr 05:00-21:00; Sa 05:30-17:00"}},{"type":"Feature","geometry":{"type":"Point","coordinates":[24.583252,46.534605]},"properties":{"n":"Laborator Emanuela","k":"shop","v":"confectionery","st":"Bulevardul Pandurilor","hn":"114","ph":"+40786217772"}},{"type":"Feature","geometry":{"type":"Point","coordinates":[24.583331,46.534679]},"properties":{"n":"CEC Bank","k":"amenity","v":"atm"}},{"type":"Feature","geometry":{"type":"Point","coordinates":[24.584037,46.536126]},"properties":{"n":"Maria","k":"shop","v":"florist","st":"Strada Înfrățirii","hn":"7","oh":"08:00-20:00","ph":"+40745781605"}},{"type":"Feature","geometry":{"type":"Point","coordinates":[24.583807,46.536259]},"properties":{"n":"Elnicron","k":"shop","v":"computer","st":"Strada Armoniei","hn":"7","oh":"Mo-Fr 08:00-16:30","ph":"+40265255900","w":"https://www.elnicron.ro/"}},{"type":"Feature","geometry":{"type":"Point","coordinates":[24.583126,46.536789]},"properties":{"n":"Digimax","k":"shop","v":"computer","st":"Strada Armoniei","hn":"10","ph":"+40265250335","w":"https://www.digimax.ro/"}},{"type":"Feature","geometry":{"type":"Point","coordinates":[24.582712,46.537127]},"properties":{"n":"Avon","k":"shop","v":"cosmetics","st":"Strada Armoniei","hn":"17","oh":"Mo-Fr 08:00-20:00","ph":"+40745133744"}},{"type":"Feature","geometry":{"type":"Point","coordinates":[24.582605,46.536856]},"properties":{"n":"Muntean Mihaela","k":"office","v":"lawyer","st":"Strada Armoniei","hn":"5","ph":"+40741127622"}},{"type":"Feature","geometry":{"type":"Point","coordinates":[24.585133,46.53454]},"properties":{"n":"Brutăria Pilcoop Pékség","k":"shop","v":"bakery","st":"Bulevardul 1 Decembrie 1918","hn":"227","oh":"Mo-Fr 08:00-17:00; Sa 08:00-15:00","ph":"0771661463","w":"https://www.pilcoop.ro/"}},{"type":"Feature","geometry":{"type":"Point","coordinates":[24.585398,46.534408]},"properties":{"n":"Phone Service","k":"craft","v":"electronics_repair","st":"Bulevardul 1 Decembrie 1918","hn":"229","oh":"Mo-Fr 10:30-18:00","ph":"0724446333"}},{"type":"Feature","geometry":{"type":"Point","coordinates":[24.585473,46.534386]},"properties":{"n":"BGS Amanet & Exchange","k":"shop","v":"pawnbroker","st":"Bulevardul 1 Decembrie 1918","hn":"225","oh":"Mo-Fr 07:15-20:45","ph":"0751220977","w":"https://www.amanet.ro/"}},{"type":"Feature","geometry":{"type":"Point","coordinates":[24.584401,46.539348]},"properties":{"n":"Crown Coffee To Go","k":"amenity","v":"cafe","st":"Strada Înfrățirii","hn":"27","oh":"Mo-Fr 07:30-18:00; Sa 09:00-15:00","ph":"+40770734474","w":"https://crowncoffee.ro/","cu":"coffee_shop"}},{"type":"Feature","geometry":{"type":"Point","coordinates":[24.584139,46.53772]},"properties":{"n":"Dental Clinic Vajda","k":"amenity","v":"dentist","st":"Strada Armoniei","hn":"45","oh":"Mo-Th 09:00-21:00; Fr 09:00-14:00","ph":"+40265249077"}},{"type":"Feature","geometry":{"type":"Point","coordinates":[24.587834,46.537205]},"properties":{"n":"Unochim Supplies","k":"office","v":"surveyor","st":"Strada Rodniciei","hn":"47","oh":"Mo-Fr 07:30-20:00","ph":"+40753754605","w":"https://unochim.ro/"}},{"type":"Feature","geometry":{"type":"Point","coordinates":[24.588764,46.536137]},"properties":{"n":"Centru de sticlă","k":"craft","v":"glaziery","alt":["Primer Electro SRL"],"st":"Strada Progresului","hn":"2C","ph":"+40 265 248 430","w":"https://centrudesticla.ro/"}},{"type":"Feature","geometry":{"type":"Point","coordinates":[24.583927,46.539001]},"properties":{"n":"Tudor City BicyCool","k":"shop","v":"bicycle","oh":"Mo-Fr 09:00-18:00","ph":"0771547065","w":"https://www.facebook.com/TudorCityBicyCool"}},{"type":"Feature","geometry":{"type":"Point","coordinates":[24.586344,46.534008]},"properties":{"n":"Doctor PC Digital Solutions","k":"shop","v":"computer","st":"Bulevardul 1 Decembrie 1918","hn":"237","oh":"Mo-Fr 09:00-18:00","ph":"+40770767226","w":"https://shop.doctor-pc.ro/"}},{"type":"Feature","geometry":{"type":"Point","coordinates":[24.586134,46.54657]},"properties":{"n":"Casa Adria","k":"tourism","v":"hotel","st":"Strada Verii","hn":"49","ph":"+40-265-250544","w":"http://www.casa-adria.ro/"}},{"type":"Feature","geometry":{"type":"Point","coordinates":[24.545979,46.552683]},"properties":{"n":"Moove","k":"leisure","v":"sports_centre","st":"Strada Potopului","hn":"10","ph":"+40747835624"}},{"type":"Feature","geometry":{"type":"Point","coordinates":[24.546987,46.553229]},"properties":{"n":"Ispite Dulci","k":"shop","v":"pastry","st":"Strada Potopului","hn":"2","oh":"Mo-Fr 10:00-18:00; Sa 09:00-13:00","ph":"+40744534478","w":"http://www.ispitedulci.ro/"}},{"type":"Feature","geometry":{"type":"Point","coordinates":[24.546811,46.550667]},"properties":{"n":"Construct Mapcom","k":"office","v":"construction_company","st":"Strada Insulei","hn":"1","ph":"0265215021"}},{"type":"Feature","geometry":{"type":"Point","coordinates":[24.546772,46.549004]},"properties":{"n":"Intaro Sport","k":"club","v":"sport"}},{"type":"Feature","geometry":{"type":"Point","coordinates":[24.54591,46.548931]},"properties":{"n":"Amicii Club","k":"club","v":"sport"}},{"type":"Feature","geometry":{"type":"Point","coordinates":[24.540783,46.555731]},"properties":{"n":"OrtoProfil","k":"shop","v":"medical_supply","st":"Strada Podeni","hn":"44A","oh":"Mo-Fr 09:00-15:30","ph":"+40265208500","w":"https://ortoprofil.ro/"}},{"type":"Feature","geometry":{"type":"Point","coordinates":[24.548803,46.559524]},"properties":{"n":"Brutăria Eldi Pékség","k":"shop","v":"bakery","st":"Strada Voinicenilor","hn":"54A","oh":"Mo-Fr 06:00-20:00; Sa 07:00-17:00","ph":"0742179488","w":"http://www.eldi.ro/"}},{"type":"Feature","geometry":{"type":"Point","coordinates":[24.545439,46.557568]},"properties":{"n":"Oficiul Poștal nr. 4","k":"amenity","v":"post_office","st":"Strada Burebista","hn":"12","oh":"Mo-Fr 08:00-19:00","ph":"+40-265-314283","w":"https://www.posta-romana.ro/"}},{"type":"Feature","geometry":{"type":"Point","coordinates":[24.545594,46.557862]},"properties":{"n":"Banca Transilvania","k":"amenity","v":"bank","alt":["Transilvania Bank"],"st":"Strada Decebal","hn":"6","oh":"Mo-Fr 09:00-17:00","ph":"+40-265-313180","w":"https://www.bancatransilvania.ro/"}},{"type":"Feature","geometry":{"type":"Point","coordinates":[24.548025,46.55782]},"properties":{"n":"Dr. Wheel","k":"shop","v":"car_repair","st":"Strada Tisei","hn":"21","oh":"Mo-Fr 08:00-18:00","ph":"+40-365-882743","w":"https://www.drwheel.ro/"}},{"type":"Feature","geometry":{"type":"Point","coordinates":[24.546813,46.557026]},"properties":{"n":"Farmacia Unirii","k":"amenity","v":"hospital"}},{"type":"Feature","geometry":{"type":"Point","coordinates":[24.547301,46.555713]},"properties":{"n":"Hotel Tempo","k":"tourism","v":"hotel"}},{"type":"Feature","geometry":{"type":"Point","coordinates":[24.547913,46.559838]},"properties":{"n":"Timko","k":"shop","v":"bakery"}},{"type":"Feature","geometry":{"type":"Point","coordinates":[24.547479,46.559577]},"properties":{"n":"Ropharma","k":"amenity","v":"pharmacy","st":"Strada Decebal","hn":"38-40","oh":"Mo-Fr 08:00-20:00, Sa 09:00-14:00"}},{"type":"Feature","geometry":{"type":"Point","coordinates":[24.547754,46.559832]},"properties":{"n":"Help Net","k":"amenity","v":"pharmacy","st":"Strada Decebal","hn":"42"}},{"type":"Feature","geometry":{"type":"Point","coordinates":[24.547365,46.559399]},"properties":{"n":"Superbet","k":"shop","v":"bookmaker","alt":["Superbet Betting & Gaming SA"],"oh":"Mo-Su 10:00-22:00","ph":"+40 786 401 088","w":"https://www.superbet.ro/"}},{"type":"Feature","geometry":{"type":"Point","coordinates":[24.545308,46.558705]},"properties":{"n":"Aladin","k":"shop","v":"furniture","st":"Strada Bărăganului","hn":"33","oh":"Mo-Fr 09:00-17:00; Sa 09:00-13:00","ph":"+40743120592"}},{"type":"Feature","geometry":{"type":"Point","coordinates":[24.546925,46.558937]},"properties":{"n":"Brutăria Kovacs","k":"shop","v":"bakery","st":"Strada Decebal","hn":"28"}},{"type":"Feature","geometry":{"type":"Point","coordinates":[24.545676,46.557944]},"properties":{"n":"Inovia","k":"shop","v":"clothes","st":"Strada Decebal","hn":"6","oh":"Mo-Fr 10:00-18:00; Sat 10:00-16:00"}},{"type":"Feature","geometry":{"type":"Point","coordinates":[24.54543,46.558558]},"properties":{"n":"Sprint Car Wash","k":"amenity","v":"car_wash","st":"Strada Bărăganului"}},{"type":"Feature","geometry":{"type":"Point","coordinates":[24.547605,46.559748]},"properties":{"n":"CEC Bank","k":"amenity","v":"bank","st":"Strada Decebal","hn":"42"}},{"type":"Feature","geometry":{"type":"Point","coordinates":[24.545482,46.557793]},"properties":{"n":"The Elephant House","k":"amenity","v":"cafe","st":"Strada Decebal","hn":"4","oh":"Mo-Fr 06:00-18:00; Sat-Su 09:00-16:00"}},{"type":"Feature","geometry":{"type":"Point","coordinates":[24.545306,46.557616]},"properties":{"n":"Las Vegas Games","k":"amenity","v":"casino","st":"Strada Decebal","hn":"2","oh":"24/7"}},{"type":"Feature","geometry":{"type":"Point","coordinates":[24.545368,46.557662]},"properties":{"n":"EasyBox Univam","k":"amenity","v":"parcel_locker","alt":["easybox","Sameday"]}},{"type":"Feature","geometry":{"type":"Point","coordinates":[24.545534,46.55852]},"properties":{"n":"EasyBox Sprint Car Wash","k":"amenity","v":"parcel_locker","alt":["easybox","Sameday"],"oh":"24/7"}},{"type":"Feature","geometry":{"type":"Point","coordinates":[24.547815,46.555974]},"properties":{"n":"easybox Floraria la Lenuta","k":"amenity","v":"parcel_locker","alt":["easybox","Sameday"]}},{"type":"Feature","geometry":{"type":"Point","coordinates":[24.547812,46.556005]},"properties":{"n":"GLS","k":"amenity","v":"parcel_locker"}},{"type":"Feature","geometry":{"type":"Point","coordinates":[24.548863,46.559499]},"properties":{"n":"Cafe Bar Unirii","k":"amenity","v":"bar","st":"Strada Voinicenilor","hn":"54A","oh":"Mo-Su 07:00-20:00"}},{"type":"Feature","geometry":{"type":"Point","coordinates":[24.556189,46.549172]},"properties":{"n":"Pensiunea Tempo","k":"tourism","v":"hotel","st":"Strada Morii","hn":"27","ph":"+40-265-213552","w":"https://www.tempo.ro/"}},{"type":"Feature","geometry":{"type":"Point","coordinates":[24.556115,46.548889]},"properties":{"n":"Restaurant Tempo","k":"amenity","v":"restaurant","st":"Strada Morii","hn":"27","ph":"+40-265-213552","cu":"regional"}},{"type":"Feature","geometry":{"type":"Point","coordinates":[24.554204,46.551667]},"properties":{"n":"Taxi Carpați","k":"amenity","v":"taxi"}},{"type":"Feature","geometry":{"type":"Point","coordinates":[24.550168,46.547527]},"properties":{"n":"Electro Light","k":"shop","v":"electrical","st":"Strada Tamás Ernő","hn":"1","oh":"Mo-Fr 08:00-17:00","ph":"0265208400","w":"https://www.electrolight.ro/"}},{"type":"Feature","geometry":{"type":"Point","coordinates":[24.550323,46.547817]},"properties":{"n":"Zeppelin bistro","k":"amenity","v":"pub","st":"Strada Tamás Ernő","hn":"1","ph":"+40-753-865974"}},{"type":"Feature","geometry":{"type":"Point","coordinates":[24.554961,46.550114]},"properties":{"n":"lnx","k":"office","v":"company","st":"Strada Morii","hn":"49"}},{"type":"Feature","geometry":{"type":"Point","coordinates":[24.550973,46.55231]},"properties":{"n":"Piața de vechituri","k":"amenity","v":"marketplace","alt":["Ócska piac","Piața Ocska"],"oh":"Sa-Su"}},{"type":"Feature","geometry":{"type":"Point","coordinates":[24.555017,46.550748]},"properties":{"n":"Timko","k":"shop","v":"bakery"}},{"type":"Feature","geometry":{"type":"Point","coordinates":[24.555405,46.550711]},"properties":{"n":"Palas Market","k":"shop","v":"convenience","alt":["Ponderosa S.R.L."]}},{"type":"Feature","geometry":{"type":"Point","coordinates":[24.54986,46.547446]},"properties":{"n":"LATERAL","k":"office","v":"it","st":"Strada Tamás Ernő","hn":"1","w":"https://www.lateral-inc.com/"}},{"type":"Feature","geometry":{"type":"Point","coordinates":[24.552562,46.552865]},"properties":{"n":"Biserica Harvest Mures","k":"amenity","v":"place_of_worship","alt":["Harvest Mures Church"]}},{"type":"Feature","geometry":{"type":"Point","coordinates":[24.553552,46.551547]},"properties":{"n":"Mara","k":"shop","v":"fishing","st":"Strada Uzinei","hn":"2","oh":"Mo-Fr 09:00-15:00","ph":"+40744572806"}},{"type":"Feature","geometry":{"type":"Point","coordinates":[24.555171,46.550758]},"properties":{"n":"Prisma Bar","k":"amenity","v":"bar","st":"Piața Matei Corvin","hn":"1","oh":"07:00-22:00"}},{"type":"Feature","geometry":{"type":"Point","coordinates":[24.554779,46.55054]},"properties":{"n":"Rockin' Bites","k":"amenity","v":"fast_food","st":"Piața Matei Corvin","hn":"3","oh":"Mo-Fr 10:00-22:00; Sa-Su 12:00-22:00","ph":"+40751395855","cu":"burger;sandwich;fast_food"}},{"type":"Feature","geometry":{"type":"Point","coordinates":[24.554636,46.550345]},"properties":{"n":"Danilacriss","k":"shop","v":"convenience","st":"Piața Matei Corvin","hn":"5","oh":"24/7"}},{"type":"Feature","geometry":{"type":"Point","coordinates":[24.554334,46.550743]},"properties":{"n":"Căsuța Bunicii","k":"amenity","v":"restaurant","st":"Piața Matei Corvin","hn":"2","oh":"10:00-22:00","ph":"+40265307011","cu":"regional;international"}},{"type":"Feature","geometry":{"type":"Point","coordinates":[24.554171,46.547657]},"properties":{"n":"Atelier Aitai","k":"shop","v":"clothes","st":"Strada Arany János","hn":"43","ph":"+40751785889"}},{"type":"Feature","geometry":{"type":"Point","coordinates":[24.555314,46.547662]},"properties":{"n":"Pink Post","k":"amenity","v":"post_office","st":"Strada Arany János","hn":"35","ph":"+40365435024","w":"https://www.pinkpost.ro/"}},{"type":"Feature","geometry":{"type":"Point","coordinates":[24.554188,46.55066]},"properties":{"n":"Pensiunea La Cupola","k":"tourism","v":"hotel","st":"Piața Matei Corvin","hn":"2","ph":"+40265307010"}},{"type":"Feature","geometry":{"type":"Point","coordinates":[24.553755,46.548046]},"properties":{"n":"Acvapur","k":"office","v":"water_utility","st":"Strada Cuza Vodă","hn":"66","oh":"Mo-Fr 09:00-17:00","ph":"+40732060772","w":"https://acvapur.ro"}},{"type":"Feature","geometry":{"type":"Point","coordinates":[24.555236,46.5513]},"properties":{"n":"Cocoșul de Aur","k":"amenity","v":"restaurant"}},{"type":"Feature","geometry":{"type":"Point","coordinates":[24.555472,46.551448]},"properties":{"n":"Cocoșul de Aur","k":"tourism","v":"hotel"}},{"type":"Feature","geometry":{"type":"Point","coordinates":[24.55385,46.551271]},"properties":{"n":"Distribuție Energie Electrică România","k":"office","v":"energy_supplier"}},{"type":"Feature","geometry":{"type":"Point","coordinates":[24.5532,46.550313]},"properties":{"n":"Electrica Furnizare","k":"office","v":"energy_supplier"}},{"type":"Feature","geometry":{"type":"Point","coordinates":[24.554539,46.54785]},"properties":{"n":"Procardia Gymnastic Club","k":"leisure","v":"fitness_centre","st":"Strada Arany János","hn":"46","oh":"Mo-Fr 07:00-19:00","ph":"0730545646","w":"https://www.procardia.org/"}},{"type":"Feature","geometry":{"type":"Point","coordinates":[24.556376,46.548898]},"properties":{"n":"Laci Csárda","k":"amenity","v":"restaurant","st":"Strada Morii","hn":"27","ph":"+40-265-213552","cu":"hungarian;regional"}},{"type":"Feature","geometry":{"type":"Point","coordinates":[24.55706,46.552148]},"properties":{"n":"Jazz & Blues Club","k":"amenity","v":"nightclub","st":"Strada Sinaia","hn":"3","w":"https://www.jbclub.ro/"}},{"type":"Feature","geometry":{"type":"Point","coordinates":[24.561113,46.54882]},"properties":{"n":"SVT Electronics","k":"office","v":"security","st":"Strada Dr. Knöpfler Vilmos","hn":"7","oh":"Mo-Fr 08:00-17:00","ph":"0365809305","w":"www.svt.ro"}},{"type":"Feature","geometry":{"type":"Point","coordinates":[24.556439,46.550033]},"properties":{"n":"PC Center","k":"shop","v":"computer","st":"Strada Călărașilor","hn":"87","oh":"Mo-Fr 10:00-18:00","ph":"+40-365-401069","w":"https://www.expertcompany.ro/"}},{"type":"Feature","geometry":{"type":"Point","coordinates":[24.562621,46.551844]},"properties":{"n":"Pizza Sole","k":"amenity","v":"restaurant","st":"Strada Pavel Chinezu","hn":"1","oh":"12:00-04:00","ph":"+40-265-216216","w":"http://www.pizzasole.ro/","cu":"pizza"}},{"type":"Feature","geometry":{"type":"Point","coordinates":[24.55732,46.551867]},"properties":{"n":"Casino City Slot","k":"leisure","v":"adult_gaming_centre","alt":["City Slot Casino"],"st":"Strada Sinaia","hn":"3","oh":"24/7"}},{"type":"Feature","geometry":{"type":"Point","coordinates":[24.557462,46.552286]},"properties":{"n":"Primo Hobby Creativ","k":"shop","v":"stationery","st":"Strada Sinaia","hn":"3","oh":"Mo-Fr 08:00-19:00; Sa 09:00-13:00","ph":"+40-747-112717","w":"https://www.arthobbycreativ.ro/"}},{"type":"Feature","geometry":{"type":"Point","coordinates":[24.557436,46.549086]},"properties":{"n":"Instaldi","k":"craft","v":"hvac","st":"Strada Călărașilor","hn":"67-69","oh":"Mo-Fr 08:00-17:00; Sa 08:00-12:00; Su,PH off","ph":"+40-265-210502","w":"http://www.instaldi.ro/"}},{"type":"Feature","geometry":{"type":"Point","coordinates":[24.562584,46.550315]},"properties":{"n":"Muzeul Județean Mureș","k":"tourism","v":"museum","alt":["Maros Megyei Múzeum","Mures County Museum"],"st":"Strada Mărăști","hn":"8A","oh":"Tu-Su 9:00-18:00 Apr-Sep; 9:00-16:00 Oct-Mar","ph":"0365-430.021","w":"http://muzeumures.ro/"}},{"type":"Feature","geometry":{"type":"Point","coordinates":[24.558855,46.547553]},"properties":{"n":"Sándor Petőfi","k":"historic","v":"memorial","alt":["Petőfi Sándor"]}},{"type":"Feature","geometry":{"type":"Point","coordinates":[24.560948,46.548693]},"properties":{"n":"Net Conf","k":"craft","v":"electronics_repair","st":"Strada Dr. Knöpfler Vilmos","hn":"7","oh":"Mo-Fr 08:00-17:00","ph":"0365455440","w":"https://www.netconf.ro/"}},{"type":"Feature","geometry":{"type":"Point","coordinates":[24.561228,46.547578]},"properties":{"n":"Poirot Café","k":"amenity","v":"cafe","cu":"regional;coffee_shop"}},{"type":"Feature","geometry":{"type":"Point","coordinates":[24.558086,46.547654]},"properties":{"n":"Ultratest","k":"healthcare","v":"laboratory","st":"Strada Arany János","hn":"4","oh":"Mo-Fr 07:30-17:00","ph":"0265250670","w":"http://ultratestms.ro"}},{"type":"Feature","geometry":{"type":"Point","coordinates":[24.561854,46.552322]},"properties":{"n":"Megatek","k":"shop","v":"electronics","st":"Piața Mărășești","hn":"11","oh":"Mo-Fr 09:00-17:30","ph":"+40745300202","w":"https://www.megatek.com.ro/"}},{"type":"Feature","geometry":{"type":"Point","coordinates":[24.557638,46.547459]},"properties":{"n":"Beauty Center by Corina Toma","k":"shop","v":"beauty","st":"Strada Arany János","hn":"9","ph":"+40746641063"}},{"type":"Feature","geometry":{"type":"Point","coordinates":[24.559019,46.547258]},"properties":{"n":"Germany Shop","k":"shop","v":"variety_store","st":"Strada Arany János","hn":"33","oh":"Mo-Fr 09:00-17:00; Sa 10:00-13:30"}},{"type":"Feature","geometry":{"type":"Point","coordinates":[24.558513,46.547568]},"properties":{"n":"Licitatii SICAP","k":"office","v":"consulting","st":"Strada Arany János","hn":"13/2","ph":"+40771776766","w":"https://www.licitatiisicap.ro"}},{"type":"Feature","geometry":{"type":"Point","coordinates":[24.561116,46.548794]},"properties":{"n":"TSense","k":"office","v":"it","st":"Strada Dr. Knöpfler Vilmos","hn":"9A","oh":"Mo-Fr 08:00-16:00","ph":"0365809305","w":"https://t-sense.io/"}},{"type":"Feature","geometry":{"type":"Point","coordinates":[24.560286,46.552424]},"properties":{"n":"Autocomplet Service","k":"shop","v":"car_repair","st":"Strada Pavel Chinezu","hn":"10","oh":"Mo-Fr 08:00-17:00; Sa 08:00-13:00","ph":"0743009148","w":"https://autocomplet.ro/"}},{"type":"Feature","geometry":{"type":"Point","coordinates":[24.559867,46.547473]},"properties":{"n":"Well Imobiliare","k":"office","v":"estate_agent","st":"Strada Călărașilor","hn":"40","oh":"Mo-Fr 10:00-18:00","ph":"+40265539840","w":"https://wellimob.ro/"}},{"type":"Feature","geometry":{"type":"Point","coordinates":[24.561267,46.547509]},"properties":{"n":"Salus Tehnomed","k":"shop","v":"medical_supply","st":"Strada Călărașilor","hn":"22","oh":"Mo -Fr 08:00-18:30; Sa 09:00-14:00","ph":"+40265214637","w":"https://www.salusmedical.ro/"}},{"type":"Feature","geometry":{"type":"Point","coordinates":[24.560907,46.548659]},"properties":{"n":"Prisma Solutions","k":"office","v":"graphic_design","st":"Strada Dr. Knöpfler Vilmos","hn":"7","oh":"Mo-Fr 09:00-17:00","ph":"+40754200054","w":"https://prismasolutions.ro/"}},{"type":"Feature","geometry":{"type":"Point","coordinates":[24.562579,46.546983]},"properties":{"n":"PRO TV","k":"amenity","v":"studio","st":"Strada Călărașilor","hn":"6-8","ph":"+40265266619","w":"https://www.protv.ro/"}},{"type":"Feature","geometry":{"type":"Point","coordinates":[24.557457,46.551931]},"properties":{"n":"Leo Epic Food","k":"amenity","v":"fast_food","st":"Strada Sinaia","hn":"3","ph":"0751934561"}},{"type":"Feature","geometry":{"type":"Point","coordinates":[24.557514,46.551953]},"properties":{"n":"Smasho","k":"amenity","v":"fast_food","st":"Strada Sinaia","hn":"3","ph":"0751934561"}},{"type":"Feature","geometry":{"type":"Point","coordinates":[24.558798,46.547973]},"properties":{"n":"Mezzoforte","k":"shop","v":"musical_instrument"}},{"type":"Feature","geometry":{"type":"Point","coordinates":[24.552768,46.556473]},"properties":{"n":"Black Diamond Fight","k":"leisure","v":"sports_centre","st":"Strada Mureșului","hn":"5","ph":"+40741651479","w":"http://www.blackdiamondfight.ro"}},{"type":"Feature","geometry":{"type":"Point","coordinates":[24.555562,46.556967]},"properties":{"n":"PC House","k":"craft","v":"electronics_repair","st":"Strada Mureșului","hn":"17","oh":"Mo-Th 08:00-16:30; Fr 08:00-16:00","ph":"+40365407924","w":"https://www.pchouse.ro/"}},{"type":"Feature","geometry":{"type":"Point","coordinates":[24.560636,46.55536]},"properties":{"n":"Oficiul Poștal nr. 6","k":"amenity","v":"post_office","st":"Aleea Carpați","hn":"41","oh":"Mo-Fr 08:00-19:00","ph":"+40-265-213204","w":"https://www.posta-romana.ro/"}},{"type":"Feature","geometry":{"type":"Point","coordinates":[24.558178,46.553709]},"properties":{"n":"Darina","k":"shop","v":"supermarket","st":"Aleea Carpați","hn":"29A","oh":"Mo-Su 07:00-21:00","ph":"+40265212850","w":"https://darina.ro/"}},{"type":"Feature","geometry":{"type":"Point","coordinates":[24.562278,46.556326]},"properties":{"n":"Extreme Caffe","k":"amenity","v":"bar","st":"Aleea Carpați","hn":"51","oh":"Mo-Fr 07:00-22:00; Sa-Su 08:00-22:00"}},{"type":"Feature","geometry":{"type":"Point","coordinates":[24.558438,46.553834]},"properties":{"n":"Roland Fruct","k":"shop","v":"greengrocer","st":"Aleea Carpați","hn":"29","oh":"Mo-Fr 08:00-19:00; Sa 08:00-14:00","ph":"+40740691850"}},{"type":"Feature","geometry":{"type":"Point","coordinates":[24.56214,46.5561]},"properties":{"n":"Timko","k":"shop","v":"bakery","st":"Aleea Carpați","hn":"49","oh":"Mo-Fr 05:30-21:00; Sa 05:30-17:00"}},{"type":"Feature","geometry":{"type":"Point","coordinates":[24.562058,46.556167]},"properties":{"n":"Aleea cu Flori","k":"shop","v":"florist","st":"Aleea Carpați","hn":"49","oh":"Mo-Su 09:00-18:00","ph":"+40771180087"}},{"type":"Feature","geometry":{"type":"Point","coordinates":[24.562564,46.556477]},"properties":{"n":"Millefolia","k":"amenity","v":"pharmacy","st":"Aleea Carpați","hn":"57","oh":"Mo-Fr 08:00-20:00; Sa 09:00-14:00"}},{"type":"Feature","geometry":{"type":"Point","coordinates":[24.562798,46.556606]},"properties":{"n":"18 Gym","k":"leisure","v":"fitness_centre","st":"Aleea Carpați","hn":"50","oh":"Mo-Fr 07:00-22:00; Sa 09:00-17:00; Su 10:00-18:00","ph":"+40772152376","w":"https://18gym.ro"}},{"type":"Feature","geometry":{"type":"Point","coordinates":[24.56066,46.555825]},"properties":{"n":"WebSoll","k":"office","v":"it","st":"Aleea Carpați","hn":"41","oh":"Mo-Fr 09:00-17:00","ph":"+40757042348","w":"https://websoll.com/"}},{"type":"Feature","geometry":{"type":"Point","coordinates":[24.542417,46.560446]},"properties":{"n":"Auto Cristal","k":"shop","v":"car_repair","st":"Strada Bărăganului","hn":"61","oh":"Mo-Fr 09:00-17:30; Sa 09:30-12:00","ph":"+40744843282"}},{"type":"Feature","geometry":{"type":"Point","coordinates":[24.545261,46.560298]},"properties":{"n":"Alecris","k":"shop","v":"convenience"}},{"type":"Feature","geometry":{"type":"Point","coordinates":[24.548115,46.563274]},"properties":{"n":"Darina","k":"shop","v":"supermarket","st":"Strada Voinicenilor","hn":"92","oh":"Mo-Su 07:00-22:00","ph":"0265313199","w":"http://darina.ro/"}},{"type":"Feature","geometry":{"type":"Point","coordinates":[24.545755,46.562294]},"properties":{"n":"Biserica Greco-Catolică Regina Sfântului Rozar","k":"amenity","v":"place_of_worship","alt":["Rózsafüzér Királynője görögkatolikus templom"],"st":"Strada Ciucului","hn":"18"}},{"type":"Feature","geometry":{"type":"Point","coordinates":[24.547401,46.5627]},"properties":{"n":"Day by Day","k":"shop","v":"convenience","st":"Strada Agricultorilor","hn":"1"}},{"type":"Feature","geometry":{"type":"Point","coordinates":[24.546513,46.560193]},"properties":{"n":"Frizeria Ta","k":"shop","v":"hairdresser","st":"Strada Petru Maior","hn":"8","oh":"Mo-Fr 10:00-19:00"}},{"type":"Feature","geometry":{"type":"Point","coordinates":[24.548254,46.563203]},"properties":{"n":"Gulden Exchange","k":"amenity","v":"bureau_de_change"}},{"type":"Feature","geometry":{"type":"Point","coordinates":[24.548326,46.5632]},"properties":{"n":"Terasa Viziru","k":"amenity","v":"bar"}},{"type":"Feature","geometry":{"type":"Point","coordinates":[24.546153,46.561945]},"properties":{"n":"Laborator Emanuela","k":"shop","v":"confectionery"}},{"type":"Feature","geometry":{"type":"Point","coordinates":[24.547709,46.561097]},"properties":{"n":"Puiul de Crăiești","k":"shop","v":"butcher","st":"Strada Voinicenilor","hn":"68","oh":"Mo-Fr 08:00-20:00; Sa 08:00-16:00","ph":"0265427650","w":"https://www.puiuldecraiesti.ro/"}},{"type":"Feature","geometry":{"type":"Point","coordinates":[24.547582,46.561793]},"properties":{"n":"IFN Sabion Amanet","k":"shop","v":"pawnbroker","st":"Strada Voinicenilor","hn":"67","oh":"Mo-Fr 09:00-18:00; Sa 09:00-14:00","ph":"0372745697","w":"http://samanet.ro/"}},{"type":"Feature","geometry":{"type":"Point","coordinates":[24.547646,46.562291]},"properties":{"n":"Magdolna's Flowers","k":"shop","v":"florist","st":"Strada Voinicenilor","hn":"77","oh":"Mo-Fr 08:00-20:00; Sa 09:00-20:00; Su 08:00-20:00"}},{"type":"Feature","geometry":{"type":"Point","coordinates":[24.547551,46.562599]},"properties":{"n":"Petry","k":"shop","v":"butcher","st":"Strada Voinicenilor","hn":"81","oh":"Mo-Fr 08:00-20:00; Sa 08:00-15:00","ph":"0734730369","w":"http://petry.ro/"}},{"type":"Feature","geometry":{"type":"Point","coordinates":[24.548251,46.563654]},"properties":{"n":"Catena","k":"amenity","v":"pharmacy","st":"Strada Voinicenilor","hn":"94","oh":"Mo-Fr 08:00-21:00; Sa 08:00-15:00; Su 08:00-14:00","ph":"0744318772","w":"http://www.catena.ro/"}},{"type":"Feature","geometry":{"type":"Point","coordinates":[24.547671,46.560729]},"properties":{"n":"Florăria Jázmin Virágbolt","k":"shop","v":"florist","st":"Strada Voinicenilor","hn":"64","oh":"Mo-Su 08:00-19:00","ph":"0758140085"}},{"type":"Feature","geometry":{"type":"Point","coordinates":[24.547137,46.563298]},"properties":{"n":"Kiss Barna","k":"amenity","v":"veterinary","st":"Strada Agricultorilor","hn":"6","oh":"Mo-Fr 08:00-19:00; Sa 09:00-13:00"}},{"type":"Feature","geometry":{"type":"Point","coordinates":[24.548967,46.566009]},"properties":{"n":"K Instal","k":"craft","v":"plumber","alt":["S.C. K Instal S.R.L."],"st":"Strada Benefalău","hn":"12","oh":"09:00-17:00","ph":"+40742478112","w":"https://confortforyou.ro/"}},{"type":"Feature","geometry":{"type":"Point","coordinates":[24.546256,46.560659]},"properties":{"n":"Vergi","k":"shop","v":"hairdresser","st":"Strada Gheorghe Pop de Băsești","hn":"6","oh":"irregular"}},{"type":"Feature","geometry":{"type":"Point","coordinates":[24.548064,46.561462]},"properties":{"n":"easybox Piata Cartier Unirii","k":"amenity","v":"parcel_locker","alt":["easybox","Sameday"],"oh":"24/7"}},{"type":"Feature","geometry":{"type":"Point","coordinates":[24.547273,46.560256]},"properties":{"n":"Pepco","k":"shop","v":"clothes","st":"Strada Voinicenilor","hn":"55","oh":"Mo-Sa 09:00-21:00; Su 10:00-17:30","w":"https://pepco.ro/"}},{"type":"Feature","geometry":{"type":"Point","coordinates":[24.547422,46.561165]},"properties":{"n":"Express Market","k":"shop","v":"convenience","st":"Strada Voinicenilor","hn":"61","oh":"24/7","ph":"0774043692"}},{"type":"Feature","geometry":{"type":"Point","coordinates":[24.547632,46.562444]},"properties":{"n":"Brutăria Kovács Pékség","k":"shop","v":"bakery","st":"Strada Voinicenilor","hn":"79","oh":"Mo-Fr 05:30-21:00; Sa 06:00-17:00; Su 07:00-13:00","ph":"0265211678","w":"http://kovacs.ro/"}},{"type":"Feature","geometry":{"type":"Point","coordinates":[24.547542,46.562495]},"properties":{"n":"King Pizza Restaurant","k":"amenity","v":"restaurant","st":"Strada Voinicenilor","hn":"81","oh":"Mo-Su 12:00-22:00","ph":"0745806661","w":"http://kingpizza.ro/","cu":"pizza"}},{"type":"Feature","geometry":{"type":"Point","coordinates":[24.547525,46.564964]},"properties":{"n":"NZO Wheelking","k":"shop","v":"car_repair","st":"Strada Voinicenilor","hn":"89","oh":"Mo-Fr 08:00-16:30","ph":"0770254052"}},{"type":"Feature","geometry":{"type":"Point","coordinates":[24.547617,46.560628]},"properties":{"n":"Lanka Transylvania","k":"shop","v":"butcher","st":"Strada Voinicenilor","hn":"62","oh":"Mo-Fr 08:00-20:00; Sa 08:00-15:00","ph":"0751621122","w":"http://www.lanka.ro/"}},{"type":"Feature","geometry":{"type":"Point","coordinates":[24.547692,46.561046]},"properties":{"n":"Florăria Aleea cu Flori","k":"shop","v":"florist","st":"Strada Voinicenilor","hn":"68","oh":"Mo-Sa 08:30-19:00; Su 09:00-16:00","ph":"0772276026"}},{"type":"Feature","geometry":{"type":"Point","coordinates":[24.548231,46.563515]},"properties":{"n":"Farmacia Help Net","k":"amenity","v":"pharmacy","st":"Strada Voinicenilor","hn":"92","oh":"Mo-Fr 08:00-20:00; Sa 09:00-15:00; Su 09:00-13:00","ph":"0737899822","w":"https://www.helpnet.ro/"}},{"type":"Feature","geometry":{"type":"Point","coordinates":[24.548226,46.563591]},"properties":{"n":"Farmacia Dr. Max","k":"amenity","v":"pharmacy","st":"Strada Voinicenilor","hn":"94","oh":"Mo-Fr 08:00-21:00; Sa 08:00-16:00; Su 08:00-15:00","ph":"0754033385","w":"https://www.drmax.ro/"}},{"type":"Feature","geometry":{"type":"Point","coordinates":[24.548241,46.563699]},"properties":{"n":"BRD","k":"amenity","v":"atm"}},{"type":"Feature","geometry":{"type":"Point","coordinates":[24.545551,46.572934]},"properties":{"n":"Mureș","k":"amenity","v":"fuel"}},{"type":"Feature","geometry":{"type":"Point","coordinates":[24.546657,46.569453]},"properties":{"n":"easybox Penny Targu Mures 2","k":"amenity","v":"parcel_locker","alt":["easybox","Sameday"]}},{"type":"Feature","geometry":{"type":"Point","coordinates":[24.546239,46.571375]},"properties":{"n":"easybox Agrotechnic","k":"amenity","v":"parcel_locker","alt":["easybox","Sameday"]}},{"type":"Feature","geometry":{"type":"Point","coordinates":[24.546118,46.571244]},"properties":{"n":"Pit Stop Diesel","k":"shop","v":"car_repair","st":"Strada Voinicenilor","hn":"125","oh":"Mo-Fr 09:00-17:00","w":"http://www.pitstopdiesel.net/"}},{"type":"Feature","geometry":{"type":"Point","coordinates":[24.5518,46.564716]},"properties":{"n":"Stația Foto - Plopilor","k":"amenity","v":"bus_station","alt":["Transport Local SA"]}},{"type":"Feature","geometry":{"type":"Point","coordinates":[24.550738,46.56092]},"properties":{"n":"2Explore","k":"shop","v":"caravan","st":"Strada Apaductului","hn":"16","oh":"08:00-20:00","ph":"+40740071175","w":"https://www.2explore.ro/"}},{"type":"Feature","geometry":{"type":"Point","coordinates":[24.549943,46.564639]},"properties":{"n":"Tip Top","k":"tourism","v":"hotel","st":"Strada Plopilor","hn":"7","ph":"+40746238004","w":"https://www.tiptopmures.ro/"}},{"type":"Feature","geometry":{"type":"Point","coordinates":[24.550045,46.564635]},"properties":{"n":"Restaurant Tip Top","k":"amenity","v":"restaurant","st":"Strada Plopilor","hn":"7","oh":"Tu-Su 12:00-22:00","ph":"+40746238004","w":"https://www.tiptopmures.ro/","cu":"regional;pizza"}},{"type":"Feature","geometry":{"type":"Point","coordinates":[24.55014,46.565421]},"properties":{"n":"Veta","k":"shop","v":"tailor","st":"Strada Lacului","hn":"1","ph":"+40365410590"}},{"type":"Feature","geometry":{"type":"Point","coordinates":[24.567577,46.5529]},"properties":{"n":"Taxi Republicii","k":"amenity","v":"taxi"}},{"type":"Feature","geometry":{"type":"Point","coordinates":[24.563802,46.547414]},"properties":{"n":"Liceul de Artă","k":"amenity","v":"school"}},{"type":"Feature","geometry":{"type":"Point","coordinates":[24.56671,46.54721]},"properties":{"n":"Cetatea medievală","k":"tourism","v":"attraction","alt":["Marosvásárhelyi vár"],"st":"Strada Avram Iancu"}},{"type":"Feature","geometry":{"type":"Point","coordinates":[24.568279,46.553029]},"properties":{"n":"Quintel","k":"shop","v":"electronics","st":"Piața Republicii","hn":"20","oh":"Mo-Fr 09:00-17:00","ph":"+40-265-214786","w":"https://www.quintel.ro/"}},{"type":"Feature","geometry":{"type":"Point","coordinates":[24.564278,46.552061]},"properties":{"n":"J'ai Bistrot","k":"amenity","v":"restaurant","st":"Piața Mărășești","hn":"6","oh":"10:00-22:00","ph":"+40372989296","cu":"pizza;regional;international"}},{"type":"Feature","geometry":{"type":"Point","coordinates":[24.56439,46.546985]},"properties":{"n":"Optofarm","k":"shop","v":"optician","st":"Strada Poștei","hn":"3","ph":"+40-265-212212","w":"https://www.optica-optofarm.ro/"}},{"type":"Feature","geometry":{"type":"Point","coordinates":[24.564743,46.548948]},"properties":{"n":"Sex shop","k":"shop","v":"erotic","alt":["4Love"],"st":"Strada Revoluției","hn":"16","oh":"Mo-Fr 11:00-19:00","ph":"+40-332-413401","w":"https://www.4love.ro/"}},{"type":"Feature","geometry":{"type":"Point","coordinates":[24.565307,46.550702]},"properties":{"n":"44th Street","k":"amenity","v":"pub","st":"Strada Revoluției","hn":"44"}},{"type":"Feature","geometry":{"type":"Point","coordinates":[24.56576,46.549073]},"properties":{"n":"Electrician Calin","k":"craft","v":"electrician","alt":["Calin"],"st":"Strada Avram Iancu","hn":"9","oh":"Mo-Fr 09:00-18:00","w":"http://electrician-mures.herokuapp.com/"}},{"type":"Feature","geometry":{"type":"Point","coordinates":[24.566172,46.552742]},"properties":{"n":"REEA","k":"office","v":"it","st":"Piața Republicii","hn":"41","ph":"+4 0365 410 942","w":"https://www.reea.net/"}},{"type":"Feature","geometry":{"type":"Point","coordinates":[24.565508,46.547392]},"properties":{"n":"Borsos Tamás","k":"tourism","v":"artwork"}},{"type":"Feature","geometry":{"type":"Point","coordinates":[24.568235,46.548128]},"properties":{"n":"Kőrösi Csoma Sándor","k":"tourism","v":"artwork"}},{"type":"Feature","geometry":{"type":"Point","coordinates":[24.563334,46.55185]},"properties":{"n":"Caranda Baterii","k":"shop","v":"car_parts","st":"Piața Mărășești","hn":"16","oh":"Mo-Fr 08:00-16:00; Sa 08:00-14:00","ph":"+40265252030","w":"https://www.caranda.ro/"}},{"type":"Feature","geometry":{"type":"Point","coordinates":[24.56386,46.55257]},"properties":{"n":"Roby Bar","k":"amenity","v":"bar"}},{"type":"Feature","geometry":{"type":"Point","coordinates":[24.564321,46.553443]},"properties":{"n":"Palas","k":"shop","v":"supermarket"}},{"type":"Feature","geometry":{"type":"Point","coordinates":[24.56854,46.551941]},"properties":{"n":"Auroclinic","k":"amenity","v":"dentist","st":"Strada Vișeului","hn":"10","oh":"Mo-Fr 09:00-19:00","ph":"+40365455200","w":"http://auroclinic.ro/"}},{"type":"Feature","geometry":{"type":"Point","coordinates":[24.569003,46.548166]},"properties":{"n":"La Cuptoare","k":"amenity","v":"restaurant","st":"Bulevardul Cetății","hn":"2","oh":"10:00-22:00","ph":"+40756205959","cu":"pizza"}},{"type":"Feature","geometry":{"type":"Point","coordinates":[24.568642,46.548114]},"properties":{"n":"The Cheesecake House","k":"amenity","v":"restaurant","st":"Strada Nicolae Iorga","hn":"14","oh":"Tu-Su 10:00-20:00","ph":"+40757823828","w":"+40757823828","cu":"cake"}},{"type":"Feature","geometry":{"type":"Point","coordinates":[24.56785,46.548159]},"properties":{"n":"Food Truck Eat&Go","k":"amenity","v":"fast_food","st":"Bulevardul Cetății","hn":"21","oh":"10:00-21:00","ph":"+40759534624","w":"https://www.foodtruckeatandgo.ro","cu":"fast_food;burger;hot_dog"}},{"type":"Feature","geometry":{"type":"Point","coordinates":[24.564664,46.551332]},"properties":{"n":"Dora Medicals","k":"healthcare","v":"laboratory","st":"Piața Mărășești","hn":"21","oh":"Mo-Fr 07:00-20:00","ph":"+40265212971","w":"https://www.doramedicals.ro/"}},{"type":"Feature","geometry":{"type":"Point","coordinates":[24.564835,46.551261]},"properties":{"n":"Eco Farmacia","k":"amenity","v":"pharmacy","st":"Piața Mărășești","hn":"21","oh":"Mo-Fr 08:00-20:00"}},{"type":"Feature","geometry":{"type":"Point","coordinates":[24.565572,46.551009]},"properties":{"n":"AT Flower&Decoration","k":"shop","v":"florist","st":"Piața Republicii","hn":"1","oh":"Mo-Fr 08:00-17:00; Sa 09:00-15:00","ph":"+40744260029","w":"https://at-decoration.com/"}},{"type":"Feature","geometry":{"type":"Point","coordinates":[24.565644,46.551072]},"properties":{"n":"DigiRay","k":"healthcare","v":"laboratory","alt":["DigiRay Targu Mures S.R.L."],"st":"Piața Republicii","hn":"1A","oh":"Mo-Fr 08:00-19:30; Sa 09:00-12:30","ph":"+40365730787","w":"https://digiray.ro"}},{"type":"Feature","geometry":{"type":"Point","coordinates":[24.565709,46.551125]},"properties":{"n":"Be My White","k":"shop","v":"clothes","st":"Piața Republicii","hn":"2","oh":"Mo-Fr 10:00-18:00","ph":"+40786770370","w":"https://bemywhite.ro/"}},{"type":"Feature","geometry":{"type":"Point","coordinates":[24.56621,46.551508]},"properties":{"n":"Drogheria RIO","k":"shop","v":"cosmetics","st":"Piața Republicii","hn":"6","oh":"Mo-Fr 08:00-20:00","ph":"+40746015973"}},{"type":"Feature","geometry":{"type":"Point","coordinates":[24.566356,46.551634]},"properties":{"n":"Salon Eden","k":"shop","v":"beauty","st":"Piața Republicii","hn":"48","oh":"Mo-Fr 08:00-20:00; Sa 08:00-12:00","w":"http://www.saloneden.ro/"}},{"type":"Feature","geometry":{"type":"Point","coordinates":[24.566494,46.551725]},"properties":{"n":"Winebox","k":"shop","v":"wine","st":"Piața Republicii","hn":"8","oh":"Mo-Sa 10:00-18:00","ph":"+40771707975","w":"https://www.wine-box.ro/"}},{"type":"Feature","geometry":{"type":"Point","coordinates":[24.566507,46.551636]},"properties":{"n":"Sala de Expoziții Unirea","k":"tourism","v":"gallery","st":"Piața Republicii","hn":"9","ph":"+40265216676","w":"http://aap-mures.blogspot.com/"}},{"type":"Feature","geometry":{"type":"Point","coordinates":[24.566452,46.551688]},"properties":{"n":"Masstex","k":"shop","v":"clothes","st":"Piața Republicii","hn":"9","oh":"Mo-Fr 10:00-18:00; Sa 10:00-14:00","ph":"+40740789373","w":"https://www.masstex.ro/"}},{"type":"Feature","geometry":{"type":"Point","coordinates":[24.567296,46.552264]},"properties":{"n":"Karma Cafe","k":"amenity","v":"cafe","st":"Piața Republicii","hn":"14","oh":"Mo-Fr 08:00-22:00; Sa-Su 12:00-22:00","ph":"+40745246053","cu":"coffee_shop;breakfast"}},{"type":"Feature","geometry":{"type":"Point","coordinates":[24.567779,46.552658]},"properties":{"n":"Harmopan","k":"shop","v":"bakery","st":"Piața Republicii","hn":"18","oh":"Mo-Fr 07:00-19:00; Sa 07:00-13:00","ph":"+40732669765","w":"https://harmopan.ro/"}},{"type":"Feature","geometry":{"type":"Point","coordinates":[24.567912,46.552773]},"properties":{"n":"EvelynMed","k":"shop","v":"medical_supply","st":"Piața Republicii","hn":"19","oh":"Mo-Fr 09:00-18:00","ph":"+40758187952"}},{"type":"Feature","geometry":{"type":"Point","coordinates":[24.567599,46.552984]},"properties":{"n":"Groupama","k":"office","v":"insurance","alt":["Groupe des Assurances Mutuelles Agricoles"],"st":"Piața Republicii","hn":"37","oh":"Mo-Fr 09:00-17:00","ph":"+40374110110","w":"https://www.groupama.ro/"}},{"type":"Feature","geometry":{"type":"Point","coordinates":[24.564985,46.547194]},"properties":{"n":"Adunarea Liberă Creștină","k":"amenity","v":"place_of_worship","st":"Strada Avram Iancu","hn":"1"}},{"type":"Feature","geometry":{"type":"Point","coordinates":[24.565084,46.547385]},"properties":{"n":"Decorfleur","k":"shop","v":"florist","st":"Strada Avram Iancu","hn":"3","oh":"Mo-Fr 09:00-19:00; Sa 09:00-14:00","ph":"+40744344833"}},{"type":"Feature","geometry":{"type":"Point","coordinates":[24.565385,46.548493]},"properties":{"n":"Omniprax","k":"amenity","v":"clinic","st":"Strada Avram Iancu","hn":"5","oh":"Mo-Th 08:00-20:30; Fr 08:00-17:00","ph":"+40265217135","w":"http://omniprax.ro/"}},{"type":"Feature","geometry":{"type":"Point","coordinates":[24.567714,46.547658]},"properties":{"n":"Luar Cetate","k":"amenity","v":"restaurant"}},{"type":"Feature","geometry":{"type":"Point","coordinates":[24.565707,46.548409]},"properties":{"n":"Francisc Rákóczi al II-lea","k":"historic","v":"memorial","alt":["II. Rákóczi Ferenc"]}},{"type":"Feature","geometry":{"type":"Point","coordinates":[24.56665,46.547101]},"properties":{"n":"Iancu de Hunedoara","k":"tourism","v":"artwork","alt":["Hunyadi János"]}},{"type":"Feature","geometry":{"type":"Point","coordinates":[24.566684,46.547546]},"properties":{"n":"Muzeul de Istorie și Arheologie","k":"tourism","v":"museum","alt":["Régészeti és Történelmi Múzeum","Muzeul Județean Mureș"],"oh":"Tu-Fr 09:00-16:00; Sa,Su 10:00-13:00"}},{"type":"Feature","geometry":{"type":"Point","coordinates":[24.567911,46.548028]},"properties":{"n":"3g HUB","k":"amenity","v":"arts_centre","st":"Strada Avram Iancu","hn":"2","w":"https://3ghub.ro/"}},{"type":"Feature","geometry":{"type":"Point","coordinates":[24.563937,46.5476]},"properties":{"n":"Caro Comp","k":"shop","v":"computer","st":"Strada Revoluției","hn":"13","oh":"Mo-Fr 08:00-16:00","ph":"0265216325","w":"http://www.carocomp.ro/"}},{"type":"Feature","geometry":{"type":"Point","coordinates":[24.563807,46.548488]},"properties":{"n":"Procardia","k":"amenity","v":"clinic","st":"Strada Mihai Eminescu","hn":"3","oh":"Mo-Th 07:30-19:00; Fr 07:30-16:00","ph":"0265210087","w":"https://www.procardia.org/"}},{"type":"Feature","geometry":{"type":"Point","coordinates":[24.565574,46.552057]},"properties":{"n":"Reea","k":"office","v":"it","st":"Piața Republicii","hn":"41","oh":"Mo-Fr 09:00-18:00","ph":"+40365410942","w":"https://www.reea.net/"}},{"type":"Feature","geometry":{"type":"Point","coordinates":[24.568662,46.551533]},"properties":{"n":"Editura EDU","k":"shop","v":"copyshop","st":"Strada Avram Iancu","hn":"46","oh":"Mo-Fr 09:00-16:00","ph":"+40728176246","w":"https://edituraedu.ro/"}},{"type":"Feature","geometry":{"type":"Point","coordinates":[24.564079,46.547133]},"properties":{"n":"Copy Shop","k":"shop","v":"copyshop","st":"Strada Revoluției","hn":"4","oh":"Mo-Fr 08:00-20:00; Sa 09:00-13:00","ph":"+40752244617","w":"https://copyshopms.ro/"}},{"type":"Feature","geometry":{"type":"Point","coordinates":[24.564013,46.547751]},"properties":{"n":"Farmacia Royal","k":"amenity","v":"pharmacy","st":"Strada Revoluției","hn":"5","oh":"Mo-Fr 08:00-20:00; Sa 09:00-17:00","ph":"+40265311602"}},{"type":"Feature","geometry":{"type":"Point","coordinates":[24.564415,46.548976]},"properties":{"n":"Vintage Pizza Club","k":"amenity","v":"restaurant","st":"Strada Revoluției","hn":"29","oh":"Mo-Sa 10:00-22:00; Su 13:00-22:00","ph":"+40365455678","w":"https://www.vintagepizzaclub.ro/","cu":"pizza"}},{"type":"Feature","geometry":{"type":"Point","coordinates":[24.564111,46.547851]},"properties":{"n":"Jatszma.ro","k":"shop","v":"games","st":"Strada Revoluției","hn":"17","oh":"Mo-Fr 09:00-20:00; Sa 09:00-14:00","ph":"+40371104464","w":"https://jatszma.ro/"}},{"type":"Feature","geometry":{"type":"Point","coordinates":[24.564098,46.547832]},"properties":{"n":"Jocozaur.ro","k":"shop","v":"games","st":"Strada Revoluției","hn":"17","oh":"Mo-Fr 09:00-20:00; Sa 09:00-14:00","ph":"+40799975558","w":"https://jocozaur.ro/"}},{"type":"Feature","geometry":{"type":"Point","coordinates":[24.564085,46.54781]},"properties":{"n":"Bistro nu doar pizza","k":"amenity","v":"restaurant","st":"Strada Revoluției","hn":"17","oh":"Mo-Fr 08:30-21:00","ph":"+40365455469","cu":"pizza;regional"}},{"type":"Feature","geometry":{"type":"Point","coordinates":[24.56459,46.548436]},"properties":{"n":"Petry","k":"shop","v":"butcher","st":"Pasajul Scăricica","hn":"1","oh":"Mo-Fr 08:00-20:00; Sa 08:00-15:00","ph":"0735206265","w":"https://shop.petry.ro/"}},{"type":"Feature","geometry":{"type":"Point","coordinates":[24.564854,46.548432]},"properties":{"n":"Petry Bistro GrillxWine","k":"amenity","v":"restaurant","st":"Pasajul Scăricica","hn":"1","oh":"Tu-Su 12:00-23:00; Mo 15:00-23:00","ph":"0725510511","w":"https://www.petrybistro.ro/","cu":"steak_house"}},{"type":"Feature","geometry":{"type":"Point","coordinates":[24.566632,46.547344]},"properties":{"n":"Fantana arteziana","k":"amenity","v":"fountain"}},{"type":"Feature","geometry":{"type":"Point","coordinates":[24.573406,46.550965]},"properties":{"n":"Zambara Bistro & Lounge","k":"amenity","v":"bar","st":"Strada Mihai Viteazul","hn":"31","ph":"+40-726-684444"}},{"type":"Feature","geometry":{"type":"Point","coordinates":[24.573606,46.551003]},"properties":{"n":"BRD","k":"amenity","v":"bank","oh":"Mo-Fr 09:00-17:00","ph":"+40-265-211057","w":"https://www.brd.ro/"}},{"type":"Feature","geometry":{"type":"Point","coordinates":[24.573652,46.551094]},"properties":{"n":"Banca Transilvania","k":"amenity","v":"bank","alt":["Transilvania Bank"],"st":"Strada Mihai Viteazul","hn":"31","ph":"+40-265-210376","w":"https://www.bancatransilvania.ro/"}},{"type":"Feature","geometry":{"type":"Point","coordinates":[24.573701,46.551178]},"properties":{"n":"Catena","k":"amenity","v":"pharmacy"}},{"type":"Feature","geometry":{"type":"Point","coordinates":[24.574444,46.552929]},"properties":{"n":"Profi","k":"shop","v":"supermarket","alt":["Profi Rom Food"],"oh":"Mo-Sa 07:00-22:00; Su 08:00-22:00","ph":"+40 722 613 447;+40 727 797 365;+40 727 798 065","w":"https://www.profi.ro/"}},{"type":"Feature","geometry":{"type":"Point","coordinates":[24.574583,46.551552]},"properties":{"n":"Mihai Eminescu","k":"historic","v":"memorial"}},{"type":"Feature","geometry":{"type":"Point","coordinates":[24.57427,46.552401]},"properties":{"n":"Timko","k":"shop","v":"bakery"}},{"type":"Feature","geometry":{"type":"Point","coordinates":[24.574369,46.552503]},"properties":{"n":"Darina","k":"shop","v":"convenience"}},{"type":"Feature","geometry":{"type":"Point","coordinates":[24.575177,46.552116]},"properties":{"n":"Cuba Club","k":"amenity","v":"bar","oh":"Mo-Su 15:00-03:00"}},{"type":"Feature","geometry":{"type":"Point","coordinates":[24.573944,46.552481]},"properties":{"n":"Corner Pub","k":"amenity","v":"pub","st":"Strada Nicolae Grigorescu","oh":"Mo-Su 10:00-00:00"}},{"type":"Feature","geometry":{"type":"Point","coordinates":[24.57242,46.553499]},"properties":{"n":"La Frog","k":"amenity","v":"cafe","st":"Strada Doctor Victor Babeș","hn":"19","oh":"Mo-Fr 08:00-24:00; Sa,Su 09:00-24:00","cu":"regional"}},{"type":"Feature","geometry":{"type":"Point","coordinates":[24.572786,46.548568]},"properties":{"n":"Policlina Carit-San Medical","k":"amenity","v":"clinic","alt":["Carti-San Hospital"],"st":"Strada Mihai Viteazul","hn":"42","oh":"Mo-Fr 07:00-20:00","ph":"0265269172","w":"https://www.caritsanmed.ro/"}},{"type":"Feature","geometry":{"type":"Point","coordinates":[24.571693,46.55254]},"properties":{"n":"Școala Gimnazială Europa","k":"amenity","v":"school","st":"Strada Doctor Victor Babeș","hn":"11"}},{"type":"Feature","geometry":{"type":"Point","coordinates":[24.573519,46.55104]},"properties":{"n":"Profi","k":"shop","v":"supermarket","alt":["Profi Rom Food"],"oh":"24/7","ph":"+40 747 242 902;+40 747 260 998","w":"https://www.profi.ro/"}},{"type":"Feature","geometry":{"type":"Point","coordinates":[24.570279,46.548095]},"properties":{"n":"La Denisa","k":"amenity","v":"restaurant","st":"Bulevardul Cetății","hn":"12A","oh":"Mo-Fr 09:00-18:00; Sa 11:00-13:00","ph":"+40771790308","w":"https://www.bucatarialudenisa.ro/","cu":"pizza;regional;international"}},{"type":"Feature","geometry":{"type":"Point","coordinates":[24.572101,46.547677]},"properties":{"n":"Citolab","k":"healthcare","v":"laboratory","alt":["Citolab SRL"],"st":"Strada Mihai Viteazul","hn":"34","ph":"0265237256","w":"https://www.citolab.ro/"}},{"type":"Feature","geometry":{"type":"Point","coordinates":[24.574674,46.553134]},"properties":{"n":"Farmacia Universității","k":"amenity","v":"pharmacy","st":"Strada Nicolae Grigorescu","hn":"33","oh":"Mo-Fr 08:00-21:00; Sa 09:00-16:00","ph":"+40265210808","w":"https://zenpharma.ro"}},{"type":"Feature","geometry":{"type":"Point","coordinates":[24.571101,46.551195]},"properties":{"n":"Labaqua","k":"office","v":"research","st":"Strada Cibinului","hn":"15","ph":"0365882032","w":"https://labaqua.ro/"}},{"type":"Feature","geometry":{"type":"Point","coordinates":[24.564311,46.554285]},"properties":{"n":"Târgu Mureș Nord","k":"railway","v":"station","alt":["Marosvásárhely-Felsőváros","CFR"]}},{"type":"Feature","geometry":{"type":"Point","coordinates":[24.569136,46.554305]},"properties":{"n":"Banca Transilvania","k":"amenity","v":"bank","alt":["Transilvania Bank"],"st":"Bulevardul 22 Decembrie 1989","hn":"11-15","oh":"Mo-Fr 09:00-17:00","ph":"+40-265-211050","w":"https://www.bancatransilvania.ro/"}},{"type":"Feature","geometry":{"type":"Point","coordinates":[24.565605,46.556346]},"properties":{"n":"Restaurant Mureșul","k":"amenity","v":"restaurant","st":"Strada Zăgazului","hn":"14","oh":"Mo-Su 08:00-22:00","cu":"regional;pizza;international"}},{"type":"Feature","geometry":{"type":"Point","coordinates":[24.569337,46.554421]},"properties":{"n":"Dr. Max","k":"amenity","v":"pharmacy","alt":["Dr.Max"],"oh":"Mo-Fr 08:00-22:00; Sa 09:00-19:00","ph":"+40-265-214091","w":"https://www.drmax.ro"}},{"type":"Feature","geometry":{"type":"Point","coordinates":[24.568164,46.55671]},"properties":{"n":"S.C. Algochem S.R.L.","k":"office","v":"company","st":"Strada Kós Károly","hn":"34","ph":"+40 365 883425"}},{"type":"Feature","geometry":{"type":"Point","coordinates":[24.565703,46.556409]},"properties":{"n":"Pensiunea Mureșul","k":"tourism","v":"motel","st":"Strada Zăgazului","hn":"14","ph":"+40756-169097;+40743-030658","w":"http://www.pensiunea-muresul.ro/"}},{"type":"Feature","geometry":{"type":"Point","coordinates":[24.564816,46.556758]},"properties":{"n":"Oficiul Registrului Comerțului de pe Langă Tribunalul Mureș","k":"office","v":"government","st":"Strada Zăgazului","hn":"14A","oh":"Mo-Th 09:00-14:00, Fr 08:00-13:00","ph":"+40265264183","w":"https://www.onrc.ro/"}},{"type":"Feature","geometry":{"type":"Point","coordinates":[24.566128,46.556016]},"properties":{"n":"Origo","k":"shop","v":"car_parts","st":"Strada Zăgazului","hn":"6","oh":"Mo-Fr 08:00-17:00","ph":"+40744572838"}},{"type":"Feature","geometry":{"type":"Point","coordinates":[24.567278,46.559958]},"properties":{"n":"Sistemul de Gospodărire a Apelor Mureș","k":"office","v":"government","st":"Aleea Carpați","hn":"61","oh":"Mo-Fr 07:00-15:00","ph":"+40265214610"}},{"type":"Feature","geometry":{"type":"Point","coordinates":[24.569257,46.554945]},"properties":{"n":"Dr. Doczy Andrea","k":"amenity","v":"doctors","st":"Aleea Constructorilor","hn":"1","ph":"+40265211017"}},{"type":"Feature","geometry":{"type":"Point","coordinates":[24.569165,46.553646]},"properties":{"n":"Salon Figaro","k":"shop","v":"hairdresser","st":"Piața Republicii","hn":"23","oh":"Mo-Fr 09:00-19:00; Sa 09:00-13:00","ph":"+40751390229"}},{"type":"Feature","geometry":{"type":"Point","coordinates":[24.568652,46.553868]},"properties":{"n":"Pensiunea Cleopatra","k":"tourism","v":"hotel","st":"Piața Republicii","hn":"28","ph":"+40770650054","w":"http://www.pensiuneacleopatra.ro/"}},{"type":"Feature","geometry":{"type":"Point","coordinates":[24.568503,46.553687]},"properties":{"n":"Barber King","k":"shop","v":"hairdresser","st":"Piața Republicii","hn":"31","oh":"Mo-Fr 10:00-19:00; Sa 10:00-14:00","ph":"+40787661159"}},{"type":"Feature","geometry":{"type":"Point","coordinates":[24.568195,46.55351]},"properties":{"n":"Indriss Bridal","k":"shop","v":"clothes","st":"Piața Republicii","hn":"33","oh":"Mo-Fr 10:00-18:00; Sa 10:00-14:00","ph":"+40745512125","w":"http://www.indrissbridal.com/"}},{"type":"Feature","geometry":{"type":"Point","coordinates":[24.564851,46.555511]},"properties":{"n":"Icecar","k":"shop","v":"car_repair","st":"Strada Abrudului","hn":"12","oh":"Mo-Fr 09:00-15:00","ph":"+40744523299","w":"https://icecar.ro/"}},{"type":"Feature","geometry":{"type":"Point","coordinates":[24.566828,46.554563]},"properties":{"n":"Autorulote Transilvania","k":"shop","v":"caravan","st":"Strada Alexandru Vlahuță","hn":"12A","ph":"+40736508000","w":"https://www.socool.ro/"}},{"type":"Feature","geometry":{"type":"Point","coordinates":[24.567206,46.553883]},"properties":{"n":"Dr. Sanda Petruțiu","k":"amenity","v":"doctors","st":"Strada Arieșului","hn":"9","ph":"+40742648974"}},{"type":"Feature","geometry":{"type":"Point","coordinates":[24.569034,46.554225]},"properties":{"n":"Club Colonial","k":"leisure","v":"adult_gaming_centre","st":"Bulevardul 22 Decembrie 1989","hn":"11-15","oh":"24/7"}},{"type":"Feature","geometry":{"type":"Point","coordinates":[24.566904,46.555907]},"properties":{"n":"Gombos Security","k":"office","v":"security","st":"Strada Kós Károly","hn":"24A","oh":"Mo-Fr 08:00-17:00","ph":"0730040801","w":"https://gombos-security.ro/"}},{"type":"Feature","geometry":{"type":"Point","coordinates":[24.564198,46.554482]},"properties":{"n":"Dentanet Lab","k":"healthcare","v":"laboratory","st":"Strada Kós Károly","hn":"11","oh":"Mo-Fr 07:00-17:00","ph":"+40365441717","w":"https://www.dentanet.ro/"}},{"type":"Feature","geometry":{"type":"Point","coordinates":[24.568712,46.555266]},"properties":{"n":"ZonaMed","k":"healthcare","v":"laboratory","st":"Strada George Coșbuc","hn":"1","oh":"Mo-Fr 07:00-19:00","ph":"+40770479338","w":"https://zonamed.ro"}},{"type":"Feature","geometry":{"type":"Point","coordinates":[24.575464,46.557467]},"properties":{"n":"ING","k":"amenity","v":"bank","st":"Strada Secuilor Martiri","hn":"12","oh":"Mo-Fr 09:00-18:00","ph":"+40-365-406951","w":"https://ing.ro/"}},{"type":"Feature","geometry":{"type":"Point","coordinates":[24.569969,46.554879]},"properties":{"n":"Arnold Sports","k":"shop","v":"sports"}},{"type":"Feature","geometry":{"type":"Point","coordinates":[24.575613,46.557563]},"properties":{"n":"Palas Market","k":"shop","v":"supermarket","st":"Bulevardul 22 Decembrie 1989","hn":"12","oh":"07:00-22:00","ph":"+40265306225","w":"https://www.palascom.ro/"}},{"type":"Feature","geometry":{"type":"Point","coordinates":[24.572275,46.553624]},"properties":{"n":"Porcușorul Pofticios","k":"amenity","v":"fast_food","st":"Strada Doctor Victor Babeș","hn":"19","oh":"Mo-Fr 09:00-22:00; Sa 12:00-22:00; Su 14:00-22:00","ph":"+40742750378","w":"https://porcusorul-pofticios.ro/","cu":"burger;sandwich;pork;chicken"}},{"type":"Feature","geometry":{"type":"Point","coordinates":[24.571647,46.555804]},"properties":{"n":"Superbet","k":"shop","v":"bookmaker","alt":["Superbet Betting & Gaming SA"],"oh":"Mo-Su 10:00-22:00","ph":"+40 786 401 088","w":"https://www.superbet.ro/"}},{"type":"Feature","geometry":{"type":"Point","coordinates":[24.569724,46.55471]},"properties":{"n":"Profi","k":"shop","v":"supermarket","alt":["Profi Rom Food"],"st":"Bulevardul 22 Decembrie 1989","hn":"15","oh":"Mo-Su 07:00-23:00","ph":"+40 756 118 841;+40 756 720 731;+40756118841","w":"https://www.profi.ro/"}},{"type":"Feature","geometry":{"type":"Point","coordinates":[24.572288,46.556137]},"properties":{"n":"Profi","k":"shop","v":"supermarket","alt":["Profi Rom Food"],"st":"Bulevardul 22 Decembrie 1989","hn":"35","oh":"24/7","ph":"+40 735 005 298;+40 737 327 602;+40735005298","w":"https://www.profi.ro/"}},{"type":"Feature","geometry":{"type":"Point","coordinates":[24.569593,46.555122]},"properties":{"n":"Eniculescu Adriana","k":"amenity","v":"dentist","st":"Aleea Constructorilor","hn":"3","ph":"+40265212834"}},{"type":"Feature","geometry":{"type":"Point","coordinates":[24.575104,46.553525]},"properties":{"n":"Ink Office","k":"shop","v":"copyshop","st":"Aleea Cornișa","hn":"9","oh":"Mo-Fr 09:00-17:00","ph":"+40742320420","w":"https://www.inkoffice.ro/"}},{"type":"Feature","geometry":{"type":"Point","coordinates":[24.575579,46.553986]},"properties":{"n":"Darina","k":"amenity","v":"restaurant","st":"Aleea Cornișa","hn":"5","oh":"Mo-Su 07:30-22:00","ph":"+40771681404","w":"https://darina.ro/","cu":"pizza;regional;international"}},{"type":"Feature","geometry":{"type":"Point","coordinates":[24.569538,46.55401]},"properties":{"n":"Lotus","k":"shop","v":"florist","st":"Bulevardul 22 Decembrie 1989","hn":"2","oh":"Mo-Sa 08:00-20:00; Su 08:00-14:00","ph":"+40745256048"}},{"type":"Feature","geometry":{"type":"Point","coordinates":[24.571747,46.555551]},"properties":{"n":"Lorandi","k":"shop","v":"baby_goods","st":"Bulevardul 22 Decembrie 1989","hn":"14","oh":"Mo-Fr 08:00-17:00; Sa 09:00-13:00","ph":"+40757964492"}},{"type":"Feature","geometry":{"type":"Point","coordinates":[24.572056,46.555696]},"properties":{"n":"Sanicom","k":"amenity","v":"pharmacy","st":"Bulevardul 22 Decembrie 1989","hn":"16","oh":"Mo-Fr 08:00-20:00; Sa 08:00-15:00","ph":"+40365407416","w":"http://www.sanicom.ro/"}},{"type":"Feature","geometry":{"type":"Point","coordinates":[24.572264,46.555808]},"properties":{"n":"Timko","k":"shop","v":"bakery","st":"Bulevardul 22 Decembrie 1989","hn":"16","oh":"Mo-Fr 05:30-21:00; Sa 05:30-20:00"}},{"type":"Feature","geometry":{"type":"Point","coordinates":[24.57314,46.556252]},"properties":{"n":"Sabion","k":"shop","v":"pawnbroker","st":"Bulevardul 22 Decembrie 1989","hn":"18","oh":"Mo-Fr 09:00-18:00; Sa 09:00-14:00","ph":"+40372745747","w":"https://samanet.ro/"}},{"type":"Feature","geometry":{"type":"Point","coordinates":[24.574509,46.556939]},"properties":{"n":"Libris Eminescu","k":"shop","v":"stationery","st":"Bulevardul 22 Decembrie 1989","hn":"26","oh":"Mo-Fr 08:00-17:00; Sa 08:00-13:00","ph":"+40265211629","w":"https://libriseminescu.ro/"}},{"type":"Feature","geometry":{"type":"Point","coordinates":[24.574691,46.557026]},"properties":{"n":"Librăria Ion Creangă","k":"shop","v":"books","st":"Bulevardul 22 Decembrie 1989","hn":"26","oh":"Mo-Fr 08:00-17:00","ph":"+40365430163"}},{"type":"Feature","geometry":{"type":"Point","coordinates":[24.574996,46.557128]},"properties":{"n":"El Passo","k":"amenity","v":"restaurant","st":"Bulevardul 22 Decembrie 1989","hn":"28","oh":"Mo-Fr 07:00-00:00; Sa-Su 08:00-00:00","ph":"+40744897340","w":"https://elpasso.ro/","cu":"pizza"}},{"type":"Feature","geometry":{"type":"Point","coordinates":[24.575204,46.557118]},"properties":{"n":"Aiona Food","k":"amenity","v":"fast_food","st":"Bulevardul 22 Decembrie 1989","hn":"28","oh":"Mo-Sa 09:00-23:30","ph":"+40757355216","cu":"kebab"}},{"type":"Feature","geometry":{"type":"Point","coordinates":[24.575309,46.557008]},"properties":{"n":"Digi","k":"shop","v":"telecommunication","st":"Bulevardul 22 Decembrie 1989","hn":"28","oh":"Mo-Fr 09:00-18:00","ph":"+40365400414","w":"https://digiromania.ro/"}},{"type":"Feature","geometry":{"type":"Point","coordinates":[24.575334,46.556959]},"properties":{"n":"Crown Coffee","k":"amenity","v":"cafe","st":"Strada Secuilor Martiri","hn":"12","oh":"Mo-Fr 07:30-18:00; Sa 09:00-15:00","ph":"+40770367356","w":"https://crowncoffee.ro/","cu":"coffee;sandwich;breakfast"}},{"type":"Feature","geometry":{"type":"Point","coordinates":[24.572484,46.556401]},"properties":{"n":"Eldi","k":"shop","v":"bakery","st":"Aleea Constructorilor","hn":"49","w":"https://www.eldi.ro/ro"}},{"type":"Feature","geometry":{"type":"Point","coordinates":[24.572417,46.556471]},"properties":{"n":"Benedek","k":"shop","v":"butcher","st":"Bulevardul 22 Decembrie 1989","hn":"35","oh":"Mo-Fr 09:00-17:00; Sa 09:00-15:00","ph":"+40770661463","w":"https://benedek.ro/"}},{"type":"Feature","geometry":{"type":"Point","coordinates":[24.572371,46.556518]},"properties":{"n":"Petry","k":"shop","v":"butcher","st":"Bulevardul 22 Decembrie 1989","hn":"35","oh":"Mo-Fr 08:00-20:00; Sa 08:00-15:00; Su 08:00-13:00","ph":"+40734730379","w":"http://petry.ro/"}},{"type":"Feature","geometry":{"type":"Point","coordinates":[24.572416,46.556197]},"properties":{"n":"BCR","k":"amenity","v":"atm","alt":["Banca Comercială Română"]}},{"type":"Feature","geometry":{"type":"Point","coordinates":[24.572163,46.556075]},"properties":{"n":"Kozomania","k":"amenity","v":"fast_food","st":"Bulevardul 22 Decembrie 1989","hn":"35","oh":"Tu-Sa 08:00-14:00; Su 08:00-13:00","ph":"+40742822799","cu":"romanian;hungarian"}},{"type":"Feature","geometry":{"type":"Point","coordinates":[24.57205,46.555972]},"properties":{"n":"Sasu","k":"shop","v":"bakery","st":"Bulevardul 22 Decembrie 1989","hn":"35","oh":"Mo-Fr 07:00-20:00; Sa 08:00-15:00"}},{"type":"Feature","geometry":{"type":"Point","coordinates":[24.571623,46.556378]},"properties":{"n":"Pilcoop","k":"shop","v":"bakery","st":"Bulevardul 22 Decembrie 1989","hn":"35","oh":"Mo-Fr 08:00-17:00; Sa 08:00-15:00","ph":"+40770507164","w":"https://www.pilcoop.ro/"}},{"type":"Feature","geometry":{"type":"Point","coordinates":[24.569643,46.554678]},"properties":{"n":"Orange","k":"shop","v":"mobile_phone","st":"Bulevardul 22 Decembrie 1989","hn":"15","oh":"Mo-Fr 09:00-19:00; Sa 09:00-13:00","ph":"+40265260339","w":"https://www.orange.ro/"}},{"type":"Feature","geometry":{"type":"Point","coordinates":[24.569642,46.554624]},"properties":{"n":"Eldi","k":"shop","v":"bakery","st":"Bulevardul 22 Decembrie 1989","hn":"11","oh":"Mo-Fr 07:00-20:00; Sa 07:00-15:00","w":"https://www.eldi.ro/ro"}},{"type":"Feature","geometry":{"type":"Point","coordinates":[24.575077,46.557053]},"properties":{"n":"IFN Sabion Amanet","k":"shop","v":"pawnbroker","st":"Bulevardul 22 Decembrie 1989","hn":"28","oh":"Mo-Fr 09:00-17:00; Sa 09:00-14:00","ph":"+40372745693","w":"https://samanet.ro/"}},{"type":"Feature","geometry":{"type":"Point","coordinates":[24.572054,46.556394]},"properties":{"n":"Piața de zu","k":"shop","v":"greengrocer","alt":["Napi Piac","Piața de Zi","Day Market"],"st":"Bulevardul 22 Decembrie 1989","hn":"35","oh":"Mo-Su 07:00-20:00"}},{"type":"Feature","geometry":{"type":"Point","coordinates":[24.576636,46.552403]},"properties":{"n":"Pomadent","k":"amenity","v":"dentist","st":"Strada Gheorghe Marinescu","hn":"16"}},{"type":"Feature","geometry":{"type":"Point","coordinates":[24.576184,46.551618]},"properties":{"n":"Felana Dent","k":"amenity","v":"dentist","ph":"+40 265 217 051","w":"https://www.felanadent.ro/"}},{"type":"Feature","geometry":{"type":"Point","coordinates":[24.578897,46.551889]},"properties":{"n":"Kenza","k":"tourism","v":"hotel","st":"Strada General Ion Dumitrache","hn":"44","ph":"+40745660347","w":"https://kenza.ro/"}},{"type":"Feature","geometry":{"type":"Point","coordinates":[24.579506,46.553116]},"properties":{"n":"NB Med","k":"amenity","v":"clinic","st":"Strada General Ion Dumitrache","hn":"58","ph":"+40735527606","w":"https://www.nbmed.ro/"}},{"type":"Feature","geometry":{"type":"Point","coordinates":[24.587977,46.547647]},"properties":{"n":"Urs","k":"tourism","v":"artwork","alt":["somostetői kőmedve"]}},{"type":"Feature","geometry":{"type":"Point","coordinates":[24.588292,46.548983]},"properties":{"n":"stația Est","k":"railway","v":"halt","alt":["Keleti megálló"]}},{"type":"Feature","geometry":{"type":"Point","coordinates":[24.588735,46.547693]},"properties":{"n":"stația Capăt","k":"railway","v":"halt","alt":["Végmegállomás"]}},{"type":"Feature","geometry":{"type":"Point","coordinates":[24.58766,46.550505]},"properties":{"n":"stația Vest","k":"railway","v":"halt","alt":["Nyugati megálló"]}},{"type":"Feature","geometry":{"type":"Point","coordinates":[24.587602,46.547745]},"properties":{"n":"Let's Play!","k":"leisure","v":"amusement_arcade"}},{"type":"Feature","geometry":{"type":"Point","coordinates":[24.581092,46.557499]},"properties":{"n":"Grupul Școlar Sanitar Gheorghe  Marinescu","k":"amenity","v":"school","st":"Strada Gheorghe Marinescu"}},{"type":"Feature","geometry":{"type":"Point","coordinates":[24.577646,46.558523]},"properties":{"n":"Zen Coffee and Lounge","k":"amenity","v":"cafe","cu":"coffee_shop"}},{"type":"Feature","geometry":{"type":"Point","coordinates":[24.57741,46.558314]},"properties":{"n":"Darina","k":"shop","v":"convenience","st":"Bulevardul 22 Decembrie 1989","hn":"42","oh":"07:00-22:00","ph":"+40265217571","w":"https://darina.ro/"}},{"type":"Feature","geometry":{"type":"Point","coordinates":[24.577317,46.558368]},"properties":{"n":"Timko","k":"shop","v":"bakery","oh":"Mo-Sa 05:30-21:00"}},{"type":"Feature","geometry":{"type":"Point","coordinates":[24.576187,46.554195]},"properties":{"n":"Cabinet Cardiologie Dr Cristian Podoleanu","k":"amenity","v":"doctors","alt":["CMI Dr. Podoloeanu"],"st":"Aleea Cornișa","hn":"5","ph":"+40265211511","w":"https://www.sincopa.ro/"}},{"type":"Feature","geometry":{"type":"Point","coordinates":[24.57697,46.558847]},"properties":{"n":"Vili Funerar","k":"shop","v":"funeral_directors","st":"Bulevardul 22 Decembrie 1989","hn":"57","ph":"+40-265-215119","w":"https://vilifunerar.ro/"}},{"type":"Feature","geometry":{"type":"Point","coordinates":[24.577549,46.559555]},"properties":{"n":"Pensiunea El Passo","k":"tourism","v":"hotel","st":"Bulevardul 22 Decembrie 1989","hn":"71","ph":"+40755679645"}},{"type":"Feature","geometry":{"type":"Point","coordinates":[24.578115,46.558209]},"properties":{"n":"Clinica SANTE","k":"amenity","v":"clinic","st":"Strada Gheorghe Marinescu","hn":"60","oh":"Mo-Fr 07:00-15:30; Sa 08:00-14:00","ph":"0784271650","w":"https://clinica-sante.ro/"}},{"type":"Feature","geometry":{"type":"Point","coordinates":[24.576137,46.557806]},"properties":{"n":"WDG","k":"craft","v":"glaziery","st":"Bulevardul 22 Decembrie 1989","hn":"30A","oh":"Mo-Fr 09:00-17:00","ph":"+40757393257","w":"https://www.wdg-trading.com/"}},{"type":"Feature","geometry":{"type":"Point","coordinates":[24.576486,46.557975]},"properties":{"n":"Print Shop Mureș","k":"shop","v":"copyshop","st":"Bulevardul 22 Decembrie 1989","hn":"36B","oh":"Mo-Fr 09:00-17:00; Sa 10:00-14:00","ph":"+40774524733","w":"http://www.etex.ro/"}},{"type":"Feature","geometry":{"type":"Point","coordinates":[24.577251,46.558403]},"properties":{"n":"Selena","k":"amenity","v":"pharmacy","st":"Bulevardul 22 Decembrie 1989","hn":"42","oh":"Mo-Fr 08:00-20:00; Sa 09:00-15:00","ph":"+40265218429"}},{"type":"Feature","geometry":{"type":"Point","coordinates":[24.577528,46.558649]},"properties":{"n":"Novo Café","k":"amenity","v":"cafe","st":"Bulevardul 22 Decembrie 1989","hn":"44","oh":"08:00-22:00","ph":"+40745920292","cu":"coffee;sandwich;breakfast"}},{"type":"Feature","geometry":{"type":"Point","coordinates":[24.57754,46.558711]},"properties":{"n":"Betty's Cakes","k":"shop","v":"pastry","st":"Bulevardul 22 Decembrie 1989","hn":"44","oh":"Mo-Sa 09:00-18:00; Su 10:00-17:00","ph":"+40770604890","w":"https://bettyscakes.ro/"}},{"type":"Feature","geometry":{"type":"Point","coordinates":[24.577548,46.558756]},"properties":{"n":"Restaurant Triumf","k":"amenity","v":"restaurant","st":"Bulevardul 22 Decembrie 1989","hn":"44","oh":"09:00-22:00","ph":"+40744428344","w":"https://triumfcatering.ro/"}},{"type":"Feature","geometry":{"type":"Point","coordinates":[24.577522,46.558869]},"properties":{"n":"Ortopedica","k":"shop","v":"medical_supply","st":"Bulevardul 22 Decembrie 1989","hn":"46","oh":"Mo-Fr 08:00-17:00; Sa 09:00-13:00","ph":"+40733774105","w":"https://ortopedica.ro/"}},{"type":"Feature","geometry":{"type":"Point","coordinates":[24.577333,46.559188]},"properties":{"n":"Tipografia Eclipsa","k":"shop","v":"copyshop","st":"Bulevardul 22 Decembrie 1989","hn":"63","ph":"+40744709409","w":"https://tipografiaeclipsa.ro/"}},{"type":"Feature","geometry":{"type":"Point","coordinates":[24.57685,46.558658]},"properties":{"n":"Pensiunea David","k":"tourism","v":"hotel","st":"Bulevardul 22 Decembrie 1989","hn":"55","ph":"+40743531995"}},{"type":"Feature","geometry":{"type":"Point","coordinates":[24.576997,46.555556]},"properties":{"n":"Székely martyrs' memorial","k":"historic","v":"memorial","alt":["Székely vértanúk emlékműve","Monumentul Secuilor Martiri"]}},{"type":"Feature","geometry":{"type":"Point","coordinates":[24.577472,46.559444]},"properties":{"n":"Wisdom Market Hall","k":"craft","v":"glaziery","st":"Bulevardul 22 Decembrie 1989","hn":"67","oh":"Mo-Fr 09:00-17:00; Sa 10:00-14:00","ph":"+40728297654","w":"http://www.ledtop.ro/"}},{"type":"Feature","geometry":{"type":"Point","coordinates":[24.577527,46.559419]},"properties":{"n":"QFORT","k":"shop","v":"doors","st":"Bulevardul 22 Decembrie 1989","hn":"67","oh":"Mo-Fr 09:00-17:00; Sa 10:00-14:00","ph":"+40728297654"}},{"type":"Feature","geometry":{"type":"Point","coordinates":[24.576229,46.558278]},"properties":{"n":"Ben Doky Vet","k":"amenity","v":"veterinary","st":"Bulevardul 22 Decembrie 1989","hn":"53","oh":"Mo-Fr 09:00-19:00; Sa 11:00-13:00","ph":"+40265218029"}},{"type":"Feature","geometry":{"type":"Point","coordinates":[24.570429,46.563572]},"properties":{"n":"Sörpatika","k":"amenity","v":"biergarten"}},{"type":"Feature","geometry":{"type":"Point","coordinates":[24.573611,46.561201]},"properties":{"n":"Complexul de Agrement și Sport Mureșul","k":"leisure","v":"water_park","alt":["Complexul Weekend","Primăria Târgu Mureș"]}},{"type":"Feature","geometry":{"type":"Point","coordinates":[24.570415,46.564151]},"properties":{"n":"Via Mariae - Mária-út","k":"tourism","v":"information","alt":["ekeMVH"]}},{"type":"Feature","geometry":{"type":"Point","coordinates":[24.581989,46.561077]},"properties":{"n":"Gold gym","k":"leisure","v":"fitness_centre","w":"https://gold-gym.ro/"}},{"type":"Feature","geometry":{"type":"Point","coordinates":[24.57826,46.562158]},"properties":{"n":"Electric House","k":"tourism","v":"apartment","st":"Strada Plutelor","hn":"2"}},{"type":"Feature","geometry":{"type":"Point","coordinates":[24.581457,46.561581]},"properties":{"n":"Foris Company Impex","k":"shop","v":"hardware","st":"Bulevardul 22 Decembrie 1989","hn":"114","oh":"Mo-Fr 08:00-16:00","ph":"+40265216110","w":"https://www.foriscompany.ro/"}},{"type":"Feature","geometry":{"type":"Point","coordinates":[24.580433,46.561301]},"properties":{"n":"Niki Parc","k":"shop","v":"bed","st":"Bulevardul 22 Decembrie 1989","hn":"113A","oh":"Mo-Th 10:00-17:00; Fr 10:00-15:00","ph":"+40745984363"}},{"type":"Feature","geometry":{"type":"Point","coordinates":[24.578462,46.560184]},"properties":{"n":"Tipografia Eclipsa","k":"shop","v":"copyshop","st":"Bulevardul 22 Decembrie 1989","hn":"63","ph":"0744709409","w":"https://tipografiaeclipsa.ro"}},{"type":"Feature","geometry":{"type":"Point","coordinates":[24.578954,46.560383]},"properties":{"n":"Direct Motor","k":"shop","v":"agrarian","st":"Bulevardul 22 Decembrie 1989","hn":"93","oh":"Mo-Fr 08:00-16:00","ph":"0742661715","w":"https://www.directmotor.ro/"}},{"type":"Feature","geometry":{"type":"Point","coordinates":[24.586551,46.564575]},"properties":{"n":"Coffe Time","k":"amenity","v":"cafe","st":"Strada 22 Decembrie 1989","cu":"coffee_shop"}},{"type":"Feature","geometry":{"type":"Point","coordinates":[24.583423,46.56252]},"properties":{"n":"Lukoil","k":"amenity","v":"fuel","st":"Bulevardul 22 Decembrie 1989","hn":"138"}},{"type":"Feature","geometry":{"type":"Point","coordinates":[24.599881,46.525965]},"properties":{"n":"OMV","k":"amenity","v":"fuel","st":"Bulevardul 1 Decembrie 1918","hn":"256","ph":"+40372428459","w":"https://www.omv.ro/"}},{"type":"Feature","geometry":{"type":"Point","coordinates":[24.600889,46.526627]},"properties":{"n":"Hotel Sandoria","k":"tourism","v":"hotel","st":"Bulevardul 1 Decembrie 1918","hn":"297","ph":"+40-265-260350","w":"https://hotelsandoria.ro/"}},{"type":"Feature","geometry":{"type":"Point","coordinates":[24.601024,46.526559]},"properties":{"n":"Restaurant Sandoria","k":"amenity","v":"restaurant","oh":"Mo-Su 07:00-23:30","cu":"regional"}},{"type":"Feature","geometry":{"type":"Point","coordinates":[24.598366,46.527231]},"properties":{"n":"Aqua Day Spa","k":"leisure","v":"sauna","st":"Bulevardul 1 Decembrie 1918","hn":"250","oh":"Mo 14:00-21:00; Tu-Fr 12:00-21:00; Sa-Su 09:00-21:00","ph":"+40-265-255525","w":"https://aqua-day-spa.ro/"}},{"type":"Feature","geometry":{"type":"Point","coordinates":[24.58964,46.532984]},"properties":{"n":"UniCredit Bank","k":"amenity","v":"bank","st":"Bulevardul 1 Decembrie 1918","hn":"255","oh":"Mo-Fr 09:00-17:00","ph":"+40265307502","w":"https://www.unicredit.ro/"}},{"type":"Feature","geometry":{"type":"Point","coordinates":[24.589575,46.533087]},"properties":{"n":"MaxBet","k":"amenity","v":"casino","alt":["Max Bet SRL"],"oh":"24/7","ph":"+40 21 323 2174;+40 31 405 2949","w":"https://maxbetgroup.ro"}},{"type":"Feature","geometry":{"type":"Point","coordinates":[24.590077,46.533624]},"properties":{"n":"Bucătăria lui Norbert","k":"amenity","v":"restaurant","cu":"regional"}},{"type":"Feature","geometry":{"type":"Point","coordinates":[24.589226,46.533372]},"properties":{"n":"Darina","k":"shop","v":"convenience","oh":"Mo-Su 07:00-22:00"}},{"type":"Feature","geometry":{"type":"Point","coordinates":[24.58932,46.533487]},"properties":{"n":"Monaco","k":"leisure","v":"adult_gaming_centre"}},{"type":"Feature","geometry":{"type":"Point","coordinates":[24.593346,46.530894]},"properties":{"n":"Wash&Go","k":"amenity","v":"car_wash","st":"Calea Sighișoarei","hn":"51","oh":"10:00-20:00","ph":"+40-740-138369"}},{"type":"Feature","geometry":{"type":"Point","coordinates":[24.593035,46.530912]},"properties":{"n":"Total Service A&JG","k":"shop","v":"car_repair","st":"Calea Sighișoarei","hn":"51","oh":"Mo-Fr 08:30-17:00","ph":"+40722567401"}},{"type":"Feature","geometry":{"type":"Point","coordinates":[24.589166,46.53269]},"properties":{"n":"Chocolate Brown Studio","k":"shop","v":"beauty","st":"Bulevardul 1 Decembrie 1918","hn":"214","oh":"Mo-Su 07:00-23:00","ph":"+40-365-882328","w":"https://chocolatebrown.ro/"}},{"type":"Feature","geometry":{"type":"Point","coordinates":[24.590509,46.530887]},"properties":{"n":"Merkur","k":"shop","v":"supermarket","oh":"Mo-Sa 07:00-21:30; Su 08:00-16:00","ph":"+40-799-732273","w":"http://www.merkuraruhaz.ro/"}},{"type":"Feature","geometry":{"type":"Point","coordinates":[24.590055,46.533235]},"properties":{"n":"Mobil service","k":"shop","v":"car_repair"}},{"type":"Feature","geometry":{"type":"Point","coordinates":[24.590338,46.533506]},"properties":{"n":"Plastic And Glass","k":"shop","v":"car_repair","st":"Strada Livezeni","hn":"2","oh":"Mo-Fr 08:00-17:00; Sa 09:00-13:00","ph":"0744-193126","w":"https://www.plasticandglass.ro/"}},{"type":"Feature","geometry":{"type":"Point","coordinates":[24.589193,46.533305]},"properties":{"n":"Synevo","k":"healthcare","v":"laboratory","w":"https://www.synevo.ro/"}},{"type":"Feature","geometry":{"type":"Point","coordinates":[24.5899,46.533357]},"properties":{"n":"CrossFit","k":"leisure","v":"fitness_centre","ph":"+40-722-310450"}},{"type":"Feature","geometry":{"type":"Point","coordinates":[24.589886,46.533509]},"properties":{"n":"Pro Electro Casa","k":"shop","v":"appliance","st":"Strada Livezeni","hn":"2","oh":"Mo-Sa 09:00-21:00","ph":"+40720027389","w":"https://www.magtop.ro/"}},{"type":"Feature","geometry":{"type":"Point","coordinates":[24.59314,46.529366]},"properties":{"n":"Reserved","k":"shop","v":"clothes","lvl":"0"}},{"type":"Feature","geometry":{"type":"Point","coordinates":[24.594266,46.529541]},"properties":{"n":"Starbucks","k":"amenity","v":"cafe","alt":["Starbucks Coffee"],"cu":"coffee_shop","lvl":"1"}},{"type":"Feature","geometry":{"type":"Point","coordinates":[24.593255,46.529596]},"properties":{"n":"New Yorker","k":"shop","v":"clothes","lvl":"0"}},{"type":"Feature","geometry":{"type":"Point","coordinates":[24.593912,46.528413]},"properties":{"n":"Sephora","k":"shop","v":"cosmetics","lvl":"0"}},{"type":"Feature","geometry":{"type":"Point","coordinates":[24.594382,46.528017]},"properties":{"n":"Yves Rocher","k":"shop","v":"beauty","lvl":"0"}},{"type":"Feature","geometry":{"type":"Point","coordinates":[24.594304,46.528132]},"properties":{"n":"Bookcity","k":"amenity","v":"library"}},{"type":"Feature","geometry":{"type":"Point","coordinates":[24.595629,46.528003]},"properties":{"n":"Carrefour","k":"shop","v":"supermarket","lvl":"0"}},{"type":"Feature","geometry":{"type":"Point","coordinates":[24.595061,46.528129]},"properties":{"n":"Orange","k":"shop","v":"mobile_phone","lvl":"0"}},{"type":"Feature","geometry":{"type":"Point","coordinates":[24.595603,46.528177]},"properties":{"n":"Raiffeisen Bank","k":"amenity","v":"bank","lvl":"0"}},{"type":"Feature","geometry":{"type":"Point","coordinates":[24.59545,46.528332]},"properties":{"n":"dm","k":"shop","v":"chemist","lvl":"0"}},{"type":"Feature","geometry":{"type":"Point","coordinates":[24.595268,46.528399]},"properties":{"n":"Skechers","k":"shop","v":"shoes","lvl":"0"}},{"type":"Feature","geometry":{"type":"Point","coordinates":[24.594812,46.528802]},"properties":{"n":"Deichmann","k":"shop","v":"shoes","lvl":"0"}},{"type":"Feature","geometry":{"type":"Point","coordinates":[24.595409,46.5289]},"properties":{"n":"CCC","k":"shop","v":"shoes","lvl":"0"}},{"type":"Feature","geometry":{"type":"Point","coordinates":[24.59517,46.528974]},"properties":{"n":"Intersport","k":"shop","v":"sports","lvl":"0"}},{"type":"Feature","geometry":{"type":"Point","coordinates":[24.594874,46.529079]},"properties":{"n":"Hervis","k":"shop","v":"sports","lvl":"0"}},{"type":"Feature","geometry":{"type":"Point","coordinates":[24.594644,46.529185]},"properties":{"n":"LC Waikiki","k":"shop","v":"clothes","lvl":"0"}},{"type":"Feature","geometry":{"type":"Point","coordinates":[24.59444,46.529199]},"properties":{"n":"Colin's","k":"shop","v":"clothes","lvl":"0"}},{"type":"Feature","geometry":{"type":"Point","coordinates":[24.593919,46.529095]},"properties":{"n":"Douglas","k":"shop","v":"perfumery","lvl":"0"}},{"type":"Feature","geometry":{"type":"Point","coordinates":[24.594522,46.528672]},"properties":{"n":"Office","k":"shop","v":"shoes","lvl":"0"}},{"type":"Feature","geometry":{"type":"Point","coordinates":[24.594762,46.528261]},"properties":{"n":"Pepco","k":"shop","v":"clothes","lvl":"0"}},{"type":"Feature","geometry":{"type":"Point","coordinates":[24.594098,46.528567]},"properties":{"n":"Tom Tailor","k":"shop","v":"clothes","lvl":"0"}},{"type":"Feature","geometry":{"type":"Point","coordinates":[24.594578,46.528153]},"properties":{"n":"Flanco","k":"shop","v":"electronics","lvl":"0"}},{"type":"Feature","geometry":{"type":"Point","coordinates":[24.594557,46.528907]},"properties":{"n":"Cropp","k":"shop","v":"clothes","lvl":"0"}},{"type":"Feature","geometry":{"type":"Point","coordinates":[24.594205,46.528795]},"properties":{"n":"House","k":"shop","v":"clothes","lvl":"0"}},{"type":"Feature","geometry":{"type":"Point","coordinates":[24.595073,46.527918]},"properties":{"n":"Banca Transilvania","k":"amenity","v":"bank","alt":["Transilvania Bank"],"lvl":"0"}},{"type":"Feature","geometry":{"type":"Point","coordinates":[24.594249,46.528496]},"properties":{"n":"orsay","k":"shop","v":"clothes","lvl":"0"}},{"type":"Feature","geometry":{"type":"Point","coordinates":[24.594311,46.52899]},"properties":{"n":"Sport Vision","k":"shop","v":"sports","lvl":"0"}},{"type":"Feature","geometry":{"type":"Point","coordinates":[24.594142,46.529082]},"properties":{"n":"Buzz","k":"shop","v":"shoes","lvl":"0"}},{"type":"Feature","geometry":{"type":"Point","coordinates":[24.594496,46.528404]},"properties":{"n":"Sinsay","k":"shop","v":"clothes","lvl":"0"}},{"type":"Feature","geometry":{"type":"Point","coordinates":[24.593403,46.529403]},"properties":{"n":"Cineplexx","k":"amenity","v":"cinema","lvl":"0"}},{"type":"Feature","geometry":{"type":"Point","coordinates":[24.592952,46.529425]},"properties":{"n":"KFC","k":"amenity","v":"fast_food","alt":["Kentucky Fried Chicken","US Food Network"],"oh":"Mo-Su 10:00-22:00","ph":"+40 752 025 374","w":"https://www.kfc.ro/","cu":"chicken","lvl":"1"}},{"type":"Feature","geometry":{"type":"Point","coordinates":[24.593268,46.528868]},"properties":{"n":"Salad Box","k":"amenity","v":"fast_food","cu":"regional;salad","lvl":"1"}},{"type":"Feature","geometry":{"type":"Point","coordinates":[24.593451,46.528926]},"properties":{"n":"Noodle Pack","k":"amenity","v":"fast_food","cu":"regional;burger","lvl":"1"}},{"type":"Feature","geometry":{"type":"Point","coordinates":[24.593264,46.528965]},"properties":{"n":"Spartan","k":"amenity","v":"fast_food","cu":"regional","lvl":"1"}},{"type":"Feature","geometry":{"type":"Point","coordinates":[24.593453,46.529156]},"properties":{"n":"Chopstix","k":"amenity","v":"fast_food","cu":"regional;burger","lvl":"1"}},{"type":"Feature","geometry":{"type":"Point","coordinates":[24.593633,46.52909]},"properties":{"n":"Cartofisserie","k":"amenity","v":"fast_food","cu":"regional;potato","lvl":"1"}},{"type":"Feature","geometry":{"type":"Point","coordinates":[24.593278,46.528807]},"properties":{"n":"Narcoffee Roasters","k":"amenity","v":"cafe","cu":"regional;coffee_shop","lvl":"1"}},{"type":"Feature","geometry":{"type":"Point","coordinates":[24.59321,46.532939]},"properties":{"n":"Agora Car Wash","k":"amenity","v":"car_wash","st":"Strada Regele Ferdinand","hn":"4","oh":"Mo-Sa 08:10-20:30; Su 08:10-19:30","ph":"0748168560"}},{"type":"Feature","geometry":{"type":"Point","coordinates":[24.594693,46.52855]},"properties":{"n":"Superbet","k":"shop","v":"bookmaker","alt":["Superbet Betting & Gaming SA"],"oh":"Mo-Su 10:00-22:00","ph":"+40 786 401 088","w":"https://www.superbet.ro/"}},{"type":"Feature","geometry":{"type":"Point","coordinates":[24.59487,46.528344]},"properties":{"n":"eMag","k":"shop","v":"electronics","alt":["Dante International S.A."],"st":"Bulevardul 1 Decembrie 1918","hn":"242","oh":"Mo-Su 10:00-22:00","ph":"0212005200","w":"https://www.emag.ro/"}},{"type":"Feature","geometry":{"type":"Point","coordinates":[24.589352,46.532586]},"properties":{"n":"Las Vegas Games","k":"amenity","v":"casino","st":"Bulevardul 1 Decembrie 1918","hn":"216","oh":"24/7","ph":"+40770974786","w":"https://www.lasvegas-games.ro/"}},{"type":"Feature","geometry":{"type":"Point","coordinates":[24.589307,46.532425]},"properties":{"n":"La Doi Pași","k":"shop","v":"convenience","st":"Bulevardul 1 Decembrie 1918","hn":"216","oh":"07:00-21:00","w":"https://www.la-doi-pasi.ro/"}},{"type":"Feature","geometry":{"type":"Point","coordinates":[24.589666,46.53242]},"properties":{"n":"Amadeus","k":"shop","v":"travel_agency","st":"Bulevardul 1 Decembrie 1918","hn":"218","ph":"+40745214677"}},{"type":"Feature","geometry":{"type":"Point","coordinates":[24.591997,46.532219]},"properties":{"n":"Skinderma","k":"amenity","v":"clinic","st":"Bulevardul 1 Decembrie 1918","hn":"271","oh":"Mo-Fr 14:00-20:00","ph":"+40770150897"}},{"type":"Feature","geometry":{"type":"Point","coordinates":[24.589594,46.531788]},"properties":{"n":"RecrutME","k":"office","v":"employment_agency","st":"Strada Pomicultorilor","hn":"4","oh":"Mo-Fr 08:00-16:30","ph":"+40729053890","w":"https://recrutme.ro"}},{"type":"Feature","geometry":{"type":"Point","coordinates":[24.589768,46.53295]},"properties":{"n":"Enel","k":"office","v":"energy_supplier","st":"Bulevardul 1 Decembrie 1918","hn":"225","oh":"Mo-Fr 09:00-17:00","ph":"0219977","w":"https://www.enel.ro/"}},{"type":"Feature","geometry":{"type":"Point","coordinates":[24.593585,46.531233]},"properties":{"n":"Sameday Easybox","k":"amenity","v":"parcel_locker","alt":["Sameday"],"oh":"24/7"}},{"type":"Feature","geometry":{"type":"Point","coordinates":[24.590874,46.533805]},"properties":{"n":"Sameday Easybox","k":"amenity","v":"parcel_locker","alt":["Sameday"],"oh":"24/7"}},{"type":"Feature","geometry":{"type":"Point","coordinates":[24.593723,46.529345]},"properties":{"n":"Cărturești","k":"shop","v":"books"}},{"type":"Feature","geometry":{"type":"Point","coordinates":[24.593574,46.52915]},"properties":{"n":"Bitcoin ATM","k":"amenity","v":"atm","alt":["bitpm"],"oh":"24/7","w":"https://bitpm.ro/bitcoin-atm-targu-mures/","lvl":"1"}},{"type":"Feature","geometry":{"type":"Point","coordinates":[24.593365,46.531218]},"properties":{"n":"Optiblu","k":"shop","v":"optician","alt":["OPTICAL INVESTMENT GROUP S.A"],"oh":"Mo-Su 10:00-22:00","ph":"+40 726 167 796","w":"https://www.optiblu.ro"}},{"type":"Feature","geometry":{"type":"Point","coordinates":[24.592901,46.532933]},"properties":{"n":"Agora Fitness Center","k":"leisure","v":"fitness_centre","st":"Strada Regele Ferdinand","hn":"4","oh":"Mo-Fr 06:00-22:00; Sa 08:00-18:00; Su 10:00-18:00","ph":"0741283283"}},{"type":"Feature","geometry":{"type":"Point","coordinates":[24.598251,46.527319]},"properties":{"n":"Business Conference Hotel","k":"tourism","v":"hotel","st":"Bulevardul 1 Decembrie 1918","hn":"250","ph":"+40-265-255550","w":"https://www.hotel-business.ro/"}},{"type":"Feature","geometry":{"type":"Point","coordinates":[24.595765,46.531732]},"properties":{"n":"Ani-co","k":"amenity","v":"car_wash","st":"Bulevardul 1 Decembrie 1918","hn":"287C","oh":"24/7","ph":"+40-265-257347","w":"http://www.spalama.eu"}},{"type":"Feature","geometry":{"type":"Point","coordinates":[24.598385,46.530715]},"properties":{"n":"Orange","k":"shop","v":"mobile_phone","oh":"Mo-Su 09:00-21:00","w":"https://www.orange.ro/"}},{"type":"Feature","geometry":{"type":"Point","coordinates":[24.598492,46.527444]},"properties":{"n":"The Bridge Grill","k":"amenity","v":"restaurant","st":"Bulevardul 1 Decembrie 1918","hn":"250","oh":"24/7","ph":"+40-734-100500","w":"https://www.bridgegrill.ro/","cu":"regional"}},{"type":"Feature","geometry":{"type":"Point","coordinates":[24.597889,46.530907]},"properties":{"n":"Dr. Max","k":"amenity","v":"pharmacy","alt":["Dr.Max"],"oh":"Mo-Su 09:00-21:00;","ph":"+40-745-160984","w":"https://www.drmax.ro"}},{"type":"Feature","geometry":{"type":"Point","coordinates":[24.59605,46.52803]},"properties":{"n":"Vodafone","k":"shop","v":"mobile_phone","lvl":"0"}},{"type":"Feature","geometry":{"type":"Point","coordinates":[24.596182,46.528043]},"properties":{"n":"Dr. Max","k":"amenity","v":"pharmacy","alt":["Dr.Max"],"w":"https://www.drmax.ro","lvl":"0"}},{"type":"Feature","geometry":{"type":"Point","coordinates":[24.595941,46.528445]},"properties":{"n":"Meron","k":"amenity","v":"cafe","cu":"regional;coffee_shop","lvl":"0"}},{"type":"Feature","geometry":{"type":"Point","coordinates":[24.598177,46.530655]},"properties":{"n":"Bitcoin ATM - Shitcoins.club","k":"amenity","v":"atm","alt":["Shitcoins.club"],"st":"Bulevardul 1 Decembrie 1918","hn":"291","oh":"Mo-Su 08:00-22:00","ph":"+40 73 634 9282","w":"https://shitcoins.club/localizarea-atm/bancomat-bitcoin-t%C3%A2rgu-mure%C8%99-bulevardul-decembrie-auchan","lvl":"0"}},{"type":"Feature","geometry":{"type":"Point","coordinates":[24.597913,46.531044]},"properties":{"n":"18 Gym Tudor Auchan","k":"leisure","v":"fitness_centre","st":"Bulevardul 1 Decembrie 1918","hn":"291","oh":"Mo-Fr 07:00-20:00","ph":"0774 684 711","w":"https://18gym.ro/targu-mures-tudor-auchan/"}},{"type":"Feature","geometry":{"type":"Point","coordinates":[24.604835,46.523654]},"properties":{"n":"Vila Chesa","k":"tourism","v":"hotel","ph":"+40-265-257061","w":"http://www.chesa-turism.eu/"}},{"type":"Feature","geometry":{"type":"Point","coordinates":[24.591072,46.536648]},"properties":{"n":"Banca Transilvania","k":"amenity","v":"bank","alt":["Transilvania Bank"],"st":"Strada Cutezanței","hn":"21","oh":"Mo-Fr 09:00-17:00","ph":"+40-265-233202","w":"https://www.bancatransilvania.ro/"}},{"type":"Feature","geometry":{"type":"Point","coordinates":[24.591679,46.534624]},"properties":{"n":"Mini Luxor","k":"shop","v":"convenience"}},{"type":"Feature","geometry":{"type":"Point","coordinates":[24.592533,46.536198]},"properties":{"n":"Restaurant Diamant","k":"amenity","v":"restaurant","cu":"regional"}},{"type":"Feature","geometry":{"type":"Point","coordinates":[24.591452,46.536109]},"properties":{"n":"Diamond Caffe","k":"amenity","v":"bar"}},{"type":"Feature","geometry":{"type":"Point","coordinates":[24.592605,46.535553]},"properties":{"n":"Diamond Pub","k":"amenity","v":"pub"}},{"type":"Feature","geometry":{"type":"Point","coordinates":[24.591154,46.536579]},"properties":{"n":"Carrefour Express","k":"shop","v":"convenience","w":"https://carrefour.ro/"}},{"type":"Feature","geometry":{"type":"Point","coordinates":[24.589767,46.537185]},"properties":{"n":"Berăria Silva","k":"amenity","v":"pub","st":"Strada Cutezanței","hn":"27","oh":"Mo-Fr 08:00-03:00; Sa-Su 10:00-03:00","ph":"+40-365-430521"}},{"type":"Feature","geometry":{"type":"Point","coordinates":[24.591125,46.536195]},"properties":{"n":"Serviciul de Stabilire, Încasare Impozite și Taxe","k":"office","v":"government","alt":["Adó és Illeték Megállapító és Begyűjtő Osztály"],"oh":"Mo,We 08:00-12:00,12:30-14:15; Tu,Th 08:00-12:00,12:30-15:30; Fr 08:00-12:00,12:30-13:15"}},{"type":"Feature","geometry":{"type":"Point","coordinates":[24.590177,46.537108]},"properties":{"n":"Centrul Medical Cutezanței","k":"amenity","v":"clinic"}},{"type":"Feature","geometry":{"type":"Point","coordinates":[24.590535,46.536918]},"properties":{"n":"Superbet","k":"shop","v":"bookmaker","alt":["Superbet Betting & Gaming SA"],"oh":"Mo-Su 10:00-22:00","ph":"+40 786 401 088","w":"https://www.superbet.ro/"}},{"type":"Feature","geometry":{"type":"Point","coordinates":[24.591027,46.536674]},"properties":{"n":"Medimfarm","k":"amenity","v":"pharmacy"}},{"type":"Feature","geometry":{"type":"Point","coordinates":[24.591013,46.536389]},"properties":{"n":"Timko","k":"shop","v":"bakery"}},{"type":"Feature","geometry":{"type":"Point","coordinates":[24.591565,46.536067]},"properties":{"n":"Profi","k":"shop","v":"supermarket","alt":["Profi Rom Food"],"oh":"Mo-Sa 07:00-22:00;Su 08:00-22:00","ph":"+40 747 042 903;+40 747 047 459","w":"https://www.profi.ro/"}},{"type":"Feature","geometry":{"type":"Point","coordinates":[24.595218,46.538136]},"properties":{"n":"Sigmanet","k":"office","v":"graphic_design","st":"Strada Subpădure","hn":"10","ph":"+40770730730","w":"https://www.sigma-net.ro/"}},{"type":"Feature","geometry":{"type":"Point","coordinates":[24.594553,46.534935]},"properties":{"n":"easybox","k":"amenity","v":"parcel_locker","alt":["Sameday"],"oh":"24/7"}},{"type":"Feature","geometry":{"type":"Point","coordinates":[24.592929,46.534953]},"properties":{"n":"Elite Beauty","k":"shop","v":"beauty","st":"Strada Livezeni","hn":"25","oh":"Mo-Fr 08:00-20:00"}},{"type":"Feature","geometry":{"type":"Point","coordinates":[24.591653,46.535998]},"properties":{"n":"Papa's Food","k":"amenity","v":"fast_food","st":"Strada Cutezanței"}},{"type":"Feature","geometry":{"type":"Point","coordinates":[24.598854,46.536393]},"properties":{"n":"Prolecons","k":"craft","v":"carpenter","st":"Strada Livezeni","hn":"18","oh":"Mo-Fr 08:00-16:00","ph":"0744556236","w":"https://www.proelcons.ro/"}},{"type":"Feature","geometry":{"type":"Point","coordinates":[24.598292,46.539057]},"properties":{"n":"Rotecom","k":"craft","v":"glaziery","st":"Strada Livezeni","hn":"69","ph":"+40265258177","w":"https://www.geam-termopan.eu/"}},{"type":"Feature","geometry":{"type":"Point","coordinates":[24.598298,46.538954]},"properties":{"n":"FG Academy","k":"leisure","v":"fitness_centre","st":"Strada Livezeni","hn":"69","oh":"Mo-Fr 07:00-22:00; Sa 07:00-14:00","ph":"+40758411312"}},{"type":"Feature","geometry":{"type":"Point","coordinates":[24.597848,46.538874]},"properties":{"n":"Nara","k":"shop","v":"doors","st":"Strada Livezeni","hn":"69","oh":"Mo-Fr 07:00-15:30","ph":"+40745613931"}},{"type":"Feature","geometry":{"type":"Point","coordinates":[24.598483,46.538302]},"properties":{"n":"Timaur Com","k":"office","v":"logistics","st":"Strada Livezeni","hn":"69","oh":"Mo-Fr 09:00-17:00","ph":"+40748477119"}},{"type":"Feature","geometry":{"type":"Point","coordinates":[24.59846,46.538199]},"properties":{"n":"Facultatea de Economie și Drept","k":"amenity","v":"university","alt":["Universitatea de Medicină, Farmacie, Științe și Tehnologie „George Emil Palade”"],"st":"Strada Livezeni","hn":"69","ph":"+40265219034","w":"https://www.umfst.ro"}},{"type":"Feature","geometry":{"type":"Point","coordinates":[24.597987,46.538162]},"properties":{"n":"Seldor","k":"shop","v":"trade","st":"Strada Livezeni","hn":"69","oh":"Mo-Fr 08:30-17:00","ph":"+40726251111"}},{"type":"Feature","geometry":{"type":"Point","coordinates":[24.616225,46.521191]},"properties":{"n":"Biserica Reformată Corunca","k":"amenity","v":"place_of_worship"}},{"type":"Feature","geometry":{"type":"Point","coordinates":[24.619899,46.52278]},"properties":{"n":"Biserica Ortodoxă Corunca","k":"amenity","v":"place_of_worship"}},{"type":"Feature","geometry":{"type":"Point","coordinates":[24.619033,46.521846]},"properties":{"n":"Școala Generală I-VIII Corunca","k":"amenity","v":"school"}},{"type":"Feature","geometry":{"type":"Point","coordinates":[24.617948,46.52088]},"properties":{"n":"Căminul Cultural Corunca","k":"amenity","v":"community_centre"}},{"type":"Feature","geometry":{"type":"Point","coordinates":[24.620745,46.54529]},"properties":{"n":"Roni Pizza","k":"amenity","v":"restaurant","ph":"+40-746-666065","w":"https://pizzaroni.ro/","cu":"pizza"}},{"type":"Feature","geometry":{"type":"Point","coordinates":[24.619624,46.545432]},"properties":{"n":"Penny Livezeni","k":"shop","v":"supermarket","st":"Aleea Lunii","oh":"Mo-Su 07:00-22:00","w":"https://www.penny.ro/"}},{"type":"Feature","geometry":{"type":"Point","coordinates":[24.619608,46.545862]},"properties":{"n":"Pomodorio-Pizza&Grill","k":"amenity","v":"restaurant","st":"Dj135","hn":"268","oh":"Mo-Su 12:00-22:00","ph":"0711 953 884","cu":"local"}},{"type":"Feature","geometry":{"type":"Point","coordinates":[24.626011,46.545768]},"properties":{"n":"Helka Play House","k":"leisure","v":"indoor_play","oh":"Mo-Fr 14:00-19:00; Sa-Su 11:00-19:00","ph":"+40740 798 749"}},{"type":"Feature","geometry":{"type":"Point","coordinates":[24.590373,46.552208]},"properties":{"n":"Canguri","k":"tourism","v":"attraction","alt":["kenguruk kifutója"]}},{"type":"Feature","geometry":{"type":"Point","coordinates":[24.594178,46.552466]},"properties":{"n":"Pavilion tigri","k":"tourism","v":"attraction","alt":["Tigris kifutó"]}},{"type":"Feature","geometry":{"type":"Point","coordinates":[24.593354,46.550962]},"properties":{"n":"Păsări răpitoare","k":"tourism","v":"attraction","alt":["ragadozó madarak"]}},{"type":"Feature","geometry":{"type":"Point","coordinates":[24.590031,46.551973]},"properties":{"n":"Lion Statue","k":"tourism","v":"artwork","alt":["Oroszlán szobor","Statuie Leu"]}},{"type":"Feature","geometry":{"type":"Point","coordinates":[24.589523,46.551618]},"properties":{"n":"stația Zoo","k":"railway","v":"halt","alt":["Állatkerti megálló"]}},{"type":"Feature","geometry":{"type":"Point","coordinates":[24.609969,46.559914]},"properties":{"n":"kilátás Jedd felé","k":"tourism","v":"viewpoint"}},{"type":"Feature","geometry":{"type":"Point","coordinates":[24.590856,46.567838]},"properties":{"n":"Bosch Car Service Szkaliczki","k":"shop","v":"car_repair","alt":["autoszerviz","garaj mecanic auto"],"st":"Strada Petki Dávid","hn":"27/A","oh":"Mo-Fr 08:00-18:00","ph":"0730508343","w":"https://bcss.ro/"}},{"type":"Feature","geometry":{"type":"Point","coordinates":[24.590919,46.567681]},"properties":{"n":"Service Auto Bosch","k":"shop","v":"car_repair","alt":["Bosch Car Service"]}},{"type":"Feature","geometry":{"type":"Point","coordinates":[24.597645,46.571196]},"properties":{"n":"Loebis SRL Fier forjat","k":"office","v":"company","st":"Strada Petki Dávid"}},{"type":"Feature","geometry":{"type":"Point","coordinates":[24.598026,46.572145]},"properties":{"n":"Primăria Sângeorgiu de Mureș","k":"amenity","v":"townhall","st":"Strada Petki Dávid","hn":"130"}},{"type":"Feature","geometry":{"type":"Point","coordinates":[24.598142,46.572312]},"properties":{"n":"Zitcom (Alphega)","k":"amenity","v":"pharmacy","st":"Strada Petki Dávid","hn":"132"}},{"type":"Feature","geometry":{"type":"Point","coordinates":[24.597822,46.57209]},"properties":{"n":"Primula","k":"amenity","v":"pharmacy","st":"Strada Petki Dávid","hn":"128"}},{"type":"Feature","geometry":{"type":"Point","coordinates":[24.607172,46.572877]},"properties":{"n":"Biserica Romano-Catolică Sângeorgiu de Mureș","k":"amenity","v":"place_of_worship","alt":["Szent György vértanú templom"]}},{"type":"Feature","geometry":{"type":"Point","coordinates":[24.609188,46.572425]},"properties":{"n":"Biserica Unitariană Sângeorgiu de Mureș","k":"amenity","v":"place_of_worship"}},{"type":"Feature","geometry":{"type":"Point","coordinates":[24.634592,46.552365]},"properties":{"n":"Biserica Reformată","k":"amenity","v":"place_of_worship","alt":["Református Templom"],"hn":"169"}},{"type":"Feature","geometry":{"type":"Point","coordinates":[24.635038,46.549601]},"properties":{"n":"Primăria Livezeni","k":"office","v":"government","alt":["City hall Livezeni"]}},{"type":"Feature","geometry":{"type":"Point","coordinates":[24.556107,46.576726]},"properties":{"n":"Biserica Reformată Sântana de Mureș","k":"amenity","v":"place_of_worship"}},{"type":"Feature","geometry":{"type":"Point","coordinates":[24.554638,46.578116]},"properties":{"n":"Biserica Ortodoxă Sântana de Mureș","k":"amenity","v":"place_of_worship"}},{"type":"Feature","geometry":{"type":"Point","coordinates":[24.554849,46.576189]},"properties":{"n":"Gyopár","k":"amenity","v":"pharmacy","ph":"+40-265-323416"}},{"type":"Feature","geometry":{"type":"Point","coordinates":[24.554953,46.576259]},"properties":{"n":"Dispensar Sântana de Mureș","k":"amenity","v":"doctors"}},{"type":"Feature","geometry":{"type":"Point","coordinates":[24.569791,46.59269]},"properties":{"n":"Biserica Ortodoxă Curteni","k":"amenity","v":"place_of_worship"}},{"type":"Feature","geometry":{"type":"Point","coordinates":[24.572197,46.59444]},"properties":{"n":"Biserica Reformată Curteni","k":"amenity","v":"place_of_worship"}},{"type":"Feature","geometry":{"type":"Point","coordinates":[24.60474,46.57654]},"properties":{"n":"Pizza Vivi","k":"amenity","v":"restaurant","w":"http://www.pizzeriavivi.ro/","cu":"pizza"}},{"type":"Feature","geometry":{"type":"Point","coordinates":[24.603218,46.575043]},"properties":{"n":"Banca Transilvania","k":"amenity","v":"bank","alt":["Transilvania Bank"]}},{"type":"Feature","geometry":{"type":"Point","coordinates":[24.605611,46.577286]},"properties":{"n":"Biserica Reformată Sângeorgiu de Mureș","k":"amenity","v":"place_of_worship"}},{"type":"Feature","geometry":{"type":"Point","coordinates":[24.605355,46.576608]},"properties":{"n":"Pensiunea Mureșul","k":"tourism","v":"hotel"}},{"type":"Feature","geometry":{"type":"Point","coordinates":[24.608351,46.579408]},"properties":{"n":"Biserica de lemn Sângeorgiu de Mureș","k":"amenity","v":"place_of_worship"}},{"type":"Feature","geometry":{"type":"Point","coordinates":[24.603992,46.574651]},"properties":{"n":"Oficiul Poștal Sângeorgiu de Mureș","k":"amenity","v":"post_office","alt":["Poșta Română"],"st":"Strada Márton Áron","hn":"285","oh":"Mo-Fr 09:00-15:30"}},{"type":"Feature","geometry":{"type":"Point","coordinates":[24.608296,46.583579]},"properties":{"n":"Hotel Apollo","k":"tourism","v":"hotel","st":"Strada Băilor","hn":"1112","ph":"+40-752-011914","w":"http://clubapollo.ro/"}},{"type":"Feature","geometry":{"type":"Point","coordinates":[24.603004,46.584334]},"properties":{"n":"Napa Impex","k":"office","v":"architect","st":"Strada Narciselor","hn":"4","oh":"Mo-Fr 08:00-18:00","ph":"+40 265 315 268, +40 722 330 858","w":"https://www.napa.ro/"}},{"type":"Feature","geometry":{"type":"Point","coordinates":[24.60854,46.582859]},"properties":{"n":"Sólyom","k":"amenity","v":"restaurant"}},{"type":"Feature","geometry":{"type":"Point","coordinates":[24.613413,46.584663]},"properties":{"n":"Lukoil","k":"amenity","v":"fuel"}},{"type":"Feature","geometry":{"type":"Point","coordinates":[24.609177,46.579855]},"properties":{"n":"Biserica Ortodoxă Sângeorgiu de Mureș","k":"amenity","v":"place_of_worship"}},{"type":"Feature","geometry":{"type":"Point","coordinates":[24.637706,46.583391]},"properties":{"n":"Mănăstirea Kis Szent Teréz","k":"amenity","v":"place_of_worship","alt":["Kis Szent Teréz Kolostor"]}},{"type":"Feature","geometry":{"type":"Point","coordinates":[24.621573,46.590056]},"properties":{"n":"Restaurant Misi Csárda","k":"amenity","v":"restaurant","st":"Strada Transilvaniei","hn":"224/A","oh":"Mo-Su 07:00-23:00","ph":"+40265 333 444","cu":"italian;hungarian"}},{"type":"Feature","geometry":{"type":"Point","coordinates":[24.62396,46.59155]},"properties":{"n":"OMV","k":"amenity","v":"fuel","st":"Strada Transilvaniei","hn":"1046A","oh":"24/7","ph":"+40-265-318938","w":"https://www.omv.ro/"}},{"type":"Feature","geometry":{"type":"Point","coordinates":[24.62391,46.591371]},"properties":{"n":"Brutăria Kovács","k":"shop","v":"bakery"}},{"type":"Feature","geometry":{"type":"Point","coordinates":[24.623282,46.593863]},"properties":{"n":"Raiffeisen Bank","k":"amenity","v":"bank","oh":"Mo-Sa 08:00-22:00; Su 09:00-19:00","ph":"+40-265-703720"}},{"type":"Feature","geometry":{"type":"Point","coordinates":[24.482864,46.498256]},"properties":{"n":"24Wood","k":"shop","v":"trade","alt":["S.C. 24wood s.r.l."],"st":"Strada Principală","hn":"562H","ph":"+40 265 263 366","w":"https://www.24wood.ro/"}},{"type":"Feature","geometry":{"type":"Point","coordinates":[24.474359,46.503906]},"properties":{"n":"Biserica Reformată","k":"amenity","v":"place_of_worship"}},{"type":"Feature","geometry":{"type":"Point","coordinates":[24.479319,46.506318]},"properties":{"n":"Biserica Ortodoxă","k":"amenity","v":"place_of_worship"}},{"type":"Feature","geometry":{"type":"Point","coordinates":[24.495798,46.500225]},"properties":{"n":"Capela Reformată","k":"amenity","v":"place_of_worship","st":"Strada Câmpului"}},{"type":"Feature","geometry":{"type":"Point","coordinates":[24.492325,46.502041]},"properties":{"n":"Primăria Cristești","k":"amenity","v":"townhall"}},{"type":"Feature","geometry":{"type":"Point","coordinates":[24.494086,46.502165]},"properties":{"n":"Biserica Romano-Catolică","k":"amenity","v":"place_of_worship","alt":["Szent Kereszt megtalálása templom"]}},{"type":"Feature","geometry":{"type":"Point","coordinates":[24.50075,46.505681]},"properties":{"n":"Materom","k":"shop","v":"car","st":"Strada Viilor","hn":"800","ph":"+40-265-327127","w":"https://materom.ro/"}},{"type":"Feature","geometry":{"type":"Point","coordinates":[24.502009,46.50666]},"properties":{"n":"XCars","k":"shop","v":"car","alt":["BMW"]}},{"type":"Feature","geometry":{"type":"Point","coordinates":[24.508472,46.50924]},"properties":{"n":"Leroy Merlin","k":"shop","v":"doityourself"}},{"type":"Feature","geometry":{"type":"Point","coordinates":[24.508411,46.510906]},"properties":{"n":"Alias Service","k":"shop","v":"car_repair","alt":["Mercedes-Benz","ALIAT AUTO SRL"],"st":"Strada Gheorghe Doja","hn":"304","oh":"Mo-Fr 08:00-17:00; Sa 08:00-13:00","ph":"0265253154","w":"https://www.aliat-auto.ro/"}},{"type":"Feature","geometry":{"type":"Point","coordinates":[24.507577,46.510544]},"properties":{"n":"Aliat Auto","k":"shop","v":"car","alt":["Mercedes-Benz","ALIAT AUTO SRL"],"st":"Strada Gheorghe Doja","hn":"304","oh":"Mo-Fr 08:00-17:00; Sa 09:00-14:00","ph":"0265253154","w":"https://www.aliat-auto.ro/"}},{"type":"Feature","geometry":{"type":"Point","coordinates":[24.506665,46.508584]},"properties":{"n":"Registrul Auto Român","k":"office","v":"government"}},{"type":"Feature","geometry":{"type":"Point","coordinates":[24.50551,46.508712]},"properties":{"n":"Kärcher","k":"shop","v":"hardware"}},{"type":"Feature","geometry":{"type":"Point","coordinates":[24.504971,46.508404]},"properties":{"n":"VIA","k":"amenity","v":"fuel"}},{"type":"Feature","geometry":{"type":"Point","coordinates":[24.505297,46.508357]},"properties":{"n":"Complex VIA","k":"tourism","v":"motel"}},{"type":"Feature","geometry":{"type":"Point","coordinates":[24.525073,46.501227]},"properties":{"n":"Stația de Sortare, Compostare și Transfer Cristești","k":"amenity","v":"waste_transfer_station","alt":["Maroskeresztúri Válogató, Átrakó és Komposztáló Állomás","Iridex Group"]}},{"type":"Feature","geometry":{"type":"Point","coordinates":[24.51168,46.509495]},"properties":{"n":"Media Galaxy","k":"shop","v":"electronics"}},{"type":"Feature","geometry":{"type":"Point","coordinates":[24.512757,46.509997]},"properties":{"n":"Auchan","k":"shop","v":"supermarket","oh":"Mo-Su 08:00-22:00","ph":"+40-750-106000","w":"https://www.auchan.ro/magazin/fc509318-536c-11ed-83ab-0ae96a46b0bd"}},{"type":"Feature","geometry":{"type":"Point","coordinates":[24.519033,46.512955]},"properties":{"n":"METRO","k":"shop","v":"wholesale","st":"Strada Gheorghe Doja","hn":"233","oh":"Mo-Sa 06:00-22:00; Su 08:00-18:00","ph":"+40-374-115555","w":"https://www.metro.ro/"}},{"type":"Feature","geometry":{"type":"Point","coordinates":[24.523187,46.518459]},"properties":{"n":"Grupul școlar de Chimie Industrială Emil A. Dandea","k":"amenity","v":"college"}},{"type":"Feature","geometry":{"type":"Point","coordinates":[24.516015,46.519431]},"properties":{"n":"Centru Logistic Materom","k":"shop","v":"car_parts"}},{"type":"Feature","geometry":{"type":"Point","coordinates":[24.520168,46.515692]},"properties":{"n":"Imperial Inn Hotel","k":"tourism","v":"hotel","st":"Strada Gheorghe Doja","hn":"231","w":"https://www.imperialinn.ro/"}},{"type":"Feature","geometry":{"type":"Point","coordinates":[24.517868,46.515752]},"properties":{"n":"Suzuki Hinode","k":"shop","v":"car","alt":["Suzuki"]}},{"type":"Feature","geometry":{"type":"Point","coordinates":[24.522109,46.51775]},"properties":{"n":"Mobexpert","k":"shop","v":"furniture","st":"Strada Gheorghe Doja","hn":"242"}},{"type":"Feature","geometry":{"type":"Point","coordinates":[24.519967,46.514806]},"properties":{"n":"Casa Ardeleană","k":"amenity","v":"restaurant","cu":"regional"}},{"type":"Feature","geometry":{"type":"Point","coordinates":[24.530488,46.520915]},"properties":{"n":"Romstal","k":"shop","v":"trade","st":"Strada Gheorghe Doja","hn":"191","oh":"Mo-Fr 08:00-18:00; Sa 09:00-13:00","ph":"+40-265-263929","w":"https://www.romstal.ro/"}},{"type":"Feature","geometry":{"type":"Point","coordinates":[24.52958,46.518914]},"properties":{"n":"Centrul Comercial Univers All","k":"shop","v":"wholesale","st":"Strada Gheorghe Doja","hn":"193"}},{"type":"Feature","geometry":{"type":"Point","coordinates":[24.52646,46.519877]},"properties":{"n":"Zsolt CarWash","k":"amenity","v":"car_wash","st":"Strada Gheorghe Doja","hn":"208","oh":"Mo-Sa 08:00-22:00; Su 08:00-15:00","ph":"+40-744-546975","w":"http://www.spalatoriaautozsolt.ro/"}},{"type":"Feature","geometry":{"type":"Point","coordinates":[24.472134,46.555493]},"properties":{"n":"Școala Generală Kádár Márton","k":"building","v":"school","alt":["Kádár Márton Általános Iskola"]}},{"type":"Feature","geometry":{"type":"Point","coordinates":[24.518354,46.524157]},"properties":{"n":"Biserica Ortodoxă Mureșeni","k":"amenity","v":"place_of_worship"}},{"type":"Feature","geometry":{"type":"Point","coordinates":[24.529807,46.521316]},"properties":{"n":"Calas","k":"shop","v":"car","st":"Strada Gheorghe Doja","hn":"198","ph":"+40-722-253335","w":"https://www.blindate.ro/"}},{"type":"Feature","geometry":{"type":"Point","coordinates":[24.529866,46.521663]},"properties":{"n":"Škoda","k":"shop","v":"car","alt":["Ingricop"],"st":"Strada Gheorghe Doja","hn":"194A","oh":"Mo-Fr 09:00-18:00; Sa 09:00-13:00","ph":"+40-265-306088","w":"https://www.ingricop.ro/"}},{"type":"Feature","geometry":{"type":"Point","coordinates":[24.530551,46.521719]},"properties":{"n":"Prestige","k":"amenity","v":"restaurant","st":"Strada Gheorghe Doja","hn":"190","ph":"+40-265-252431","cu":"pizza"}},{"type":"Feature","geometry":{"type":"Point","coordinates":[24.530772,46.521951]},"properties":{"n":"Biserica Sfânta Elisabeta","k":"amenity","v":"place_of_worship","alt":["Árpádházi Szent Erzsébet-templom"],"st":"Strada Gheorghe Doja","hn":"188"}},{"type":"Feature","geometry":{"type":"Point","coordinates":[24.531542,46.521797]},"properties":{"n":"Timko","k":"shop","v":"bakery"}},{"type":"Feature","geometry":{"type":"Point","coordinates":[24.534281,46.52369]},"properties":{"n":"Darina","k":"shop","v":"supermarket"}},{"type":"Feature","geometry":{"type":"Point","coordinates":[24.533391,46.527753]},"properties":{"n":"Centrul Comercial Transilvania","k":"building","v":"commercial"}},{"type":"Feature","geometry":{"type":"Point","coordinates":[24.535349,46.531641]},"properties":{"n":"GLS","k":"amenity","v":"post_office","st":"Strada Aeroportului","hn":"1","oh":"Mo-Fr 07:30-19:00","ph":"0269501900","w":"https://gls-group.com/RO/ro/home/"}},{"type":"Feature","geometry":{"type":"Point","coordinates":[24.512567,46.543635]},"properties":{"n":"Biserica catolică","k":"amenity","v":"place_of_worship","alt":["Nagyboldogasszony kápolna"]}},{"type":"Feature","geometry":{"type":"Point","coordinates":[24.531663,46.546875]},"properties":{"n":"AD GARAGE SEMIS","k":"shop","v":"car_repair","alt":["Semis SRL"],"ph":"0744 811 448"}},{"type":"Feature","geometry":{"type":"Point","coordinates":[24.534234,46.543303]},"properties":{"n":"ATM Auto Assistance","k":"shop","v":"car_repair","st":"Strada Barajului","hn":"9","oh":"Mo-Fr 08:00-17:00; Sa 09:00-14:00","ph":"+40757297119","w":"https://atmauto.ro/"}},{"type":"Feature","geometry":{"type":"Point","coordinates":[24.534711,46.543557]},"properties":{"n":"DPD","k":"amenity","v":"post_office","st":"Strada Barajului","hn":"9","oh":"Mo-Fr 09:00-18:00","ph":"+40745146299","w":"https://www.dpd.ro/"}},{"type":"Feature","geometry":{"type":"Point","coordinates":[24.531565,46.545286]},"properties":{"n":"PANDA","k":"amenity","v":"car_wash"}},{"type":"Feature","geometry":{"type":"Point","coordinates":[24.509019,46.553649]},"properties":{"n":"Hotel Laguna","k":"tourism","v":"hotel","alt":["Darina"],"st":"Strada Vale","hn":"1","ph":"+40-265-316343","w":"http://www.darina.ro/hotel-laguna/pestisorul-de-aur"}},{"type":"Feature","geometry":{"type":"Point","coordinates":[24.510116,46.55407]},"properties":{"n":"Peștișorul de Aur","k":"amenity","v":"restaurant","alt":["Darina"],"st":"Strada Vale","hn":"1","oh":"07:00-23:00","ph":"+40-265-316343","w":"http://www.darina.ro/hotel-laguna/restaurant-pestisorul-de-aur"}},{"type":"Feature","geometry":{"type":"Point","coordinates":[24.514569,46.549399]},"properties":{"n":"Auto Check Center PF Simion Sandor","k":"shop","v":"car_repair"}},{"type":"Feature","geometry":{"type":"Point","coordinates":[24.526581,46.550145]},"properties":{"n":"Darina","k":"shop","v":"supermarket"}},{"type":"Feature","geometry":{"type":"Point","coordinates":[24.531933,46.552012]},"properties":{"n":"Biserica Ortodoxă","k":"amenity","v":"place_of_worship"}},{"type":"Feature","geometry":{"type":"Point","coordinates":[24.531181,46.552927]},"properties":{"n":"SIGEMO","k":"shop","v":"tyres"}},{"type":"Feature","geometry":{"type":"Point","coordinates":[24.612692,46.512221]},"properties":{"n":"BMW Dealer Mureș","k":"shop","v":"car","hn":"357A","w":"https://www.bmw-mures.ro/"}},{"type":"Feature","geometry":{"type":"Point","coordinates":[24.612535,46.508626]},"properties":{"n":"Casa LaCostea","k":"tourism","v":"motel"}},{"type":"Feature","geometry":{"type":"Point","coordinates":[24.607405,46.51593]},"properties":{"n":"Boema","k":"amenity","v":"events_venue"}},{"type":"Feature","geometry":{"type":"Point","coordinates":[24.606291,46.518711]},"properties":{"n":"Penny","k":"shop","v":"supermarket"}},{"type":"Feature","geometry":{"type":"Point","coordinates":[24.613826,46.520246]},"properties":{"n":"Eva bar","k":"amenity","v":"pub"}},{"type":"Feature","geometry":{"type":"Point","coordinates":[24.619951,46.507624]},"properties":{"n":"Lion Victoria","k":"shop","v":"car","alt":["Dealer Dacia Renault"]}},{"type":"Feature","geometry":{"type":"Point","coordinates":[24.631634,46.500951]},"properties":{"n":"Restaurant Lyra","k":"amenity","v":"restaurant","st":"Calea Sighișoarei","hn":"209G","ph":"+40-265-333090","w":"https://www.restaurantlyra.ro/","cu":"regional"}},{"type":"Feature","geometry":{"type":"Point","coordinates":[24.63296,46.500572]},"properties":{"n":"Hotel Stejeriș","k":"tourism","v":"hotel","ph":"+40-749-277529","w":"http://www.vatman.ro/"}},{"type":"Feature","geometry":{"type":"Point","coordinates":[24.61739,46.509974]},"properties":{"n":"Ford","k":"shop","v":"car"}},{"type":"Feature","geometry":{"type":"Point","coordinates":[24.615727,46.510261]},"properties":{"n":"Pensiunea Corunca","k":"tourism","v":"motel","alt":["Koronka panzió"]}},{"type":"Feature","geometry":{"type":"Point","coordinates":[24.61554,46.510624]},"properties":{"n":"Vertiqual Engineering SRL","k":"building","v":"commercial","hn":"397G","ph":"+40365882142","w":"https://www.vertiqualsafety.com/"}},{"type":"Feature","geometry":{"type":"Point","coordinates":[24.539824,46.525679]},"properties":{"n":"Hotel Darina","k":"tourism","v":"hotel","st":"Strada Gheorghe Doja","hn":"177","ph":"+40-265-259390","w":"https://darina.ro/"}},{"type":"Feature","geometry":{"type":"Point","coordinates":[24.54187,46.526388]},"properties":{"n":"Hotel Perla","k":"tourism","v":"hotel","st":"Strada Gheorghe Doja","hn":"155","ph":"+40-265-312270","w":"http://www.hotel-perla.ro/"}},{"type":"Feature","geometry":{"type":"Point","coordinates":[24.537952,46.521707]},"properties":{"n":"Gimnaziul Serafim Duicu","k":"amenity","v":"school","alt":["Școala Generală nr. 1"],"st":"Strada Hunedoara","hn":"38"}},{"type":"Feature","geometry":{"type":"Point","coordinates":[24.539327,46.52256]},"properties":{"n":"Biserica Nașterea Sf. Ioan Botezătorul","k":"amenity","v":"place_of_worship"}},{"type":"Feature","geometry":{"type":"Point","coordinates":[24.537779,46.52618]},"properties":{"n":"Liceul Tehnologic Traian Vuia","k":"amenity","v":"school"}},{"type":"Feature","geometry":{"type":"Point","coordinates":[24.544017,46.52667]},"properties":{"n":"Surtec","k":"shop","v":"doityourself","st":"Strada Gheorghe Doja","hn":"145A","oh":"Mo-Fr 07:00-20:00; Sa 07:00-15:00","ph":"+40-265-263093","w":"https://www.surtectgm.ro/"}},{"type":"Feature","geometry":{"type":"Point","coordinates":[24.544066,46.52742]},"properties":{"n":"Hotel Ciao","k":"tourism","v":"hotel","st":"Strada Gheorghe Doja","hn":"143","ph":"+40-265-250750","w":"http://www.hotel-ciao.ro/"}},{"type":"Feature","geometry":{"type":"Point","coordinates":[24.545108,46.527071]},"properties":{"n":"Autogara Voiajor","k":"amenity","v":"bus_station"}},{"type":"Feature","geometry":{"type":"Point","coordinates":[24.543415,46.523299]},"properties":{"n":"Autogara Transport Local / Siletina","k":"amenity","v":"bus_station","st":"Strada Bega","hn":"2","ph":"+40265269077","w":"https://www.transportlocal.ro/"}},{"type":"Feature","geometry":{"type":"Point","coordinates":[24.549442,46.525764]},"properties":{"n":"Gimnaziul Serafim Duicu","k":"amenity","v":"school","alt":["Școala Generală nr. 11"],"st":"Strada Budiului","hn":"50A"}},{"type":"Feature","geometry":{"type":"Point","coordinates":[24.550071,46.530469]},"properties":{"n":"Clinica de Boli Infecțioase 1","k":"amenity","v":"hospital","st":"Strada Gheorghe Doja","hn":"89","ph":"+40-265-250533","w":"https://www.spitaljudeteanmures.ro/"}},{"type":"Feature","geometry":{"type":"Point","coordinates":[24.549581,46.532288]},"properties":{"n":"Lidl","k":"shop","v":"supermarket","st":"Strada Gheorghe Doja","hn":"62","oh":"Mo-Sa 07:30-22:00; Su 08:00-21:00","w":"https://www.lidl.ro/"}},{"type":"Feature","geometry":{"type":"Point","coordinates":[24.542864,46.527657]},"properties":{"n":"MOL","k":"amenity","v":"fuel"}},{"type":"Feature","geometry":{"type":"Point","coordinates":[24.538063,46.533438]},"properties":{"n":"Grădinița „Emanuel”","k":"amenity","v":"kindergarten"}},{"type":"Feature","geometry":{"type":"Point","coordinates":[24.549278,46.53337]},"properties":{"n":"Gara Târgu Mureș","k":"building","v":"train_station","alt":["Marosvásárhelyi vasútállomás"]}},{"type":"Feature","geometry":{"type":"Point","coordinates":[24.546171,46.529247]},"properties":{"n":"Multinvest Business Center 2","k":"building","v":"commercial","st":"Strada Gheorghe Doja","hn":"64-68","oh":"Mo-Fr 09:00-18:30","ph":"+40-265-703500","w":"https://www.raiffeisen.ro/"}},{"type":"Feature","geometry":{"type":"Point","coordinates":[24.546953,46.530974]},"properties":{"n":"Kaufland","k":"shop","v":"supermarket","st":"Strada Gheorghe Doja","hn":"64-68","oh":"Mo-Sa 07:30-22:00; Su 08:00-20:00","ph":"+40-372-092101","w":"https://www.kaufland.ro/utile/magazin/targu-mures-orasul-de-jos-2100.html"}},{"type":"Feature","geometry":{"type":"Point","coordinates":[24.549293,46.531191]},"properties":{"n":"OMV","k":"amenity","v":"fuel","st":"Strada Gheorghe Doja","hn":"62","oh":"24/7","ph":"+40-265-266435","w":"https://www.omv.ro/"}},{"type":"Feature","geometry":{"type":"Point","coordinates":[24.546471,46.528318]},"properties":{"n":"Clinica de Boli Infecțioase 2","k":"amenity","v":"hospital","st":"Strada Gheorghe Doja","hn":"127","ph":"+40-365-882605","w":"https://www.spitaljudeteanmures.ro/"}},{"type":"Feature","geometry":{"type":"Point","coordinates":[24.547213,46.529784]},"properties":{"n":"KFC","k":"amenity","v":"fast_food","alt":["Kentucky Fried Chicken","US Food Network"],"oh":"Mo-Su 09:00-23:45","ph":"+40 758 109 914","w":"https://www.kfc.ro/;https://www.kfc.ro/restaurante/targu-mures/kfc-targu-mures-drive-thru","cu":"chicken"}},{"type":"Feature","geometry":{"type":"Point","coordinates":[24.548641,46.53172]},"properties":{"n":"Selgros","k":"shop","v":"wholesale","st":"Strada Gheorghe Doja","hn":"62","oh":"07:00-22:00","ph":"+40-265-203000","w":"https://www.selgros.ro/"}},{"type":"Feature","geometry":{"type":"Point","coordinates":[24.548863,46.532663]},"properties":{"n":"Autogara Duda Trans","k":"amenity","v":"bus_station","st":"Piața Gării","ph":"+40732445577","w":"http://dudatrans.ro"}},{"type":"Feature","geometry":{"type":"Point","coordinates":[24.545143,46.530641]},"properties":{"n":"Dora Optics","k":"amenity","v":"hospital","st":"Strada Fabrica de Zahăr","hn":"18E","ph":"0771195340","w":"https://doraoptics.ro/"}},{"type":"Feature","geometry":{"type":"Point","coordinates":[24.544538,46.530369]},"properties":{"n":"Hampton by Hilton Târgu Mureș","k":"tourism","v":"hotel","alt":["Hampton Inn","Hampton by Hilton","Hampton","Hilton"],"st":"Strada Fabrica de Zahăr","hn":"18C","oh":"24/7","ph":"+40 365 445 866","w":"https://www.hilton.com/en/hotels/tgmrohx-hampton-targu-mures/?SEO_id=GMB-EMEA-HX-TGMROHX"}},{"type":"Feature","geometry":{"type":"Point","coordinates":[24.543855,46.530061]},"properties":{"n":"Incubcenter","k":"building","v":"office","st":"Strada Fabrica de Zahăr","hn":"18B","oh":"Mo-Fr 08:00-17:00","ph":"0754068427","w":"https://www.incubcenter-startup.ro/"}},{"type":"Feature","geometry":{"type":"Point","coordinates":[24.561655,46.534302]},"properties":{"n":"Grădinița Albinuța","k":"amenity","v":"kindergarten"}},{"type":"Feature","geometry":{"type":"Point","coordinates":[24.556393,46.530119]},"properties":{"n":"Biserica Sf. Trei Ierarhi, Târgu Mureș X","k":"amenity","v":"place_of_worship"}},{"type":"Feature","geometry":{"type":"Point","coordinates":[24.555711,46.52842]},"properties":{"n":"Liceul Tehnologic Gheorghe Șincai","k":"amenity","v":"school"}},{"type":"Feature","geometry":{"type":"Point","coordinates":[24.550316,46.528783]},"properties":{"n":"Biserica reformată din Orașul de Jos","k":"amenity","v":"place_of_worship","alt":["Alsóvárosi református templom"]}},{"type":"Feature","geometry":{"type":"Point","coordinates":[24.554796,46.530873]},"properties":{"n":"Grădinița Licurici","k":"amenity","v":"school"}},{"type":"Feature","geometry":{"type":"Point","coordinates":[24.555157,46.527956]},"properties":{"n":"Piața Comercială Târgu Mureș","k":"amenity","v":"marketplace"}},{"type":"Feature","geometry":{"type":"Point","coordinates":[24.552613,46.527503]},"properties":{"n":"Biserica Unitariană Dâmbul Pietros","k":"amenity","v":"place_of_worship","st":"Strada Episcop Dávid Ferenc","hn":"1","ph":"+40365449315","w":"https://unitarius.org/"}},{"type":"Feature","geometry":{"type":"Point","coordinates":[24.55744,46.528488]},"properties":{"n":"Grădinița Rândunica","k":"amenity","v":"kindergarten","alt":["Fecske óvoda"],"st":"Strada Ion Buteanu","hn":"18","ph":"+40-365-730953"}},{"type":"Feature","geometry":{"type":"Point","coordinates":[24.557811,46.532999]},"properties":{"n":"Clinica de Neonatologie-Prematuri","k":"amenity","v":"hospital","st":"Bulevardul 1848","hn":"24","ph":"+40-265-237019","w":"https://www.spitaljudeteanmures.ro/"}},{"type":"Feature","geometry":{"type":"Point","coordinates":[24.561192,46.528565]},"properties":{"n":"Lukoil","k":"amenity","v":"fuel","st":"Calea Sighișoarei","oh":"24/7","ph":"0759040534","w":"https://lukoil.ro/ro"}},{"type":"Feature","geometry":{"type":"Point","coordinates":[24.559378,46.53147]},"properties":{"n":"Gimnaziul \"Liviu Rebreanu\"","k":"amenity","v":"school","alt":["Școala generală nr. 17"],"st":"Strada Șurianu","hn":"3","ph":"+40-365-882845","w":"http://liviurebreanutgmures.blogspot.com/"}},{"type":"Feature","geometry":{"type":"Point","coordinates":[24.559884,46.52885]},"properties":{"n":"Meridian","k":"building","v":"commercial"}},{"type":"Feature","geometry":{"type":"Point","coordinates":[24.556946,46.533623]},"properties":{"n":"Biserica Sfântul Mihail","k":"amenity","v":"place_of_worship","alt":["Szent Miklós püspök-templom"],"st":"Strada Constantin Dobrogeanu Gherea","hn":"20"}},{"type":"Feature","geometry":{"type":"Point","coordinates":[24.540649,46.538009]},"properties":{"n":"Piața Libertății","k":"amenity","v":"marketplace"}},{"type":"Feature","geometry":{"type":"Point","coordinates":[24.542352,46.539436]},"properties":{"n":"Biserica Franciscană Sf. Emeric","k":"amenity","v":"place_of_worship","alt":["Szent Imre herceg (ferences) templom"]}},{"type":"Feature","geometry":{"type":"Point","coordinates":[24.542704,46.539191]},"properties":{"n":"Grupul școlar Aurel Persu","k":"amenity","v":"school"}},{"type":"Feature","geometry":{"type":"Point","coordinates":[24.539495,46.535144]},"properties":{"n":"Lidl","k":"shop","v":"supermarket","st":"Strada Libertății","hn":"113/A"}},{"type":"Feature","geometry":{"type":"Point","coordinates":[24.547649,46.539837]},"properties":{"n":"Parcul Curie","k":"leisure","v":"park"}},{"type":"Feature","geometry":{"type":"Point","coordinates":[24.545927,46.538703]},"properties":{"n":"Gimnaziul Nicolae Bălcescu","k":"amenity","v":"school"}},{"type":"Feature","geometry":{"type":"Point","coordinates":[24.548294,46.535457]},"properties":{"n":"Pensiunea Flora","k":"tourism","v":"guest_house","st":"Strada Nicolae Bălcescu","hn":"12","ph":"0752984190"}},{"type":"Feature","geometry":{"type":"Point","coordinates":[24.549681,46.543267]},"properties":{"n":"Școala Waldorf","k":"amenity","v":"school","alt":["Gimnaziul Nicolae Bălcescu"]}},{"type":"Feature","geometry":{"type":"Point","coordinates":[24.54515,46.540363]},"properties":{"n":"Complex Litoral","k":"building","v":"retail"}},{"type":"Feature","geometry":{"type":"Point","coordinates":[24.540799,46.539953]},"properties":{"n":"Grupul școlar Aurel Persu","k":"amenity","v":"school"}},{"type":"Feature","geometry":{"type":"Point","coordinates":[24.549591,46.538433]},"properties":{"n":"Studio 2.1","k":"amenity","v":"theatre","st":"Strada Frunzei","hn":"9"}},{"type":"Feature","geometry":{"type":"Point","coordinates":[24.549033,46.538838]},"properties":{"n":"Piața Armatei","k":"amenity","v":"marketplace","alt":["Piața de ruși"]}},{"type":"Feature","geometry":{"type":"Point","coordinates":[24.54807,46.541143]},"properties":{"n":"Biserica Unitariană Mihail (fostă reformată)","k":"amenity","v":"place_of_worship"}},{"type":"Feature","geometry":{"type":"Point","coordinates":[24.554384,46.5365]},"properties":{"n":"Piscina ing. Mircea Birău","k":"leisure","v":"swimming_pool","st":"Strada Liviu Rebreanu","hn":"29A"}},{"type":"Feature","geometry":{"type":"Point","coordinates":[24.5535,46.536719]},"properties":{"n":"Nova Vita","k":"amenity","v":"hospital","st":"Strada Liviu Rebreanu","hn":"29A","ph":"+40 265 266 112, +40 365 430 330","w":"https://nova-vita.ro/"}},{"type":"Feature","geometry":{"type":"Point","coordinates":[24.555798,46.535907]},"properties":{"n":"Intesa Sanpaolo","k":"amenity","v":"bank","st":"Strada Gheorghe Doja","hn":"23","ph":"+40-265-266441","w":"https://www.intesasanpaolobank.ro/"}},{"type":"Feature","geometry":{"type":"Point","coordinates":[24.555781,46.534623]},"properties":{"n":"Hotel Privo","k":"tourism","v":"hotel","st":"Strada Gheorghe Doja","hn":"27","ph":"+40 365 424 442","w":"https://www.hotelprivo.ro/"}},{"type":"Feature","geometry":{"type":"Point","coordinates":[24.561305,46.539173]},"properties":{"n":"Clinica de Chirurgie oro-maxilo-facială","k":"amenity","v":"hospital"}},{"type":"Feature","geometry":{"type":"Point","coordinates":[24.557704,46.539913]},"properties":{"n":"Mureș Mall","k":"shop","v":"mall","st":"Piața Victoriei","hn":"14"}},{"type":"Feature","geometry":{"type":"Point","coordinates":[24.558501,46.537772]},"properties":{"n":"Școala Generală Bernády György","k":"amenity","v":"school","alt":["Bernády György Általános Iskola","Școala Generală nr. 2"]}},{"type":"Feature","geometry":{"type":"Point","coordinates":[24.55758,46.536739]},"properties":{"n":"Liceul Industrial Avram Iancu","k":"amenity","v":"college"}},{"type":"Feature","geometry":{"type":"Point","coordinates":[24.55891,46.536461]},"properties":{"n":"Grupul Școlar Industrial Avram Iancu","k":"amenity","v":"school","st":"Bulevardul 1848","hn":"57","ph":"+40365882487","w":"http://www.avramiancu-ms.edituraedu.ro/"}},{"type":"Feature","geometry":{"type":"Point","coordinates":[24.558282,46.537252]},"properties":{"n":"La Piazzetta","k":"amenity","v":"restaurant","st":"Strada Crinului","hn":"4","oh":"Mo-Su 11:30-22:00","ph":"+40265262072","w":"https://lapiazzettamures.restaurant/","cu":"pizza"}},{"type":"Feature","geometry":{"type":"Point","coordinates":[24.560276,46.536324]},"properties":{"n":"Biserica Creștină Baptistă Harul","k":"amenity","v":"place_of_worship","alt":["Baptista templom"],"w":"https://www.harulmures.ro/"}},{"type":"Feature","geometry":{"type":"Point","coordinates":[24.557954,46.537564]},"properties":{"n":"Vegas Bar","k":"amenity","v":"bar"}},{"type":"Feature","geometry":{"type":"Point","coordinates":[24.560794,46.538925]},"properties":{"n":"Policlinica nr. 2","k":"amenity","v":"hospital","st":"Bulevardul 1 Decembrie 1918","hn":"28","ph":"+40-265-263585","w":"https://www.spitaljudeteanmures.ro/"}},{"type":"Feature","geometry":{"type":"Point","coordinates":[24.557666,46.538554]},"properties":{"n":"Clinica de Dermato-Venerologie","k":"amenity","v":"hospital","st":"Strada Gheorghe Doja","hn":"12","ph":"+40-365-882534","w":"https://www.spitaljudeteanmures.ro/"}},{"type":"Feature","geometry":{"type":"Point","coordinates":[24.557445,46.539795]},"properties":{"n":"Parcare Mureș Mall","k":"amenity","v":"parking"}},{"type":"Feature","geometry":{"type":"Point","coordinates":[24.561123,46.546865]},"properties":{"n":"Hotel Continental","k":"tourism","v":"hotel","st":"Piața Teatrului","hn":"5-6","ph":"+40-372-658800","w":"https://www.continentalhotels.ro/"}},{"type":"Feature","geometry":{"type":"Point","coordinates":[24.556286,46.545735]},"properties":{"n":"Muzeul Județean Mureș - Secția de Științele Naturii","k":"tourism","v":"museum","alt":["Maros megyei múzeum - Természetrajzi osztály","Mureș County Museum - Natural Sciences Department"],"st":"Strada Horea","hn":"24","oh":"Tu-Fr 09:00-16:00; Sa 09:00-14:00; Su 09:00-13:00","ph":"+40-365-430390","w":"http://www.muzeumures.ro/"}},{"type":"Feature","geometry":{"type":"Point","coordinates":[24.552953,46.5469]},"properties":{"n":"Piața de zi \"Cuza Vodă\"","k":"amenity","v":"marketplace"}},{"type":"Feature","geometry":{"type":"Point","coordinates":[24.56344,46.543866]},"properties":{"n":"Liceul Teoretic Bólyai Farkas","k":"amenity","v":"college","alt":["Bólyai Farkas Középiskola","Bólyai Farkas HighSchool"]}},{"type":"Feature","geometry":{"type":"Point","coordinates":[24.555972,46.541346]},"properties":{"n":"Piața Cardinal Iuliu Hossu","k":"leisure","v":"park","alt":["Iuliu Hossu kardinális tér","Piața Bulgarilor"]}},{"type":"Feature","geometry":{"type":"Point","coordinates":[24.555855,46.546193]},"properties":{"n":"Grupul de Pompieri Horea","k":"amenity","v":"fire_station","ph":"+40265269661","w":"http://www.isumures.ro/"}},{"type":"Feature","geometry":{"type":"Point","coordinates":[24.555567,46.542348]},"properties":{"n":"Hipocrate 2000","k":"amenity","v":"clinic"}},{"type":"Feature","geometry":{"type":"Point","coordinates":[24.553863,46.543937]},"properties":{"n":"Atlantic","k":"tourism","v":"hotel","st":"Strada Libertății","hn":"15"}},{"type":"Feature","geometry":{"type":"Point","coordinates":[24.554722,46.543946]},"properties":{"n":"Vila Monica","k":"tourism","v":"hotel","st":"Strada Libertății","hn":"3"}},{"type":"Feature","geometry":{"type":"Point","coordinates":[24.559724,46.541812]},"properties":{"n":"Piața Unirii","k":"leisure","v":"park","alt":["Egyesülés tér"]}},{"type":"Feature","geometry":{"type":"Point","coordinates":[24.5581,46.545293]},"properties":{"n":"Sinagoga Mare","k":"amenity","v":"place_of_worship","alt":["Nagy zsinagóga","Templul mare"],"st":"Strada Aurel Filimon","hn":"21"}},{"type":"Feature","geometry":{"type":"Point","coordinates":[24.561825,46.544596]},"properties":{"n":"Hotel Plaza","k":"tourism","v":"hotel","st":"Piața Trandafirilor","hn":"46-47","ph":"+40-365-730000","w":"https://www.plazahotel.ro/"}},{"type":"Feature","geometry":{"type":"Point","coordinates":[24.557156,46.542412]},"properties":{"n":"Primăria Târgu Mureș","k":"amenity","v":"townhall","st":"Piața Victoriei","hn":"3"}},{"type":"Feature","geometry":{"type":"Point","coordinates":[24.562438,46.546198]},"properties":{"n":"Palatul Apollo","k":"tourism","v":"attraction","alt":["Apolló-palota"],"st":"Piața Trandafirilor","hn":"5"}},{"type":"Feature","geometry":{"type":"Point","coordinates":[24.561374,46.544197]},"properties":{"n":"Hotel Concordia","k":"tourism","v":"hotel","alt":["Concordia Szálló"],"st":"Piața Trandafirilor","hn":"45","ph":"+40-265-260602","w":"https://www.hotelconcordia.ro/"}},{"type":"Feature","geometry":{"type":"Point","coordinates":[24.560351,46.546453]},"properties":{"n":"Teatrul Național Târgu Mureș","k":"amenity","v":"theatre"}},{"type":"Feature","geometry":{"type":"Point","coordinates":[24.557824,46.5463]},"properties":{"n":"Biserica Adventistă de Ziua a Șaptea Târgu Mureș - \"C\"","k":"amenity","v":"place_of_worship","st":"Strada Aurel Filimon","hn":"16","ph":"+40-744-301177","w":"https://www.adventistmures.ro/"}},{"type":"Feature","geometry":{"type":"Point","coordinates":[24.561031,46.543212]},"properties":{"n":"Teatrul de vară","k":"amenity","v":"theatre"}},{"type":"Feature","geometry":{"type":"Point","coordinates":[24.56013,46.543151]},"properties":{"n":"Terasa","k":"amenity","v":"biergarten","alt":["Sörkert"]}},{"type":"Feature","geometry":{"type":"Point","coordinates":[24.561604,46.542997]},"properties":{"n":"Universitatea de Arte","k":"amenity","v":"university","alt":["Művészeti egyetem"],"st":"Strada Köteles Sámuel","hn":"6","ph":"+40-265-266281","w":"https://www.uat.ro/"}},{"type":"Feature","geometry":{"type":"Point","coordinates":[24.562149,46.543112]},"properties":{"n":"Biserica Sf. Antonie de Padova","k":"amenity","v":"place_of_worship","alt":["Páduai Szent Antal-templom"]}},{"type":"Feature","geometry":{"type":"Point","coordinates":[24.561185,46.541459]},"properties":{"n":"Clinica de Oftalmologie","k":"amenity","v":"hospital"}},{"type":"Feature","geometry":{"type":"Point","coordinates":[24.560811,46.541711]},"properties":{"n":"Clinica de Obstetrică-Ginecologie","k":"amenity","v":"hospital"}},{"type":"Feature","geometry":{"type":"Point","coordinates":[24.557557,46.54209]},"properties":{"n":"Piața Emil Dandea","k":"leisure","v":"park"}},{"type":"Feature","geometry":{"type":"Point","coordinates":[24.557385,46.541713]},"properties":{"n":"Biserica Buna Vestire","k":"amenity","v":"place_of_worship","st":"Piața Victoriei","hn":"4"}},{"type":"Feature","geometry":{"type":"Point","coordinates":[24.575982,46.531438]},"properties":{"n":"Drops Coffee","k":"amenity","v":"cafe","st":"Strada Transilvania","hn":"22","oh":"Mo-Fr 07:30-16:00; Sa 08:00-14:00","ph":"+40740915583","w":"https://coffeedrops.ro/","cu":"coffee_shop"}},{"type":"Feature","geometry":{"type":"Point","coordinates":[24.575332,46.532142]},"properties":{"n":"Gimnaziul Romulus Guga","k":"amenity","v":"school","alt":["Școala Generală nr.18"],"st":"Strada Cernavodă","hn":"2","ph":"+40-265-254108","w":"http://www.rguga.ro"}},{"type":"Feature","geometry":{"type":"Point","coordinates":[24.574555,46.531916]},"properties":{"n":"Școala Gimnazială Omega","k":"amenity","v":"school","st":"Strada Transilvania","hn":"25","ph":"+40-265-255391","w":"https://www.scoalaomega.ro/"}},{"type":"Feature","geometry":{"type":"Point","coordinates":[24.572563,46.532989]},"properties":{"n":"E.ON Energie România","k":"office","v":"energy_supplier","alt":["E.on","E.ON Energie România S.A."],"st":"Bulevardul Pandurilor","hn":"42","oh":"Mo-Fr 08:00-16:00","ph":"0265200366","w":"https://www.eon.ro/"}},{"type":"Feature","geometry":{"type":"Point","coordinates":[24.573516,46.528575]},"properties":{"n":"Biserica Ortodoxă Belvedere","k":"amenity","v":"place_of_worship"}},{"type":"Feature","geometry":{"type":"Point","coordinates":[24.584155,46.530894]},"properties":{"n":"Universitatea Dimitrie Cantemir","k":"amenity","v":"university"}},{"type":"Feature","geometry":{"type":"Point","coordinates":[24.584168,46.532753]},"properties":{"n":"Pensiunea Doina & Jenő","k":"tourism","v":"hotel","st":"Strada Evreilor Martiri","hn":"25C","ph":"+40-265-255926"}},{"type":"Feature","geometry":{"type":"Point","coordinates":[24.585374,46.530109]},"properties":{"n":"Green Park Substejeriș","k":"leisure","v":"park","alt":["Green Park Cserealja"]}},{"type":"Feature","geometry":{"type":"Point","coordinates":[24.582948,46.532085]},"properties":{"n":"Biserica Sfinții Kozma și Damian","k":"amenity","v":"place_of_worship","alt":["Szent Kozma és Damján templom"],"st":"Strada Bodoni Sándor","hn":"2"}},{"type":"Feature","geometry":{"type":"Point","coordinates":[24.565977,46.539545]},"properties":{"n":"Piața Memorandului","k":"leisure","v":"park","alt":["Memorandum tér"]}},{"type":"Feature","geometry":{"type":"Point","coordinates":[24.566588,46.539724]},"properties":{"n":"Biserica Reformată Mică","k":"amenity","v":"place_of_worship","alt":["Kistemplom"],"st":"Strada Ștefan cel Mare","hn":"22","ph":"+40265261847","w":"https://www.kistemplom.ro/"}},{"type":"Feature","geometry":{"type":"Point","coordinates":[24.569041,46.53926]},"properties":{"n":"Palatul Copiilor","k":"amenity","v":"community_centre"}},{"type":"Feature","geometry":{"type":"Point","coordinates":[24.565054,46.536386]},"properties":{"n":"Gimnaziul Dacia","k":"amenity","v":"school","st":"Pasajul Panseluțelor","hn":"6","ph":"+40265230858","w":"https://www.gimnaziuldaciams.ro/"}},{"type":"Feature","geometry":{"type":"Point","coordinates":[24.565093,46.537179]},"properties":{"n":"Clinica de Neuropsihiatrie Infantilă","k":"amenity","v":"hospital","st":"Pasajul Panseluțelor","hn":"5","ph":"+40-265-264388","w":"https://www.spitaljudeteanmures.ro/"}},{"type":"Feature","geometry":{"type":"Point","coordinates":[24.57063,46.53467]},"properties":{"n":"Natürlich","k":"shop","v":"furniture","st":"Strada Predeal","hn":"88","oh":"Mo-Sa 10:00-20:00; Su 10:00-18:00","w":"https://www.naturlich.ro"}},{"type":"Feature","geometry":{"type":"Point","coordinates":[24.571692,46.534823]},"properties":{"n":"PENNY","k":"shop","v":"supermarket","st":"Strada Predeal","hn":"88","oh":"Mo-Su 07:00-21:00","w":"https://www.penny.ro/"}},{"type":"Feature","geometry":{"type":"Point","coordinates":[24.570272,46.534641]},"properties":{"n":"JYSK","k":"shop","v":"furniture","st":"Strada Predeal","hn":"88","oh":"Mo-Sa 10:00-21:00; Su 09:00-20:00","ph":"+40-365-430061","w":"https://jysk.ro/"}},{"type":"Feature","geometry":{"type":"Point","coordinates":[24.57352,46.537259]},"properties":{"n":"Piața Dacia","k":"amenity","v":"marketplace"}},{"type":"Feature","geometry":{"type":"Point","coordinates":[24.572763,46.536361]},"properties":{"n":"Gimnaziul Dacia - corp B","k":"building","v":"school","alt":["Școala Generală Nr. 14"]}},{"type":"Feature","geometry":{"type":"Point","coordinates":[24.573288,46.535109]},"properties":{"n":"Gradinița cu Program Prelungit \"Codrișor\"","k":"building","v":"kindergarten","st":"Strada Moldovei","hn":"1"}},{"type":"Feature","geometry":{"type":"Point","coordinates":[24.569599,46.538927]},"properties":{"n":"Pensiunea Europa","k":"tourism","v":"hotel","st":"Bulevardul 1 Decembrie 1918","hn":"97","ph":"+40-265-261768","w":"https://www.pensiuneaeuropa.ro/"}},{"type":"Feature","geometry":{"type":"Point","coordinates":[24.570594,46.538009]},"properties":{"n":"Grădinița Pițigoi","k":"amenity","v":"kindergarten"}},{"type":"Feature","geometry":{"type":"Point","coordinates":[24.571561,46.534683]},"properties":{"n":"Pepco","k":"shop","v":"interior_decoration","st":"Strada Predeal","hn":"88","oh":"Mo-Su 09:00-21:00"}},{"type":"Feature","geometry":{"type":"Point","coordinates":[24.571102,46.534745]},"properties":{"n":"Happy Shopping","k":"shop","v":"mall","st":"Strada Predeal","hn":"88","oh":"Mo-Su 09:00-21:00"}},{"type":"Feature","geometry":{"type":"Point","coordinates":[24.571395,46.53467]},"properties":{"n":"SuperMercato","k":"shop","v":"convenience","st":"Strada Predeal","hn":"88","oh":"Mo-Su 08:00-20:00"}},{"type":"Feature","geometry":{"type":"Point","coordinates":[24.571344,46.537353]},"properties":{"n":"Unteatru","k":"amenity","v":"theatre","st":"strada Secerei 14, București","hn":"14","w":"https://www.unteatru.ro"}},{"type":"Feature","geometry":{"type":"Point","coordinates":[24.568252,46.547169]},"properties":{"n":"Universitatea Petru Maior","k":"amenity","v":"university","st":"Strada Nicolae Iorga","hn":"1","w":"http://www.upm.ro/"}},{"type":"Feature","geometry":{"type":"Point","coordinates":[24.570632,46.547555]},"properties":{"n":"Colegiul Național Unirea","k":"amenity","v":"college","w":"https://www.colegiulunirea.ro/"}},{"type":"Feature","geometry":{"type":"Point","coordinates":[24.575925,46.534577]},"properties":{"n":"Biserica Penticostală Filadelfia","k":"amenity","v":"place_of_worship","st":"Aleea Hațeg","hn":"3","ph":"+40744965356"}},{"type":"Feature","geometry":{"type":"Point","coordinates":[24.574795,46.540526]},"properties":{"n":"Liceul Pedagogic Mihai Eminescu","k":"amenity","v":"college","st":"Strada Alexandru Papiu Ilarian","hn":"37","ph":"+40-365-882694","w":"https://www.pedagogicmures.ro/"}},{"type":"Feature","geometry":{"type":"Point","coordinates":[24.571741,46.546909]},"properties":{"n":"Grădinița Nr.15","k":"amenity","v":"kindergarten"}},{"type":"Feature","geometry":{"type":"Point","coordinates":[24.564091,46.545787]},"properties":{"n":"Biserica Sfântul Ioan Botezătorul","k":"amenity","v":"place_of_worship","alt":["Keresztelő Szt János plébániatemplom"]}},{"type":"Feature","geometry":{"type":"Point","coordinates":[24.563363,46.546128]},"properties":{"n":"Catedrala Înălțarea Domnului","k":"amenity","v":"place_of_worship"}},{"type":"Feature","geometry":{"type":"Point","coordinates":[24.564969,46.546442]},"properties":{"n":"Piața Bernády György","k":"leisure","v":"park","alt":["Bernády György tér"]}},{"type":"Feature","geometry":{"type":"Point","coordinates":[24.568551,46.545752]},"properties":{"n":"Colegiul Național Al. Papiu Ilarian","k":"amenity","v":"college","st":"Strada Bernády György","hn":"12","w":"https://papiu.ro/"}},{"type":"Feature","geometry":{"type":"Point","coordinates":[24.563843,46.546534]},"properties":{"n":"Crama Calul Balan","k":"amenity","v":"restaurant","cu":"regional"}},{"type":"Feature","geometry":{"type":"Point","coordinates":[24.566359,46.546618]},"properties":{"n":"Biserica din cetate","k":"amenity","v":"place_of_worship","alt":["Vártemplom"]}},{"type":"Feature","geometry":{"type":"Point","coordinates":[24.564798,46.543221]},"properties":{"n":"Biserica unitariană","k":"amenity","v":"place_of_worship"}},{"type":"Feature","geometry":{"type":"Point","coordinates":[24.564232,46.541366]},"properties":{"n":"Penitenciarul Târgu Mureș","k":"amenity","v":"prison"}},{"type":"Feature","geometry":{"type":"Point","coordinates":[24.565445,46.544384]},"properties":{"n":"Baza sportivă Fülöp György","k":"leisure","v":"sports_centre","alt":["Fülöp György Sportpálya","Liceul Teoretic Bolyai Farkas"]}},{"type":"Feature","geometry":{"type":"Point","coordinates":[24.566218,46.544173]},"properties":{"n":"Vila Helvetia","k":"tourism","v":"guest_house","st":"Strada Borsos Tamás","hn":"13","ph":"0744870220","w":"https://villahelvetia.ro/"}},{"type":"Feature","geometry":{"type":"Point","coordinates":[24.569239,46.546799]},"properties":{"n":"Súrlott Grádics","k":"historic","v":"building"}},{"type":"Feature","geometry":{"type":"Point","coordinates":[24.575715,46.541897]},"properties":{"n":"Pensiunea Imperial","k":"tourism","v":"hotel","st":"Strada Cornești","hn":"17","ph":"+40-365-404936","w":"https://www.pensiuneaimperial.ro/"}},{"type":"Feature","geometry":{"type":"Point","coordinates":[24.572477,46.541072]},"properties":{"n":"Colegiul Economic Transilvania","k":"amenity","v":"college","st":"Strada Călimanului","hn":"5"}},{"type":"Feature","geometry":{"type":"Point","coordinates":[24.580751,46.534835]},"properties":{"n":"Gimnaziul George Coșbuc","k":"amenity","v":"school","alt":["Școala Generală nr. 3"]}},{"type":"Feature","geometry":{"type":"Point","coordinates":[24.578172,46.539231]},"properties":{"n":"Mini ABC","k":"shop","v":"convenience"}},{"type":"Feature","geometry":{"type":"Point","coordinates":[24.577763,46.539282]},"properties":{"n":"EximBank","k":"amenity","v":"bank","st":"Bulevardul 1 Decembrie 1918","hn":"163","ph":"+40-265-323988","w":"https://www.eximbank.ro/"}},{"type":"Feature","geometry":{"type":"Point","coordinates":[24.577948,46.539319]},"properties":{"n":"China Blue","k":"amenity","v":"restaurant","st":"Bulevardul 1 Decembrie 1918","hn":"163","oh":"12:00-23:00","ph":"+40741664303","w":"https://www.chinablue.ro/","cu":"chinese"}},{"type":"Feature","geometry":{"type":"Point","coordinates":[24.578251,46.53902]},"properties":{"n":"Hunter's","k":"amenity","v":"bar","st":"Bulevardul 1 Decembrie 1918","hn":"165","oh":"Mo-Fr 08:00-23:00; Sa-Su 10:00-23:00"}},{"type":"Feature","geometry":{"type":"Point","coordinates":[24.578578,46.539412]},"properties":{"n":"Martorii lui Iehova","k":"amenity","v":"place_of_worship","alt":["Jehova tanúi"]}},{"type":"Feature","geometry":{"type":"Point","coordinates":[24.5776,46.53522]},"properties":{"n":"Profi","k":"shop","v":"supermarket","alt":["Profi Rom Food"],"st":"Strada Moldovei","hn":"18","oh":"Mo-Su 07:00-23:00","ph":"+40 747 184 833;+40 747 215 990","w":"https://www.profi.ro/"}},{"type":"Feature","geometry":{"type":"Point","coordinates":[24.587039,46.535317]},"properties":{"n":"Gimnaziul Mihai Viteazul","k":"amenity","v":"school","alt":["Școala Generală nr. 5"],"st":"Strada Muncii","hn":"17"}},{"type":"Feature","geometry":{"type":"Point","coordinates":[24.582912,46.537863]},"properties":{"n":"Parohia IV. \"Adormirea Maicii Domnului\"","k":"amenity","v":"place_of_worship","alt":["Istenanya mennybevétele görögkatolikus templom"]}},{"type":"Feature","geometry":{"type":"Point","coordinates":[24.585439,46.538969]},"properties":{"n":"Biserica de lemn Pocloș","k":"amenity","v":"place_of_worship"}},{"type":"Feature","geometry":{"type":"Point","coordinates":[24.586043,46.538749]},"properties":{"n":"Școala Generală nr. 20","k":"amenity","v":"school","alt":["20-as általános iskola"]}},{"type":"Feature","geometry":{"type":"Point","coordinates":[24.583345,46.537197]},"properties":{"n":"Parcul armonie","k":"leisure","v":"playground","alt":["Primăria Municipiului Târgu Mureș"]}},{"type":"Feature","geometry":{"type":"Point","coordinates":[24.589273,46.534653]},"properties":{"n":"Novartis QCC","k":"building","v":"office","st":"Strada Livezeni","hn":"7A"}},{"type":"Feature","geometry":{"type":"Point","coordinates":[24.582376,46.534598]},"properties":{"n":"Catedrala Învierea Domnului","k":"amenity","v":"place_of_worship"}},{"type":"Feature","geometry":{"type":"Point","coordinates":[24.588828,46.534527]},"properties":{"n":"Grupul Școlar Electromureș","k":"amenity","v":"college","st":"Strada Livezeni","hn":"5","ph":"+40-365-730969","w":"http://www.electromures.net/"}},{"type":"Feature","geometry":{"type":"Point","coordinates":[24.588858,46.53564]},"properties":{"n":"Novartis Park","k":"leisure","v":"park","alt":["Novartis Pharmaceuticals SRL"],"st":"Progresului","hn":"2","oh":"Mo-Su 08:00-22:00"}},{"type":"Feature","geometry":{"type":"Point","coordinates":[24.580562,46.544106]},"properties":{"n":"Pensiunea Full","k":"tourism","v":"hotel","st":"Strada Cornești","hn":"61","ph":"+40-265-311030","w":"https://www.pensiuneafull.ro/"}},{"type":"Feature","geometry":{"type":"Point","coordinates":[24.581429,46.544787]},"properties":{"n":"Clinica de Recuperare RegenMed","k":"amenity","v":"clinic","oh":"Mo-Fr 08:00-20:00; Sa 08:00-14:00"}},{"type":"Feature","geometry":{"type":"Point","coordinates":[24.581835,46.545069]},"properties":{"n":"Centrul medical LOTUS Life","k":"amenity","v":"clinic","st":"Strada Verii","hn":"46","oh":"Mo-Fr 08:00-20:00","ph":"+40721232232"}},{"type":"Feature","geometry":{"type":"Point","coordinates":[24.549074,46.549923]},"properties":{"n":"Stadionul Ladislau Bölöni","k":"leisure","v":"stadium","alt":["Bölöni László stadion"]}},{"type":"Feature","geometry":{"type":"Point","coordinates":[24.54984,46.557535]},"properties":{"n":"Grădinița cu Program Prelungit Lumea Copiilor","k":"amenity","v":"kindergarten","st":"Strada Voinicenilor","hn":"43","ph":"0365730956"}},{"type":"Feature","geometry":{"type":"Point","coordinates":[24.548125,46.560063]},"properties":{"n":"Palas Market","k":"shop","v":"supermarket","st":"Strada Voinicenilor","hn":"56","oh":"Mo-Su 07:00-22:00","ph":"0265306225","w":"http://www.palascom.ro/"}},{"type":"Feature","geometry":{"type":"Point","coordinates":[24.549543,46.559739]},"properties":{"n":"Sala Regatului Martorilor lui Iehova","k":"amenity","v":"place_of_worship","st":"Strada Apaductului","hn":"9/1"}},{"type":"Feature","geometry":{"type":"Point","coordinates":[24.547263,46.555718]},"properties":{"n":"Hotel Tempo","k":"building","v":"commercial"}},{"type":"Feature","geometry":{"type":"Point","coordinates":[24.549208,46.559404]},"properties":{"n":"Carrefour Market","k":"shop","v":"supermarket","st":"Strada Voinicenilor","hn":"52","oh":"Mo-Su 07:00-23:00","w":"https://carrefour.ro/"}},{"type":"Feature","geometry":{"type":"Point","coordinates":[24.546166,46.55937]},"properties":{"n":"Școala Generală Nr. 8","k":"amenity","v":"school","st":"Strada Bărăganului","hn":"2","lvl":"2"}},{"type":"Feature","geometry":{"type":"Point","coordinates":[24.548093,46.55946]},"properties":{"n":"Biserica reformată din Unirii","k":"amenity","v":"place_of_worship","st":"Strada Voinicenilor","hn":"47","ph":"0265313249"}},{"type":"Feature","geometry":{"type":"Point","coordinates":[24.55177,46.550106]},"properties":{"n":"Sala Sporturilor","k":"leisure","v":"sports_hall","alt":["Sala Polivalentă"]}},{"type":"Feature","geometry":{"type":"Point","coordinates":[24.55438,46.552171]},"properties":{"n":"Colegiul Agricol Traian Săvulescu","k":"amenity","v":"college","st":"Strada Călărașilor","hn":"108"}},{"type":"Feature","geometry":{"type":"Point","coordinates":[24.553803,46.548217]},"properties":{"n":"Pensiunea Curtea Bavareză","k":"tourism","v":"hotel","st":"Strada Cuza Vodă","hn":"68-70","ph":"+40-265-265466","w":"http://www.curtea-bavareza.ro/"}},{"type":"Feature","geometry":{"type":"Point","coordinates":[24.551113,46.549644]},"properties":{"n":"Parcul Municipal","k":"leisure","v":"park"}},{"type":"Feature","geometry":{"type":"Point","coordinates":[24.55072,46.547841]},"properties":{"n":"Hotel Arena","k":"tourism","v":"hotel","st":"Strada Tamás Ernő","hn":"1","ph":"0365430988","w":"https://www.arenahotel.ro/"}},{"type":"Feature","geometry":{"type":"Point","coordinates":[24.552272,46.550452]},"properties":{"n":"Hotel Everest","k":"tourism","v":"hotel","st":"Strada Uzinei","hn":"16-18","oh":"24/7","ph":"0265251104","w":"http://www.hoteleverest.ro/"}},{"type":"Feature","geometry":{"type":"Point","coordinates":[24.561073,46.547689]},"properties":{"n":"Serviciul Public Comunitar Local de Evidență a Persoanelor","k":"amenity","v":"public_building","alt":["SPCLEP"],"st":"Strada Călărașilor","hn":"26-28"}},{"type":"Feature","geometry":{"type":"Point","coordinates":[24.560412,46.547252]},"properties":{"n":"BRD","k":"amenity","v":"bank","st":"Strada Călărașilor","hn":"11","oh":"Mo-Fr 09:00-18:00","ph":"+40-265-207410","w":"https://www.brd.ro/"}},{"type":"Feature","geometry":{"type":"Point","coordinates":[24.561518,46.548618]},"properties":{"n":"Sinagoga Mică","k":"amenity","v":"place_of_worship"}},{"type":"Feature","geometry":{"type":"Point","coordinates":[24.557866,46.548418]},"properties":{"n":"Biserica Adventistă de Ziua a Șaptea Târgu Mureș - \"A\"","k":"amenity","v":"place_of_worship","st":"Strada Călărașilor","hn":"55","ph":"+40-742-105024"}},{"type":"Feature","geometry":{"type":"Point","coordinates":[24.56088,46.551001]},"properties":{"n":"Liceul cu Program Sportiv Szász Adalbert","k":"amenity","v":"college","st":"Strada Pavel Chinezu","hn":"9A"}},{"type":"Feature","geometry":{"type":"Point","coordinates":[24.561959,46.551475]},"properties":{"n":"Biserica Penticostală Betania","k":"amenity","v":"place_of_worship","st":"Strada Pavel Chinezu","hn":"5","w":"http://www.betania-tgmures.ro/"}},{"type":"Feature","geometry":{"type":"Point","coordinates":[24.559727,46.552867]},"properties":{"n":"Dr. Wheel","k":"building","v":"commercial"}},{"type":"Feature","geometry":{"type":"Point","coordinates":[24.561824,46.550238]},"properties":{"n":"Grădinița nr. 6","k":"amenity","v":"kindergarten"}},{"type":"Feature","geometry":{"type":"Point","coordinates":[24.558014,46.552635]},"properties":{"n":"Lidl","k":"shop","v":"supermarket","st":"Strada Sinaia","hn":"3","oh":"Mo-Sa 07:00-22:00; Su 08:00-20:00","ph":"0800896622","w":"https://www.lidl.ro/"}},{"type":"Feature","geometry":{"type":"Point","coordinates":[24.55883,46.552589]},"properties":{"n":"Lukoil","k":"amenity","v":"fuel","st":"Strada Sinaia","hn":"3","oh":"24/7","ph":"0759040533","w":"https://lukoil.ro/ro"}},{"type":"Feature","geometry":{"type":"Point","coordinates":[24.556682,46.552966]},"properties":{"n":"Camera de conturi Mureș","k":"building","v":"public","st":"Aleea Carpați","hn":"17"}},{"type":"Feature","geometry":{"type":"Point","coordinates":[24.556348,46.548477]},"properties":{"n":"Biserica Penticostală Betel","k":"amenity","v":"place_of_worship","st":"Strada Arany János","hn":"24-26","ph":"+40-265-214599","w":"https://www.facebook.com/betelmures/"}},{"type":"Feature","geometry":{"type":"Point","coordinates":[24.56027,46.553896]},"properties":{"n":"Aquaserv","k":"office","v":"water_utility"}},{"type":"Feature","geometry":{"type":"Point","coordinates":[24.555469,46.554337]},"properties":{"n":"Gimnaziul Friedrich Schiller","k":"amenity","v":"school","alt":["Școala Generală nr. 16"],"st":"Aleea Carpați","hn":"23"}},{"type":"Feature","geometry":{"type":"Point","coordinates":[24.561012,46.556083]},"properties":{"n":"Cetatea Copiilor","k":"leisure","v":"playground"}},{"type":"Feature","geometry":{"type":"Point","coordinates":[24.5397,46.561715]},"properties":{"n":"Biserica Adventistă de Ziua a Șaptea Târgu Mureș - \"B\"","k":"amenity","v":"place_of_worship","st":"Strada Remetea","hn":"33","ph":"+40-748-203432","w":"http://transilvania-sud.adventist.ro/"}},{"type":"Feature","geometry":{"type":"Point","coordinates":[24.539509,46.562739]},"properties":{"n":"Biserica Remetea","k":"amenity","v":"place_of_worship"}},{"type":"Feature","geometry":{"type":"Point","coordinates":[24.542567,46.562361]},"properties":{"n":"Holomed","k":"amenity","v":"clinic","alt":["SC Mirvaldent SRL"],"st":"Strada Agricultorilor","hn":"30A","oh":"Mo-Fr 08:00-20:00"}},{"type":"Feature","geometry":{"type":"Point","coordinates":[24.547536,46.563794]},"properties":{"n":"Biserica Adormirea Maicii Domnului","k":"amenity","v":"place_of_worship","st":"Strada Voinicenilor","hn":"83"}},{"type":"Feature","geometry":{"type":"Point","coordinates":[24.543775,46.562493]},"properties":{"n":"Biserica Sfânta Familie","k":"amenity","v":"place_of_worship","alt":["Szent Család Templom","Holy Family Church"],"st":"Strada Agricultorilor","hn":"26"}},{"type":"Feature","geometry":{"type":"Point","coordinates":[24.547937,46.561517]},"properties":{"n":"Piața Unirii","k":"amenity","v":"marketplace","st":"Strada Voinicenilor","hn":"74","oh":"Mo-Su 07:00-21:00","ph":"0265250225","w":"https://piete-tgmures.ro/piete/piata-unirii/"}},{"type":"Feature","geometry":{"type":"Point","coordinates":[24.54665,46.569263]},"properties":{"n":"PENNY","k":"shop","v":"supermarket","alt":["SC REWE România SRL"],"st":"Strada Voinicenilor","hn":"109-113","oh":"Mo-Sa 07:00-21:00; Su 08:00-20:00","ph":"0800110111","w":"https://www.penny.ro/"}},{"type":"Feature","geometry":{"type":"Point","coordinates":[24.566691,46.547602]},"properties":{"n":"Clădirea comandamentului","k":"building","v":"civic"}},{"type":"Feature","geometry":{"type":"Point","coordinates":[24.565747,46.547536]},"properties":{"n":"Bastionul Porții","k":"historic","v":"city_gate","alt":["Kapubástya"]}},{"type":"Feature","geometry":{"type":"Point","coordinates":[24.567276,46.552988]},"properties":{"n":"Universitatea Babeș-Bolyai","k":"building","v":"university","alt":["Babeș-Bólyai Egyetem","Babeș-Bolyai University"]}},{"type":"Feature","geometry":{"type":"Point","coordinates":[24.568311,46.550847]},"properties":{"n":"Prima școală românească din Târgu Mureș","k":"building","v":"school"}},{"type":"Feature","geometry":{"type":"Point","coordinates":[24.568613,46.550627]},"properties":{"n":"Biserica Bob, Sf. Nicolae","k":"amenity","v":"place_of_worship","alt":["Biserica de Piatră"],"st":"Strada Mitropolit Andrei Șaguna","hn":"9"}},{"type":"Feature","geometry":{"type":"Point","coordinates":[24.567972,46.549525]},"properties":{"n":"Biserica evanghelică","k":"amenity","v":"place_of_worship"}},{"type":"Feature","geometry":{"type":"Point","coordinates":[24.565358,46.551277]},"properties":{"n":"Petrom","k":"amenity","v":"fuel","st":"Piața Mărășești","hn":"24","ph":"+40372428475","w":"https://www.petrom.ro/"}},{"type":"Feature","geometry":{"type":"Point","coordinates":[24.564584,46.551857]},"properties":{"n":"Művész Coffee","k":"amenity","v":"cafe","st":"Piața Mărășești","hn":"4","oh":"Mo-Fr 07:30-22:00; Sa-Su 09:00-22:00","ph":"+40747496639","cu":"coffee_shop;beer;drinks"}},{"type":"Feature","geometry":{"type":"Point","coordinates":[24.565509,46.552851]},"properties":{"n":"REEA Office 2","k":"office","v":"it"}},{"type":"Feature","geometry":{"type":"Point","coordinates":[24.566371,46.552252]},"properties":{"n":"Piața Republicii","k":"leisure","v":"park","alt":["Köztársaság tér"]}},{"type":"Feature","geometry":{"type":"Point","coordinates":[24.564119,46.551795]},"properties":{"n":"Piața Mărășești","k":"leisure","v":"park","alt":["Mărășești tér"]}},{"type":"Feature","geometry":{"type":"Point","coordinates":[24.573894,46.551704]},"properties":{"n":"Clinica de Ortopedie-Traumatologie","k":"amenity","v":"hospital","ph":"+40-265-213720","w":"https://www.spitaljudeteanmures.ro/"}},{"type":"Feature","geometry":{"type":"Point","coordinates":[24.574617,46.552273]},"properties":{"n":"Hotel Tineretului","k":"tourism","v":"hotel","st":"Strada Nicolae Grigorescu","hn":"19","ph":"+40-265-217441"}},{"type":"Feature","geometry":{"type":"Point","coordinates":[24.569691,46.550538]},"properties":{"n":"Biserica de lemn","k":"amenity","v":"place_of_worship","alt":["The Wooden Church"]}},{"type":"Feature","geometry":{"type":"Point","coordinates":[24.574461,46.550916]},"properties":{"n":"Centru Medical","k":"amenity","v":"hospital"}},{"type":"Feature","geometry":{"type":"Point","coordinates":[24.576238,46.553236]},"properties":{"n":"Spitalul Clinic Judetean","k":"building","v":"hospital"}},{"type":"Feature","geometry":{"type":"Point","coordinates":[24.573091,46.560081]},"properties":{"n":"Restaurant Pescăruș","k":"amenity","v":"restaurant","ph":"+40-365-424471","cu":"regional;international;barbecue;ice_cream;kebab;ethiopian;american;jamaican;romanian"}},{"type":"Feature","geometry":{"type":"Point","coordinates":[24.576066,46.553264]},"properties":{"n":"Clinica de Chirurgie","k":"amenity","v":"hospital"}},{"type":"Feature","geometry":{"type":"Point","coordinates":[24.56786,46.554204]},"properties":{"n":"Arca Lui Noe","k":"amenity","v":"veterinary","alt":["Noé Bárkája"],"st":"Strada Arieșului","hn":"19A","oh":"Mo-Fr 09:00-17:00","ph":"+40265212062","w":"http://arca-lui-noe.ro/"}},{"type":"Feature","geometry":{"type":"Point","coordinates":[24.575082,46.558434]},"properties":{"n":"Școala Generală nr. 7","k":"amenity","v":"school"}},{"type":"Feature","geometry":{"type":"Point","coordinates":[24.571068,46.556296]},"properties":{"n":"Școala Generală nr. 7","k":"amenity","v":"school","st":"Aleea Constructorilor","hn":"49","ph":"+40365882752"}},{"type":"Feature","geometry":{"type":"Point","coordinates":[24.572597,46.555099]},"properties":{"n":"Grădinița Manpel","k":"amenity","v":"kindergarten","st":"Strada Constantin Romanu Vivu","hn":"2"}},{"type":"Feature","geometry":{"type":"Point","coordinates":[24.587797,46.549376]},"properties":{"n":"Platoul Cornești","k":"leisure","v":"park","alt":["Somos-tető"]}},{"type":"Feature","geometry":{"type":"Point","coordinates":[24.587799,46.548102]},"properties":{"n":"Căsuța din Pădure","k":"amenity","v":"cafe","alt":["Erdei házikó"],"cu":"coffee_shop;pizza"}},{"type":"Feature","geometry":{"type":"Point","coordinates":[24.586651,46.548342]},"properties":{"n":"Fast-Food Maszdek","k":"amenity","v":"fast_food","cu":"fast_food"}},{"type":"Feature","geometry":{"type":"Point","coordinates":[24.586704,46.548413]},"properties":{"n":"Kebab Maszdek","k":"amenity","v":"fast_food","cu":"kebab"}},{"type":"Feature","geometry":{"type":"Point","coordinates":[24.586828,46.548927]},"properties":{"n":"Depou","k":"building","v":"train_station","alt":["vasúti depó"]}},{"type":"Feature","geometry":{"type":"Point","coordinates":[24.582824,46.555205]},"properties":{"n":"Clinica de Pediatrie","k":"amenity","v":"hospital","alt":["Gyerekgyógyászat"],"w":"https://www.spitaljudeteanmures.ro/"}},{"type":"Feature","geometry":{"type":"Point","coordinates":[24.577035,46.55343]},"properties":{"n":"Oncology Hospital","k":"building","v":"hospital","alt":["Mures County"]}},{"type":"Feature","geometry":{"type":"Point","coordinates":[24.588085,46.549864]},"properties":{"n":"Pista alergare","k":"leisure","v":"track","alt":["Somostetői futópálya"]}},{"type":"Feature","geometry":{"type":"Point","coordinates":[24.581873,46.554951]},"properties":{"n":"Universitatea de Medicină, Farmacie, Științe și Tehnologie \"George Emil Palade\" din Târgu Mureș","k":"amenity","v":"university","alt":["Marosvásárhelyi „George Emil Palade” Orvosi, Gyógyszerészeti, Tudomány és Technológiai Egyetem"],"st":"Strada Gheorghe Marinescu","hn":"38","ph":"+40-265-215551","w":"https://www.umfst.ro/"}},{"type":"Feature","geometry":{"type":"Point","coordinates":[24.576984,46.553431]},"properties":{"n":"Clinica de Oncologie","k":"amenity","v":"hospital"}},{"type":"Feature","geometry":{"type":"Point","coordinates":[24.579534,46.558954]},"properties":{"n":"Liceul Tehnologic \"Ion Vlasiu\"","k":"amenity","v":"school","st":"Strada Gheorghe Marinescu","hn":"62"}},{"type":"Feature","geometry":{"type":"Point","coordinates":[24.577853,46.555599]},"properties":{"n":"Parcul Îndrăgostiților","k":"leisure","v":"park"}},{"type":"Feature","geometry":{"type":"Point","coordinates":[24.580704,46.558076]},"properties":{"n":"Biserica Sfânta Parascheva","k":"amenity","v":"place_of_worship"}},{"type":"Feature","geometry":{"type":"Point","coordinates":[24.578737,46.553996]},"properties":{"n":"Clinica O.R.L.","k":"amenity","v":"hospital","st":"Strada Gheorghe Marinescu","hn":"34"}},{"type":"Feature","geometry":{"type":"Point","coordinates":[24.577659,46.55424]},"properties":{"n":"Clinica de Pneumologie","k":"amenity","v":"hospital"}},{"type":"Feature","geometry":{"type":"Point","coordinates":[24.583704,46.559818]},"properties":{"n":"Serviciul de urgență SMURD","k":"amenity","v":"hospital"}},{"type":"Feature","geometry":{"type":"Point","coordinates":[24.584058,46.556068]},"properties":{"n":"Clinica de Psihiatrie","k":"amenity","v":"hospital","alt":["Pszihiátriai klinika"],"w":"https://www.spitaljudeteanmures.ro/"}},{"type":"Feature","geometry":{"type":"Point","coordinates":[24.570986,46.56498]},"properties":{"n":"Gokart","k":"leisure","v":"sports_centre","st":"Strada Plutelor","hn":"4","oh":"Mo-Fr 11:00-23:00; Sa-Su 10:00-24:00","ph":"+40-745-538453","w":"http://www.gokart-racing.ro/"}},{"type":"Feature","geometry":{"type":"Point","coordinates":[24.574926,46.561139]},"properties":{"n":"Elephant House","k":"amenity","v":"restaurant","cu":"fine_dining;regional"}},{"type":"Feature","geometry":{"type":"Point","coordinates":[24.575582,46.560812]},"properties":{"n":"Casuta Weekend","k":"tourism","v":"attraction","st":"Strada Plutelor","hn":"2"}},{"type":"Feature","geometry":{"type":"Point","coordinates":[24.5738,46.561006]},"properties":{"n":"Aqua Studio","k":"amenity","v":"restaurant","oh":"Mo-Su 08:00-23:30","ph":"+40-265-309109","w":"http://www.harex.ro/","cu":"regional;international"}},{"type":"Feature","geometry":{"type":"Point","coordinates":[24.574056,46.560946]},"properties":{"n":"Queen","k":"amenity","v":"restaurant","ph":"+40-743-937096","cu":"international;regional"}},{"type":"Feature","geometry":{"type":"Point","coordinates":[24.573097,46.561019]},"properties":{"n":"Sólyom","k":"amenity","v":"restaurant","cu":"regional;international"}},{"type":"Feature","geometry":{"type":"Point","coordinates":[24.574549,46.561194]},"properties":{"n":"Crama Românească","k":"amenity","v":"pub"}},{"type":"Feature","geometry":{"type":"Point","coordinates":[24.572713,46.561839]},"properties":{"n":"Tobogan Acvatic","k":"leisure","v":"water_park"}},{"type":"Feature","geometry":{"type":"Point","coordinates":[24.574331,46.562247]},"properties":{"n":"Casa de Oaspeți","k":"amenity","v":"restaurant","cu":"regional;international"}},{"type":"Feature","geometry":{"type":"Point","coordinates":[24.581453,46.560992]},"properties":{"n":"Pensiunea Ana","k":"tourism","v":"hotel","st":"Strada Gheorghe Marinescu","hn":"50K","ph":"+40-265-214977"}},{"type":"Feature","geometry":{"type":"Point","coordinates":[24.579374,46.560737]},"properties":{"n":"Pensiunea Angi","k":"tourism","v":"hotel","st":"Bulevardul 22 Decembrie 1989","hn":"97","ph":"+40-743-587744"}},{"type":"Feature","geometry":{"type":"Point","coordinates":[24.58131,46.560677]},"properties":{"n":"Parcare Privata Spital Judetean Targu Mures","k":"amenity","v":"parking","st":"Strada Molter Károly","hn":"3"}},{"type":"Feature","geometry":{"type":"Point","coordinates":[24.581799,46.560996]},"properties":{"n":"Parcare Privata Spital Judetean Targu Mures","k":"amenity","v":"parking","st":"Strada Molter Károly","hn":"7"}},{"type":"Feature","geometry":{"type":"Point","coordinates":[24.583278,46.560589]},"properties":{"n":"Centrul Regional de Transfuzie Sanguină Tg-Mureș","k":"amenity","v":"hospital","st":"Strada Molter Károly","hn":"2"}},{"type":"Feature","geometry":{"type":"Point","coordinates":[24.586514,46.563734]},"properties":{"n":"Lidl","k":"shop","v":"supermarket","st":"Bulevardul 22 Decembrie 1989","hn":"150-152"}},{"type":"Feature","geometry":{"type":"Point","coordinates":[24.598655,46.522787]},"properties":{"n":"Universitatea Sapientia","k":"amenity","v":"university","w":"https://ms.sapientia.ro/"}},{"type":"Feature","geometry":{"type":"Point","coordinates":[24.600563,46.528018]},"properties":{"n":"Dedeman","k":"shop","v":"doityourself","st":"Bulevardul 1 Decembrie 1918","hn":"307","oh":"Mo-Fr 08:00-21:00; Sa 08:00-20:00; Su 09:00-18:00","ph":"+40-234-525525","w":"https://www.dedeman.ro/"}},{"type":"Feature","geometry":{"type":"Point","coordinates":[24.595148,46.533387]},"properties":{"n":"Romstal","k":"shop","v":"trade","st":"Bulevardul 1 Decembrie 1918","hn":"283","oh":"Mo-Fr 08:00-18:30; Sa 09:00-14:00","ph":"+40-265-255234","w":"https://www.romstal.ro/"}},{"type":"Feature","geometry":{"type":"Point","coordinates":[24.593549,46.531137]},"properties":{"n":"MOL","k":"amenity","v":"fuel","st":"Bulevardul 1 Decembrie 1918","hn":"240"}},{"type":"Feature","geometry":{"type":"Point","coordinates":[24.592358,46.533269]},"properties":{"n":"Agora Hotel","k":"tourism","v":"hotel","st":"Strada Regele Ferdinand","hn":"4","oh":"24/7","ph":"0744855655","w":"https://hotelagora.ro/"}},{"type":"Feature","geometry":{"type":"Point","coordinates":[24.59197,46.532983]},"properties":{"n":"Restaurant Agora","k":"amenity","v":"restaurant","st":"Strada Regele Ferdinand","hn":"4","ph":"0744556633","w":"https://hotelagora.ro/"}},{"type":"Feature","geometry":{"type":"Point","coordinates":[24.598596,46.531041]},"properties":{"n":"Atac Hiper Discount","k":"shop","v":"supermarket","st":"Bulevardul 1 Decembrie 1918","hn":"291","oh":"Mo-Su 08:00-22:00","ph":"+40-750-222195","w":"https://www.auchan.ro/magazin/4b1b0eae-5373-11ed-83ab-0a813fc5d715"}},{"type":"Feature","geometry":{"type":"Point","coordinates":[24.598087,46.529244]},"properties":{"n":"Oltea Rent-A-Car","k":"amenity","v":"car_rental","st":"Bulevardul 1 Decembrie 1918","hn":"291D"}},{"type":"Feature","geometry":{"type":"Point","coordinates":[24.597065,46.532182]},"properties":{"n":"Brico Dépôt","k":"shop","v":"doityourself","st":"Bulevardul 1 Decembrie 1918","hn":"289","oh":"Mo-Sa 08:00-21:00; Su 08:00-20:00","ph":"+40-265-207120","w":"https://www.bricodepot.ro/"}},{"type":"Feature","geometry":{"type":"Point","coordinates":[24.60448,46.522207]},"properties":{"n":"Rompetrol","k":"amenity","v":"fuel","oh":"24/7","ph":"+40 372 722 320","w":"https://www.rompetrol.ro/"}},{"type":"Feature","geometry":{"type":"Point","coordinates":[24.605773,46.521636]},"properties":{"n":"AutoTop VW Dealer","k":"shop","v":"car"}},{"type":"Feature","geometry":{"type":"Point","coordinates":[24.592261,46.535547]},"properties":{"n":"Piața Diamant","k":"amenity","v":"marketplace"}},{"type":"Feature","geometry":{"type":"Point","coordinates":[24.592947,46.534374]},"properties":{"n":"Gold Gym Tudor","k":"leisure","v":"fitness_centre"}},{"type":"Feature","geometry":{"type":"Point","coordinates":[24.59543,46.535299]},"properties":{"n":"Tordai","k":"shop","v":"butcher","st":"Strada Livezeni","hn":"8A"}},{"type":"Feature","geometry":{"type":"Point","coordinates":[24.590362,46.53416]},"properties":{"n":"Gruber","k":"amenity","v":"pub"}},{"type":"Feature","geometry":{"type":"Point","coordinates":[24.594779,46.534759]},"properties":{"n":"Kaufland","k":"shop","v":"supermarket","st":"Strada Livezeni","hn":"6A","oh":"Mo-Sa 07:00-23:00; Su 08:00-20:00","ph":"+40-370-303901","w":"https://www.kaufland.ro/utile/magazin/tg-mures-tudorvladimirescu-3970.html"}},{"type":"Feature","geometry":{"type":"Point","coordinates":[24.593854,46.534576]},"properties":{"n":"Lidl","k":"shop","v":"supermarket","oh":"Mo-Sa 07:30-22:00; Su 08:00-21:00","w":"https://www.lidl.ro/"}},{"type":"Feature","geometry":{"type":"Point","coordinates":[24.623146,46.545121]},"properties":{"n":"Clinica de Medicină Hiperbară","k":"amenity","v":"clinic","hn":"313"}},{"type":"Feature","geometry":{"type":"Point","coordinates":[24.590004,46.551861]},"properties":{"n":"Bilete","k":"tourism","v":"information","alt":["Belépők"]}},{"type":"Feature","geometry":{"type":"Point","coordinates":[24.594618,46.551904]},"properties":{"n":"Grădina Zoologică Târgu Mureș","k":"tourism","v":"zoo","alt":["Marosvásárhelyi Állatkert","Târgu Mureș Zoological Garden"],"st":"Strada Verii","hn":"57","oh":"Apr-Sep 10:00-20:00; Oct-Mar 10:00-17:00","ph":"+40-265-236408","w":"https://www.zootirgumures.ro/"}},{"type":"Feature","geometry":{"type":"Point","coordinates":[24.60179,46.576796]},"properties":{"n":"Castelul Mariaffi","k":"historic","v":"castle","alt":["Máriaffi-kastély"]}},{"type":"Feature","geometry":{"type":"Point","coordinates":[24.604374,46.575783]},"properties":{"n":"Piața Sfântu Gheorghe","k":"leisure","v":"park"}},{"type":"Feature","geometry":{"type":"Point","coordinates":[24.607869,46.577356]},"properties":{"n":"Biserica ortodoxă","k":"amenity","v":"place_of_worship"}},{"type":"Feature","geometry":{"type":"Point","coordinates":[24.622624,46.593987]},"properties":{"n":"SELGROS cash & carry","k":"shop","v":"wholesale","alt":["SELGROS"],"st":"Strada Principală","hn":"591","oh":"Mo-Sa 06:00-22:00; Su 07:00-22:00","ph":"+40-265-205000","w":"https://www.selgros.ro/"}},{"type":"Feature","geometry":{"type":"Point","coordinates":[24.628451,46.596292]},"properties":{"n":"Marso","k":"shop","v":"tyres","alt":["S.C. MARSOROM S.R.L."],"st":"Principală","hn":"589","oh":"Mo-Fr 08:00-16:30","w":"https://www.marso.ro/service/service-uri-marso-2/01-service-targu-mures"}},{"type":"Feature","geometry":{"type":"Point","coordinates":[24.629182,46.595625]},"properties":{"n":"MOL","k":"amenity","v":"fuel","alt":["MOl Romania"],"st":"Principală","hn":"630B","oh":"24/7"}},{"type":"Feature","geometry":{"type":"Point","coordinates":[24.55713,46.543117]},"properties":{"n":"Palatul Prefecturii","k":"amenity","v":"public_building"}},{"type":"Feature","geometry":{"type":"Point","coordinates":[24.558023,46.543396]},"properties":{"n":"Palatul Culturii","k":"amenity","v":"theatre","alt":["Kultúrpalota"],"st":"Strada George Enescu","hn":"2"}},{"type":"Feature","geometry":{"type":"Point","coordinates":[24.587936,46.531794]},"properties":{"n":"Inspectoratul de Jandarmi Județean Mureș","k":"amenity","v":"police","alt":["Ministerul Afacerilor Interne"],"st":"Strada Apicultorilor","hn":"1","oh":"24/7"}},{"type":"Feature","geometry":{"type":"Point","coordinates":[24.564605,46.541904]},"properties":{"n":"Tribunalul Mureș","k":"amenity","v":"courthouse","st":"Strada Justiției","hn":"1"}},{"type":"Feature","geometry":{"type":"Point","coordinates":[24.565435,46.544352]},"properties":{"n":"Pista de alergare Bolyai","k":"leisure","v":"track"}},{"type":"Feature","geometry":{"type":"Point","coordinates":[24.570048,46.560113]},"properties":{"n":"Astoria","k":"amenity","v":"nightclub"}},{"type":"Feature","geometry":{"type":"Point","coordinates":[24.582924,46.55954]},"properties":{"n":"Spitalul Clinic Județean de Urgență","k":"amenity","v":"hospital","st":"Strada Gheorghe Marinescu","hn":"50","ph":"+40-265-212111","w":"http://www.spitjudms.ro/"}}]}